{
    "2": {
        "silhouette_score": 0.24884531119287637, 
        "labels": [
            0, 
            1, 
            0, 
            0, 
            0, 
            1, 
            1, 
            1, 
            1, 
            0, 
            1, 
            1, 
            1, 
            0, 
            0, 
            0, 
            0, 
            0, 
            0, 
            0, 
            0, 
            1
        ]
    }, 
    "3": {
        "silhouette_score": 0.25544608859657641, 
        "labels": [
            0, 
            1, 
            0, 
            0, 
            0, 
            1, 
            1, 
            1, 
            1, 
            0, 
            1, 
            1, 
            2, 
            0, 
            0, 
            0, 
            0, 
            0, 
            0, 
            0, 
            0, 
            1
        ]
    }, 
    "4": {
        "silhouette_score": 0.24960657346438514, 
        "labels": [
            3, 
            0, 
            1, 
            1, 
            1, 
            0, 
            0, 
            0, 
            0, 
            1, 
            0, 
            0, 
            2, 
            3, 
            1, 
            1, 
            3, 
            3, 
            1, 
            1, 
            1, 
            0
        ]
    }, 
    "5": {
        "silhouette_score": 0.23835237459574124, 
        "labels": [
            3, 
            4, 
            0, 
            1, 
            1, 
            4, 
            4, 
            4, 
            1, 
            0, 
            4, 
            4, 
            2, 
            1, 
            0, 
            0, 
            1, 
            1, 
            1, 
            1, 
            0, 
            4
        ]
    }, 
    "6": {
        "silhouette_score": 0.24559114181235506, 
        "labels": [
            4, 
            1, 
            2, 
            0, 
            0, 
            1, 
            1, 
            1, 
            5, 
            2, 
            1, 
            1, 
            3, 
            0, 
            2, 
            2, 
            0, 
            0, 
            0, 
            2, 
            2, 
            5
        ]
    }, 
    "7": {
        "silhouette_score": 0.24455184355538301, 
        "labels": [
            5, 
            1, 
            3, 
            0, 
            0, 
            4, 
            1, 
            1, 
            4, 
            3, 
            1, 
            4, 
            2, 
            0, 
            6, 
            3, 
            0, 
            0, 
            0, 
            3, 
            6, 
            4
        ]
    }, 
    "8": {
        "silhouette_score": 0.26792913788373146, 
        "labels": [
            3, 
            2, 
            7, 
            1, 
            1, 
            2, 
            2, 
            2, 
            0, 
            7, 
            2, 
            2, 
            5, 
            6, 
            4, 
            7, 
            6, 
            6, 
            1, 
            1, 
            4, 
            0
        ]
    }, 
    "9": {
        "silhouette_score": 0.2579176078973513, 
        "labels": [
            2, 
            3, 
            4, 
            1, 
            1, 
            0, 
            3, 
            3, 
            6, 
            4, 
            3, 
            0, 
            5, 
            7, 
            8, 
            4, 
            7, 
            7, 
            1, 
            1, 
            8, 
            6
        ]
    }, 
    "10": {
        "silhouette_score": 0.26810310012019467, 
        "labels": [
            3, 
            1, 
            8, 
            6, 
            6, 
            4, 
            1, 
            1, 
            5, 
            8, 
            1, 
            4, 
            7, 
            0, 
            2, 
            8, 
            0, 
            0, 
            9, 
            9, 
            2, 
            5
        ]
    }, 
    "11": {
        "silhouette_score": 0.26235851867864457, 
        "labels": [
            5, 
            4, 
            0, 
            2, 
            2, 
            7, 
            4, 
            4, 
            1, 
            0, 
            4, 
            7, 
            3, 
            9, 
            6, 
            10, 
            9, 
            9, 
            8, 
            8, 
            6, 
            1
        ]
    }, 
    "12": {
        "silhouette_score": 0.24517996256991792, 
        "labels": [
            4, 
            1, 
            7, 
            0, 
            0, 
            3, 
            1, 
            1, 
            9, 
            7, 
            1, 
            3, 
            2, 
            6, 
            5, 
            10, 
            6, 
            6, 
            11, 
            11, 
            8, 
            9
        ]
    }, 
    "13": {
        "silhouette_score": 0.22390998861185771, 
        "labels": [
            4, 
            1, 
            5, 
            8, 
            8, 
            11, 
            10, 
            10, 
            6, 
            5, 
            1, 
            11, 
            3, 
            2, 
            0, 
            9, 
            2, 
            2, 
            7, 
            7, 
            12, 
            6
        ]
    }, 
    "14": {
        "silhouette_score": 0.21458091444858374, 
        "labels": [
            4, 
            10, 
            1, 
            8, 
            8, 
            3, 
            12, 
            12, 
            6, 
            1, 
            10, 
            3, 
            5, 
            2, 
            0, 
            9, 
            2, 
            2, 
            7, 
            13, 
            11, 
            6
        ]
    }, 
    "15": {
        "silhouette_score": 0.19151931152606361, 
        "labels": [
            5, 
            9, 
            0, 
            8, 
            8, 
            12, 
            2, 
            2, 
            6, 
            0, 
            9, 
            7, 
            4, 
            1, 
            3, 
            11, 
            1, 
            1, 
            10, 
            13, 
            14, 
            6
        ]
    }, 
    "16": {
        "silhouette_score": 0.17382125948094534, 
        "labels": [
            5, 
            10, 
            4, 
            1, 
            1, 
            7, 
            2, 
            2, 
            0, 
            4, 
            10, 
            14, 
            3, 
            6, 
            12, 
            8, 
            6, 
            6, 
            11, 
            13, 
            9, 
            15
        ]
    }, 
    "17": {
        "silhouette_score": 0.14916373204447891, 
        "labels": [
            7, 
            1, 
            15, 
            10, 
            10, 
            14, 
            13, 
            13, 
            3, 
            8, 
            1, 
            6, 
            4, 
            0, 
            5, 
            2, 
            0, 
            0, 
            12, 
            9, 
            11, 
            16
        ]
    }, 
    "18": {
        "silhouette_score": 0.13330242070379633, 
        "labels": [
            4, 
            17, 
            8, 
            1, 
            1, 
            11, 
            0, 
            0, 
            15, 
            16, 
            12, 
            14, 
            2, 
            3, 
            10, 
            7, 
            3, 
            3, 
            9, 
            13, 
            6, 
            5
        ]
    }, 
    "19": {
        "silhouette_score": 0.12247496623609196,