{
    "2": {
        "silhouette_score": 0.38753307113137936, 
        "labels": [
            0, 
            0, 
            0, 
            1, 
            1, 
            0, 
            1, 
            1
        ]
    }, 
    "3": {
        "silhouette_score": 0.24058537517226808, 
        "labels": [
            1, 
            1, 
            0, 
            0, 
            0, 
            1, 
            0, 
            2
        ]
    }, 
    "4": {
        "silhouette_score": 0.060090744112695785, 
        "labels": [
            1, 
            3, 
            3, 
            0, 
            0, 
            3, 
            0, 
            2
        ]
    }, 
    "5": {
        "silhouette_score": 0.16543333205801466, 
        "labels": [
            2, 
            3, 
            0, 
            1, 
            1, 
            2, 
            1, 
            4
        ]
    }, 
    "6": {
        "silhouette_score": 0.08885000553339345, 
        "labels": [
            1, 
            3, 
            4, 
            2, 
            5, 
            3, 
            2, 
            0
        ]
    }, 
    "7": {
        "silhouette_score": 0.089233743649887759, 
        "labels": [
            0, 
            4, 
            3, 
            6, 
            5, 
            0, 
            1, 
            2
        ]
    }
}