{
    "2": {
        "silhouette_score": 0.50305085721252063, 
        "labels": [
            0, 
            0, 
            1, 
            1, 
            1, 
            0, 
            0, 
            1, 
            1
        ]
    }, 
    "3": {
        "silhouette_score": 0.44173066270248801, 
        "labels": [
            2, 
            1, 
            0, 
            0, 
            0, 
            2, 
            1, 
            0, 
            0
        ]
    }, 
    "4": {
        "silhouette_score": 0.32823507830604198, 
        "labels": [
            1, 
            2, 
            0, 
            0, 
            0, 
            1, 
            3, 
            0, 
            0
        ]
    }, 
    "5": {
        "silhouette_score": 0.092164722329050111, 
        "labels": [
            1, 
            2, 
            4, 
            4, 
            0, 
            3, 
            1, 
            4, 
            0
        ]
    }, 
    "6": {
        "silhouette_score": 0.071808198971624521, 
        "labels": [
            0, 
            2, 
            5, 
            5, 
            1, 
            3, 
            4, 
            5, 
            1
        ]
    }, 
    "7": {
        "silhouette_score": 0.054159894317711357, 
        "labels": [
            3, 
            5, 
            1, 
            1, 
            4, 
            2, 
            0, 
            4, 
            6
        ]
    }, 
    "8": {
        "silhouette_score": 0.057767133733161051, 
        "labels": [
            2, 
            0, 
            1, 
            1, 
            5, 
            3, 
            4, 
            6, 
            7
        ]
    }
}