{
    "2": {
        "silhouette_score": 0.2677879427858092, 
        "labels": [
            0, 
            1, 
            0, 
            0, 
            1, 
            0, 
            0, 
            0, 
            0, 
            0, 
            0, 
            1, 
            1, 
            0, 
            0, 
            1, 
            0
        ]
    }, 
    "3": {
        "silhouette_score": 0.27397576289691766, 
        "labels": [
            1, 
            2, 
            1, 
            1, 
            2, 
            1, 
            1, 
            1, 
            1, 
            1, 
            1, 
            0, 
            0, 
            1, 
            1, 
            2, 
            1
        ]
    }, 
    "4": {
        "silhouette_score": 0.16394310809776719, 
        "labels": [
            3, 
            1, 
            3, 
            0, 
            1, 
            3, 
            0, 
            0, 
            0, 
            0, 
            0, 
            2, 
            2, 
            0, 
            3, 
            1, 
            3
        ]
    }, 
    "5": {
        "silhouette_score": 0.17738791074177845, 
        "labels": [
            1, 
            0, 
            1, 
            1, 
            0, 
            1, 
            3, 
            3, 
            2, 
            2, 
            2, 
            4, 
            4, 
            3, 
            1, 
            0, 
            1
        ]
    }, 
    "6": {
        "silhouette_score": 0.15440537436339435, 
        "labels": [
            4, 
            0, 
            4, 
            1, 
            0, 
            4, 
            5, 
            5, 
            2, 
            1, 
            2, 
            3, 
            3, 
            5, 
            4, 
            0, 
            4
        ]
    }, 
    "7": {
        "silhouette_score": 0.14988764200826057, 
        "labels": [
            2, 
            0, 
            5, 
            3, 
            2, 
            2, 
            6, 
            6, 
            1, 
            3, 
            1, 
            4, 
            4, 
            6, 
            2, 
            0, 
            2
        ]
    }, 
    "8": {
        "silhouette_score": 0.12178300340029193, 
        "labels": [
            4, 
            3, 
            6, 
            4, 
            7, 
            4, 
            5, 
            5, 
            0, 
            4, 
            0, 
            2, 
            2, 
            5, 
            1, 
            3, 
            4
        ]
    }, 
    "9": {
        "silhouette_score": 0.12521907535309559, 
        "labels": [
            1, 
            5, 
            7, 
            6, 
            8, 
            1, 
            0, 
            0, 
            4, 
            6, 
            4, 
            2, 
            2, 
            0, 
            1, 
            3, 
            1
        ]
    }, 
    "10": {
        "silhouette_score": 0.11498692291746276, 
        "labels": [
            1, 
            6, 
            4, 
            1, 
            8, 
            1, 
            5, 
            5, 
            7, 
            0, 
            0, 
            2, 
            2, 
            5, 
            9, 
            3, 
            1
        ]
    }, 
    "11": {
        "silhouette_score": 0.10983729286721718, 
        "labels": [
            0, 
            1, 
            4, 
            10, 
            5, 
            0, 
            6, 
            6, 
            9, 
            2, 
            2, 
            3, 
            3, 
            6, 
            7, 
            8, 
            0
        ]
    }, 
    "12": {
        "silhouette_score": 0.10428386647572141, 
        "labels": [
            2, 
            10, 
            9, 
            1, 
            8, 
            2, 
            5, 
            5, 
            7, 
            1, 
            11, 
            0, 
            0, 
            4, 
            6, 
            3, 
            2
        ]
    }, 
    "13": {
        "silhouette_score": 0.093704834282206773, 
        "labels": [
            6, 
            0, 
            1, 
            2, 
            7, 
            3, 
            8, 
            8, 
            10, 
            2, 
            12, 
            4, 
            4, 
            5, 
            11, 
            9, 
            3
        ]
    }, 
    "14": {
        "silhouette_score": 0.088511867714622369, 
        "labels": [
            13, 
            2, 
            4, 
            11, 
            5, 
            1, 
            8, 
            8, 
            10, 
            12, 
            6, 
            0, 
            0, 
            3, 
            7, 
            9, 
            1
        ]
    }, 
    "15": {
        "silhouette_score": 0.044899020636545377, 
        "labels": [
            13, 
            2, 
            0, 
            12, 
            8, 
            1, 
            5, 
            5, 
            9, 
            10, 
            4, 
            14, 
            3, 
            11, 
            6, 
            7, 
            1
        ]
    }, 
    "16": {
        "silhouette_score": 0.034065914488764892, 
        "labels": [
            13, 
            9, 
            7, 
            0, 
            6, 
            15, 
            3, 
            3, 
            5, 
            12, 
            10, 
            14, 
            2, 
            11, 
            1, 
            4, 
            8
        ]
    }
}