{
    "2": {
        "silhouette_score": 0.41962868024863692, 
        "labels": [
            0, 
            1, 
            0, 
            1, 
            0, 
            0
        ]
    }, 
    "3": {
        "silhouette_score": 0.29955061934339883, 
        "labels": [
            1, 
            2, 
            1, 
            0, 
            1, 
            1
        ]
    }, 
    "4": {
        "silhouette_score": 0.16288965064716548, 
        "labels": [
            3, 
            1, 
            0, 
            2, 
            0, 
            0
        ]
    }, 
    "5": {
        "silhouette_score": 0.087302716212275297, 
        "labels": [
            4, 
            2, 
            3, 
            1, 
            0, 
            3
        ]
    }
}