{
    "2": {
        "silhouette_score": 0.22355887498952204, 
        "labels": [
            1, 
            1, 
            0, 
            0, 
            0, 
            0, 
            1, 
            1, 
            0, 
            0, 
            1, 
            1, 
            1, 
            1, 
            1, 
            1, 
            1, 
            0, 
            1, 
            1, 
            0, 
            0
        ]
    }, 
    "3": {
        "silhouette_score": 0.15250369735493657, 
        "labels": [
            2, 
            0, 
            1, 
            1, 
            1, 
            1, 
            0, 
            0, 
            1, 
            1, 
            0, 
            0, 
            2, 
            2, 
            2, 
            2, 
            2, 
            0, 
            2, 
            2, 
            1, 
            1
        ]
    }, 
    "4": {
        "silhouette_score": 0.14101547743423631, 
        "labels": [
            0, 
            1, 
            3, 
            3, 
            0, 
            0, 
            1, 
            1, 
            0, 
            0, 
            2, 
            1, 
            1, 
            1, 
            1, 
            1, 
            1, 
            3, 
            0, 
            1, 
            0, 
            0
        ]
    }, 
    "5": {
        "silhouette_score": 0.098682761026875412, 
        "labels": [
            2, 
            1, 
            0, 
            4, 
            4, 
            3, 
            1, 
            1, 
            4, 
            4, 
            1, 
            1, 
            1, 
            1, 
            2, 
            1, 
            1, 
            4, 
            2, 
            1, 
            4, 
            3
        ]
    }, 
    "6": {
        "silhouette_score": 0.15770093448170888, 
        "labels": [
            2, 
            0, 
            1, 
            1, 
            1, 
            2, 
            0, 
            4, 
            1, 
            1, 
            4, 
            0, 
            5, 
            0, 
            3, 
            0, 
            0, 
            1, 
            2, 
            0, 
            2, 
            1
        ]
    }, 
    "7": {
        "silhouette_score": 0.1328007602473549, 
        "labels": [
            1, 
            3, 
            0, 
            0, 
            5, 
            5, 
            4, 
            3, 
            5, 
            4, 
            2, 
            3, 
            6, 
            4, 
            1, 
            4, 
            3, 
            0, 
            4, 
            3, 
            5, 
            5
        ]
    }, 
    "8": {
        "silhouette_score": 0.053331225073005209, 
        "labels": [
            3, 
            1, 
            0, 
            4, 
            4, 
            3, 
            7, 
            2, 
            4, 
            4, 
            5, 
            1, 
            6, 
            2, 
            3, 
            7, 
            2, 
            4, 
            7, 
            2, 
            3, 
            4
        ]
    }, 
    "9": {
        "silhouette_score": 0.053423588778084327, 
        "labels": [
            1, 
            5, 
            2, 
            2, 
            4, 
            4, 
            5, 
            8, 
            4, 
            2, 
            0, 
            5, 
            7, 
            1, 
            3, 
            1, 
            8, 
            6, 
            1, 
            8, 
            4, 
            2
        ]
    }, 
    "10": {
        "silhouette_score": 0.041743713221256022, 
        "labels": [
            6, 
            1, 
            3, 
            3, 
            2, 
            7, 
            0, 
            1, 
            2, 
            8, 
            5, 
            1, 
            4, 
            7, 
            9, 
            7, 
            1, 
            3, 
            7, 
            1, 
            2, 
            3
        ]
    }, 
    "11": {
        "silhouette_score": 0.058892153086781633, 
        "labels": [
            10, 
            7, 
            4, 
            6, 
            1, 
            1, 
            0, 
            7, 
            1, 
            6, 
            3, 
            7, 
            8, 
            2, 
            5, 
            0, 
            7, 
            9, 
            2, 
            7, 
            1, 
            6
        ]
    }, 
    "12": {
        "silhouette_score": 0.010321134501599225, 
        "labels": [
            10, 
            11, 
            7, 
            8, 
            8, 
            8, 
            11, 
            2, 
            8, 
            1, 
            3, 
            11, 
            9, 
            0, 
            5, 
            10, 
            2, 
            4, 
            10, 
            2, 
            6, 
            8
        ]
    }, 
    "13": {
        "silhouette_score": 0.069090460824239072, 
        "labels": [
            9, 
            4, 
            5, 
            1, 
            1, 
            6, 
            2, 
            4, 
            1, 
            12, 
            3, 
            4, 
            8, 
            9, 
            0, 
            2, 
            9, 
            11, 
            9, 
            4, 
            7, 
            10
        ]
    }, 
    "14": {
        "silhouette_score": 0.096879778846557976, 
        "labels": [
            0, 
            1, 
            6, 
            2, 
            2, 
            9, 
            5, 
            11, 
            2, 
            3, 
            8, 
            1, 
            4, 
            1, 
            7, 
            5, 
            1, 
            10, 
            5, 
            1, 
            13, 
            12
        ]
    }, 
    "15": {
        "silhouette_score": 0.065495857516259651, 
        "labels": [
            3, 
            2, 
            10, 
            0, 
            14, 
            11, 
            1, 
            7, 
            14, 
            13, 
            4, 
            2, 
            8, 
            2, 
            9, 
            5, 
            2, 
            12, 
            5, 
            2, 
            6, 
            0
        ]
    }, 
    "16": {
        "silhouette_score": 0.048910235317169044, 
        "labels": [
            2, 
            0, 
            7, 
            1, 
            4, 
            12, 
            15, 
            11, 
            4, 
            8, 
            3, 
            13, 
            6, 
            0, 
            5, 
            9, 
            0, 
            14, 
            9, 
            0, 
            10, 
            1
        ]
    }, 
    "17": {
        "silhouette_score": 0.046505514773019604, 
        "labels": [
            11, 
            1, 
            2, 
            15, 
            7, 
            0, 
            14, 
            8, 
            7, 
            13, 
            9, 
            1, 
            6, 
            10, 
            3, 
            12, 
            1, 
            5, 
            12, 
            1, 
            16, 
            4
        ]
    }, 
    "18": {
        "silhouette_score": 0.032915446481908736, 
        "labels": [
            1, 
            2, 
            10, 
            0, 
            4, 
            15, 
            14, 
            11, 
            4, 
            12, 
            5, 
            16, 
            13, 
            8, 
            3, 
            17, 
            8, 
            7, 
            17, 
            8, 
            9, 
            6
        ]
    }, 
    "19": {
        "silhouette_score": 0.037169608211796663,