{
    "2": {
        "silhouette_score": 0.30762141624316386, 
        "labels": [
            0, 
            1, 
            0, 
            0, 
            0, 
            1, 
            0, 
            0
        ]
    }, 
    "3": {
        "silhouette_score": 0.29580889114958953, 
        "labels": [
            0, 
            2, 
            1, 
            0, 
            0, 
            2, 
            0, 
            0
        ]
    }, 
    "4": {
        "silhouette_score": 0.25510797717462652, 
        "labels": [
            0, 
            1, 
            3, 
            0, 
            2, 
            1, 
            0, 
            0
        ]
    }, 
    "5": {
        "silhouette_score": 0.24963285693777065, 
        "labels": [
            1, 
            3, 
            2, 
            0, 
            4, 
            3, 
            1, 
            1
        ]
    }, 
    "6": {
        "silhouette_score": 0.20472020474727082, 
        "labels": [
            0, 
            2, 
            1, 
            5, 
            4, 
            2, 
            0, 
            3
        ]
    }, 
    "7": {
        "silhouette_score": 0.14554457641439195, 
        "labels": [
            1, 
            0, 
            2, 
            4, 
            3, 
            0, 
            6, 
            5
        ]
    }
}