{
    "2": {
        "silhouette_score": 0.31092035172754007, 
        "labels": [
            0, 
            0, 
            0, 
            1, 
            0, 
            1, 
            0, 
            1, 
            0
        ]
    }, 
    "3": {
        "silhouette_score": 0.1881539115690776, 
        "labels": [
            1, 
            1, 
            0, 
            2, 
            2, 
            1, 
            0, 
            2, 
            1
        ]
    }, 
    "4": {
        "silhouette_score": 0.27805579128664903, 
        "labels": [
            0, 
            0, 
            3, 
            2, 
            0, 
            1, 
            3, 
            2, 
            0
        ]
    }, 
    "5": {
        "silhouette_score": 0.29409616696175811, 
        "labels": [
            1, 
            1, 
            3, 
            2, 
            0, 
            4, 
            3, 
            2, 
            0
        ]
    }, 
    "6": {
        "silhouette_score": 0.24188787237226675, 
        "labels": [
            1, 
            1, 
            0, 
            3, 
            4, 
            2, 
            5, 
            3, 
            4
        ]
    }, 
    "7": {
        "silhouette_score": 0.20431451510416498, 
        "labels": [
            0, 
            0, 
            2, 
            1, 
            5, 
            3, 
            6, 
            1, 
            4
        ]
    }, 
    "8": {
        "silhouette_score": 0.089963667834087005, 
        "labels": [
            0, 
            0, 
            3, 
            7, 
            5, 
            2, 
            6, 
            1, 
            4
        ]
    }
}