{
    "2": {
        "silhouette_score": 0.29666688809649389, 
        "labels": [
            0, 
            0, 
            1, 
            1, 
            1, 
            0, 
            0, 
            1, 
            1
        ]
    }, 
    "3": {
        "silhouette_score": 0.25430006505613612, 
        "labels": [
            1, 
            1, 
            2, 
            0, 
            2, 
            1, 
            1, 
            0, 
            2
        ]
    }, 
    "4": {
        "silhouette_score": 0.17605696186262676, 
        "labels": [
            1, 
            3, 
            0, 
            2, 
            2, 
            3, 
            1, 
            2, 
            0
        ]
    }, 
    "5": {
        "silhouette_score": 0.21001307054693494, 
        "labels": [
            1, 
            1, 
            4, 
            0, 
            3, 
            2, 
            1, 
            0, 
            3
        ]
    }, 
    "6": {
        "silhouette_score": 0.12593324591285227, 
        "labels": [
            4, 
            1, 
            3, 
            0, 
            0, 
            5, 
            4, 
            0, 
            2
        ]
    }, 
    "7": {
        "silhouette_score": 0.10879523533175746, 
        "labels": [
            1, 
            6, 
            5, 
            4, 
            2, 
            3, 
            1, 
            4, 
            0
        ]
    }, 
    "8": {
        "silhouette_score": 0.052586452657255922, 
        "labels": [
            0, 
            4, 
            5, 
            3, 
            1, 
            2, 
            0, 
            7, 
            6
        ]
    }
}