{
    "2": {
        "silhouette_score": 0.33044014889457202, 
        "labels": [
            0, 
            1, 
            0, 
            0, 
            1, 
            1, 
            0, 
            0
        ]
    }, 
    "3": {
        "silhouette_score": 0.39632658097925089, 
        "labels": [
            2, 
            1, 
            0, 
            2, 
            1, 
            1, 
            2, 
            2
        ]
    }, 
    "4": {
        "silhouette_score": 0.33367830423157574, 
        "labels": [
            1, 
            0, 
            2, 
            3, 
            0, 
            0, 
            1, 
            1
        ]
    }, 
    "5": {
        "silhouette_score": 0.32692027957343728, 
        "labels": [
            2, 
            0, 
            3, 
            1, 
            4, 
            0, 
            2, 
            2
        ]
    }, 
    "6": {
        "silhouette_score": 0.25945420795618779, 
        "labels": [
            4, 
            0, 
            3, 
            5, 
            2, 
            0, 
            4, 
            1
        ]
    }, 
    "7": {
        "silhouette_score": 0.18784657449535658, 
        "labels": [
            3, 
            1, 
            2, 
            0, 
            4, 
            1, 
            6, 
            5
        ]
    }
}