{
    "2": {
        "silhouette_score": 0.25225314163074247, 
        "labels": [
            1, 
            1, 
            1, 
            0, 
            1, 
            1
        ]
    }, 
    "3": {
        "silhouette_score": 0.10487232932170724, 
        "labels": [
            0, 
            2, 
            2, 
            1, 
            2, 
            0
        ]
    }, 
    "4": {
        "silhouette_score": 0.073657319895020681, 
        "labels": [
            1, 
            2, 
            2, 
            0, 
            3, 
            1
        ]
    }, 
    "5": {
        "silhouette_score": 0.019615338308713093, 
        "labels": [
            4, 
            3, 
            1, 
            2, 
            0, 
            3
        ]
    }
}