{
    "2": {
        "silhouette_score": 0.11046062379408954, 
        "labels": [
            0, 
            1, 
            0, 
            1, 
            1, 
            1, 
            1, 
            1, 
            0
        ]
    }, 
    "3": {
        "silhouette_score": 0.096681704592388576, 
        "labels": [
            0, 
            1, 
            0, 
            1, 
            1, 
            2, 
            1, 
            1, 
            0
        ]
    }, 
    "4": {
        "silhouette_score": 0.087319196459261575, 
        "labels": [
            2, 
            1, 
            2, 
            1, 
            1, 
            3, 
            1, 
            1, 
            0
        ]
    }, 
    "5": {
        "silhouette_score": 0.048415540818958797, 
        "labels": [
            0, 
            1, 
            4, 
            1, 
            1, 
            2, 
            1, 
            1, 
            3
        ]
    }, 
    "6": {
        "silhouette_score": 0.043805052380057212, 
        "labels": [
            1, 
            0, 
            1, 
            5, 
            3, 
            4, 
            0, 
            3, 
            2
        ]
    }, 
    "7": {
        "silhouette_score": 0.034117011586227736, 
        "labels": [
            0, 
            1, 
            6, 
            3, 
            5, 
            2, 
            1, 
            5, 
            4
        ]
    }, 
    "8": {
        "silhouette_score": 0.028618796094910321, 
        "labels": [
            5, 
            4, 
            0, 
            6, 
            1, 
            2, 
            7, 
            1, 
            3
        ]
    }
}