{
    "2": {
        "silhouette_score": 0.29756491418567355, 
        "labels": [
            0, 
            1, 
            1, 
            1, 
            0, 
            0, 
            1, 
            1, 
            1, 
            1, 
            1, 
            1, 
            1, 
            0, 
            1, 
            0, 
            0, 
            0, 
            1, 
            1, 
            1, 
            1
        ]
    }, 
    "3": {
        "silhouette_score": 0.29887860944855993, 
        "labels": [
            1, 
            0, 
            0, 
            0, 
            0, 
            1, 
            0, 
            0, 
            0, 
            0, 
            0, 
            0, 
            2, 
            1, 
            0, 
            1, 
            1, 
            1, 
            0, 
            0, 
            0, 
            0
        ]
    }, 
    "4": {
        "silhouette_score": 0.2315229209382185, 
        "labels": [
            0, 
            1, 
            1, 
            2, 
            2, 
            2, 
            1, 
            1, 
            1, 
            1, 
            1, 
            1, 
            3, 
            2, 
            1, 
            2, 
            2, 
            2, 
            2, 
            1, 
            1, 
            1
        ]
    }, 
    "5": {
        "silhouette_score": 0.17154116481694745, 
        "labels": [
            4, 
            3, 
            3, 
            0, 
            0, 
            0, 
            3, 
            3, 
            3, 
            3, 
            3, 
            3, 
            1, 
            2, 
            3, 
            0, 
            2, 
            2, 
            0, 
            0, 
            3, 
            0
        ]
    }, 
    "6": {
        "silhouette_score": 0.17105042718382227, 
        "labels": [
            5, 
            3, 
            0, 
            4, 
            4, 
            1, 
            3, 
            3, 
            3, 
            0, 
            3, 
            3, 
            2, 
            1, 
            0, 
            1, 
            1, 
            1, 
            4, 
            4, 
            0, 
            4
        ]
    }, 
    "7": {
        "silhouette_score": 0.17257200524802777, 
        "labels": [
            6, 
            0, 
            3, 
            5, 
            5, 
            1, 
            0, 
            0, 
            0, 
            3, 
            0, 
            0, 
            2, 
            4, 
            3, 
            1, 
            1, 
            1, 
            5, 
            5, 
            3, 
            5
        ]
    }, 
    "8": {
        "silhouette_score": 0.20225835056100261, 
        "labels": [
            2, 
            5, 
            1, 
            7, 
            7, 
            4, 
            5, 
            6, 
            5, 
            1, 
            6, 
            5, 
            3, 
            0, 
            1, 
            4, 
            4, 
            0, 
            7, 
            7, 
            1, 
            5
        ]
    }, 
    "9": {
        "silhouette_score": 0.19385728997512167, 
        "labels": [
            6, 
            7, 
            1, 
            3, 
            3, 
            0, 
            7, 
            5, 
            7, 
            1, 
            5, 
            7, 
            2, 
            4, 
            1, 
            0, 
            8, 
            8, 
            3, 
            3, 
            1, 
            3
        ]
    }, 
    "10": {
        "silhouette_score": 0.16736530493664725, 
        "labels": [
            1, 
            3, 
            3, 
            6, 
            6, 
            8, 
            3, 
            5, 
            7, 
            3, 
            5, 
            7, 
            4, 
            9, 
            6, 
            8, 
            2, 
            2, 
            0, 
            0, 
            5, 
            7
        ]
    }, 
    "11": {
        "silhouette_score": 0.17187928431628438, 
        "labels": [
            3, 
            0, 
            0, 
            10, 
            10, 
            1, 
            5, 
            2, 
            5, 
            0, 
            2, 
            5, 
            6, 
            7, 
            8, 
            1, 
            9, 
            9, 
            4, 
            4, 
            2, 
            5
        ]
    }, 
    "12": {
        "silhouette_score": 0.17372645326530664, 
        "labels": [
            5, 
            7, 
            2, 
            9, 
            9, 
            0, 
            7, 
            1, 
            10, 
            2, 
            1, 
            7, 
            4, 
            11, 
            8, 
            0, 
            3, 
            3, 
            6, 
            6, 
            2, 
            6
        ]
    }, 
    "13": {
        "silhouette_score": 0.15393963347562772, 
        "labels": [
            7, 
            11, 
            11, 
            9, 
            9, 
            2, 
            4, 
            10, 
            0, 
            4, 
            10, 
            0, 
            5, 
            6, 
            12, 
            2, 
            3, 
            3, 
            8, 
            8, 
            1, 
            8
        ]
    }, 
    "14": {
        "silhouette_score": 0.17431150255241651, 
        "labels": [
            2, 
            9, 
            9, 
            0, 
            0, 
            7, 
            10, 
            1, 
            12, 
            3, 
            1, 
            10, 
            6, 
            5, 
            13, 
            7, 
            8, 
            8, 
            11, 
            11, 
            3, 
            4
        ]
    }, 
    "15": {
        "silhouette_score": 0.1293827366607859, 
        "labels": [
            3, 
            10, 
            10, 
            1, 
            1, 
            8, 
            5, 
            2, 
            13, 
            9, 
            2, 
            5, 
            4, 
            6, 
            11, 
            8, 
            0, 
            14, 
            1, 
            12, 
            7, 
            12
        ]
    }, 
    "16": {
        "silhouette_score": 0.11353329807767239, 
        "labels": [
            4, 
            0, 
            0, 
            3, 
            3, 
            1, 
            10, 
            9, 
            13, 
            15, 
            9, 
            10, 
            2, 
            6, 
            11, 
            1, 
            14, 
            8, 
            3, 
            12, 
            5, 
            7
        ]
    }, 
    "17": {
        "silhouette_score": 0.11328317511578115, 
        "labels": [
            6, 
            7, 
            7, 
            4, 
            4, 
            13, 
            0, 
            5, 
            12, 
            11, 
            5, 
            0, 
            3, 
            8, 
            10, 
            1, 
            14, 
            2, 
            16, 
            16, 
            15, 
            9
        ]
    }, 
    "18": {
        "silhouette_score": 0.10392389330386019, 
        "labels": [
            3, 
            4, 
            17, 
            13, 
            13, 
            16, 
            10, 
            7, 
            6, 
            0, 
            7, 
            10, 
            5, 
            1, 
            11, 
            9, 
            2, 
            14, 
            8, 
            8, 
            15, 
            12
        ]
    }, 
    "19": {
        "silhouette_score": 0.095070726838518999,