{
    "2": {
        "silhouette_score": 0.19717547025266924, 
        "labels": [
            1, 
            0, 
            0, 
            1, 
            1, 
            0
        ]
    }, 
    "3": {
        "silhouette_score": 0.21874808627054235, 
        "labels": [
            0, 
            1, 
            1, 
            2, 
            0, 
            1
        ]
    }, 
    "4": {
        "silhouette_score": 0.28045715580446773, 
        "labels": [
            0, 
            3, 
            2, 
            1, 
            0, 
            2
        ]
    }, 
    "5": {
        "silhouette_score": 0.13155492879417507, 
        "labels": [
            1, 
            4, 
            0, 
            2, 
            3, 
            0
        ]
    }
}