{
    "2": {
        "silhouette_score": 0.16398596567837845, 
        "labels": [
            0, 
            1, 
            0, 
            0, 
            1, 
            1, 
            0, 
            0, 
            0, 
            1, 
            0, 
            1, 
            0, 
            0, 
            0, 
            0, 
            0
        ]
    }, 
    "3": {
        "silhouette_score": 0.18376416359966999, 
        "labels": [
            0, 
            2, 
            2, 
            2, 
            2, 
            0, 
            1, 
            1, 
            0, 
            0, 
            1, 
            2, 
            2, 
            2, 
            0, 
            2, 
            2
        ]
    }, 
    "4": {
        "silhouette_score": 0.18091502662506037, 
        "labels": [
            1, 
            0, 
            1, 
            1, 
            0, 
            2, 
            0, 
            0, 
            3, 
            2, 
            1, 
            1, 
            1, 
            1, 
            3, 
            0, 
            1
        ]
    }, 
    "5": {
        "silhouette_score": 0.18193960334153869, 
        "labels": [
            1, 
            0, 
            2, 
            1, 
            0, 
            4, 
            2, 
            2, 
            3, 
            4, 
            2, 
            1, 
            1, 
            1, 
            3, 
            2, 
            1
        ]
    }, 
    "6": {
        "silhouette_score": 0.15857983076554993, 
        "labels": [
            0, 
            3, 
            1, 
            0, 
            1, 
            4, 
            2, 
            2, 
            5, 
            4, 
            0, 
            1, 
            1, 
            0, 
            5, 
            3, 
            1
        ]
    }, 
    "7": {
        "silhouette_score": 0.13188015066904171, 
        "labels": [
            1, 
            5, 
            5, 
            1, 
            6, 
            2, 
            4, 
            4, 
            3, 
            2, 
            1, 
            1, 
            1, 
            1, 
            3, 
            0, 
            1
        ]
    }, 
    "8": {
        "silhouette_score": 0.17035635548114295, 
        "labels": [
            5, 
            4, 
            1, 
            5, 
            3, 
            2, 
            6, 
            6, 
            0, 
            2, 
            5, 
            1, 
            1, 
            5, 
            0, 
            7, 
            1
        ]
    }, 
    "9": {
        "silhouette_score": 0.10303644505345985, 
        "labels": [
            3, 
            7, 
            2, 
            2, 
            6, 
            1, 
            0, 
            0, 
            8, 
            8, 
            4, 
            2, 
            2, 
            3, 
            8, 
            5, 
            2
        ]
    }, 
    "10": {
        "silhouette_score": 0.09940914805839958, 
        "labels": [
            1, 
            6, 
            2, 
            2, 
            5, 
            8, 
            0, 
            0, 
            7, 
            3, 
            4, 
            2, 
            2, 
            1, 
            1, 
            9, 
            2
        ]
    }, 
    "11": {
        "silhouette_score": 0.081720553664592743, 
        "labels": [
            0, 
            6, 
            2, 
            0, 
            4, 
            5, 
            1, 
            8, 
            10, 
            9, 
            8, 
            2, 
            2, 
            0, 
            3, 
            7, 
            2
        ]
    }, 
    "12": {
        "silhouette_score": 0.055019509549564936, 
        "labels": [
            8, 
            5, 
            2, 
            2, 
            6, 
            4, 
            11, 
            0, 
            3, 
            1, 
            7, 
            2, 
            2, 
            8, 
            10, 
            9, 
            2
        ]
    }, 
    "13": {
        "silhouette_score": 0.076723751840630641, 
        "labels": [
            9, 
            4, 
            2, 
            3, 
            8, 
            7, 
            0, 
            0, 
            11, 
            6, 
            5, 
            12, 
            3, 
            9, 
            1, 
            10, 
            3
        ]
    }, 
    "14": {
        "silhouette_score": 0.010271637620952373, 
        "labels": [
            10, 
            7, 
            0, 
            2, 
            4, 
            3, 
            11, 
            8, 
            1, 
            5, 
            6, 
            2, 
            2, 
            9, 
            12, 
            13, 
            2
        ]
    }, 
    "15": {
        "silhouette_score": 0.018116532813455717, 
        "labels": [
            14, 
            6, 
            13, 
            4, 
            8, 
            3, 
            12, 
            0, 
            11, 
            9, 
            5, 
            1, 
            4, 
            7, 
            2, 
            10, 
            4
        ]
    }, 
    "16": {
        "silhouette_score": 0.039017226799004545, 
        "labels": [
            9, 
            5, 
            13, 
            15, 
            2, 
            4, 
            12, 
            3, 
            10, 
            6, 
            7, 
            11, 
            0, 
            14, 
            1, 
            8, 
            0
        ]
    }
}