{
    "2": {
        "silhouette_score": 0.52115338598896699, 
        "labels": [
            0, 
            0, 
            0, 
            0, 
            0, 
            0, 
            0, 
            0, 
            0, 
            1, 
            0, 
            0, 
            0, 
            0, 
            1, 
            0, 
            0
        ]
    }, 
    "3": {
        "silhouette_score": 0.22004182192256924, 
        "labels": [
            2, 
            2, 
            2, 
            2, 
            2, 
            2, 
            2, 
            2, 
            0, 
            1, 
            0, 
            2, 
            0, 
            0, 
            1, 
            2, 
            2
        ]
    }, 
    "4": {
        "silhouette_score": 0.095411326570125271, 
        "labels": [
            3, 
            1, 
            1, 
            3, 
            3, 
            1, 
            1, 
            3, 
            0, 
            2, 
            0, 
            1, 
            0, 
            0, 
            1, 
            0, 
            3
        ]
    }, 
    "5": {
        "silhouette_score": 0.13411730622503154, 
        "labels": [
            0, 
            4, 
            0, 
            4, 
            0, 
            4, 
            0, 
            0, 
            2, 
            1, 
            2, 
            4, 
            2, 
            2, 
            3, 
            4, 
            0
        ]
    }, 
    "6": {
        "silhouette_score": 0.12407813169239633, 
        "labels": [
            0, 
            4, 
            5, 
            2, 
            0, 
            4, 
            4, 
            0, 
            2, 
            1, 
            2, 
            4, 
            2, 
            2, 
            3, 
            4, 
            0
        ]
    }, 
    "7": {
        "silhouette_score": 0.10258570929254651, 
        "labels": [
            4, 
            2, 
            4, 
            6, 
            0, 
            4, 
            4, 
            0, 
            3, 
            1, 
            2, 
            4, 
            3, 
            3, 
            5, 
            2, 
            0
        ]
    }, 
    "8": {
        "silhouette_score": 0.057505371157539301, 
        "labels": [
            6, 
            6, 
            5, 
            7, 
            3, 
            2, 
            6, 
            3, 
            0, 
            1, 
            0, 
            6, 
            0, 
            0, 
            4, 
            0, 
            6
        ]
    }, 
    "9": {
        "silhouette_score": 0.085992189701371, 
        "labels": [
            5, 
            2, 
            7, 
            2, 
            0, 
            5, 
            5, 
            0, 
            8, 
            1, 
            6, 
            5, 
            4, 
            4, 
            3, 
            2, 
            5
        ]
    }, 
    "10": {
        "silhouette_score": 0.045131717622624634, 
        "labels": [
            1, 
            7, 
            0, 
            5, 
            6, 
            9, 
            1, 
            6, 
            2, 
            4, 
            8, 
            1, 
            2, 
            2, 
            3, 
            7, 
            1
        ]
    }, 
    "11": {
        "silhouette_score": 0.0243244004559202, 
        "labels": [
            0, 
            4, 
            8, 
            9, 
            7, 
            10, 
            10, 
            7, 
            5, 
            1, 
            4, 
            6, 
            2, 
            2, 
            3, 
            4, 
            10
        ]
    }, 
    "12": {
        "silhouette_score": 0.04489119824687865, 
        "labels": [
            2, 
            0, 
            6, 
            8, 
            7, 
            9, 
            5, 
            11, 
            10, 
            1, 
            0, 
            5, 
            4, 
            4, 
            3, 
            0, 
            7
        ]
    }, 
    "13": {
        "silhouette_score": 0.071298933987106516, 
        "labels": [
            3, 
            4, 
            9, 
            7, 
            8, 
            11, 
            1, 
            8, 
            5, 
            2, 
            10, 
            1, 
            0, 
            0, 
            6, 
            4, 
            12
        ]
    }, 
    "14": {
        "silhouette_score": 0.029113331667797879, 
        "labels": [
            5, 
            1, 
            7, 
            10, 
            9, 
            12, 
            5, 
            11, 
            8, 
            3, 
            0, 
            5, 
            6, 
            6, 
            2, 
            13, 
            4
        ]
    }, 
    "15": {
        "silhouette_score": 0.0033931947995329559, 
        "labels": [
            1, 
            13, 
            7, 
            8, 
            4, 
            0, 
            1, 
            12, 
            11, 
            2, 
            5, 
            1, 
            3, 
            14, 
            6, 
            9, 
            10
        ]
    }, 
    "16": {
        "silhouette_score": 0.025259921950135888, 
        "labels": [
            5, 
            14, 
            8, 
            7, 
            4, 
            11, 
            2, 
            13, 
            10, 
            3, 
            9, 
            2, 
            15, 
            0, 
            1, 
            6, 
            12
        ]
    }
}