{
    "2": {
        "silhouette_score": 0.16614072560572957, 
        "labels": [
            1, 
            0, 
            1, 
            0, 
            0, 
            0, 
            0, 
            1, 
            1, 
            0, 
            1, 
            1, 
            1, 
            1, 
            0, 
            0, 
            0
        ]
    }, 
    "3": {
        "silhouette_score": 0.44545928681752089, 
        "labels": [
            0, 
            0, 
            1, 
            0, 
            0, 
            0, 
            0, 
            0, 
            1, 
            0, 
            0, 
            0, 
            0, 
            0, 
            2, 
            0, 
            0
        ]
    }, 
    "4": {
        "silhouette_score": 0.084428228892272833, 
        "labels": [
            0, 
            1, 
            3, 
            1, 
            1, 
            1, 
            1, 
            0, 
            3, 
            1, 
            1, 
            0, 
            0, 
            0, 
            2, 
            1, 
            1
        ]
    }, 
    "5": {
        "silhouette_score": 0.32129856191563338, 
        "labels": [
            3, 
            3, 
            4, 
            2, 
            2, 
            3, 
            3, 
            3, 
            0, 
            3, 
            3, 
            3, 
            3, 
            3, 
            1, 
            3, 
            3
        ]
    }, 
    "6": {
        "silhouette_score": 0.13108540789568218, 
        "labels": [
            3, 
            0, 
            4, 
            5, 
            0, 
            0, 
            0, 
            3, 
            1, 
            0, 
            3, 
            3, 
            3, 
            3, 
            2, 
            3, 
            3
        ]
    }, 
    "7": {
        "silhouette_score": 0.12750304898003426, 
        "labels": [
            2, 
            2, 
            3, 
            5, 
            0, 
            4, 
            2, 
            2, 
            1, 
            2, 
            6, 
            2, 
            2, 
            2, 
            0, 
            2, 
            2
        ]
    }, 
    "8": {
        "silhouette_score": 0.18292941168406487, 
        "labels": [
            0, 
            0, 
            4, 
            7, 
            1, 
            3, 
            0, 
            0, 
            2, 
            1, 
            5, 
            0, 
            0, 
            0, 
            6, 
            0, 
            3
        ]
    }, 
    "9": {
        "silhouette_score": 0.11561029672229207, 
        "labels": [
            0, 
            6, 
            5, 
            4, 
            1, 
            7, 
            6, 
            6, 
            3, 
            1, 
            8, 
            6, 
            6, 
            6, 
            2, 
            6, 
            7
        ]
    }, 
    "10": {
        "silhouette_score": 0.049709081916777635, 
        "labels": [
            8, 
            0, 
            3, 
            4, 
            5, 
            6, 
            0, 
            9, 
            1, 
            0, 
            7, 
            8, 
            9, 
            8, 
            2, 
            0, 
            0
        ]
    }, 
    "11": {
        "silhouette_score": 0.060615665986473333, 
        "labels": [
            6, 
            0, 
            1, 
            3, 
            8, 
            10, 
            6, 
            9, 
            2, 
            0, 
            5, 
            6, 
            9, 
            6, 
            4, 
            0, 
            7
        ]
    }, 
    "12": {
        "silhouette_score": 0.056841279564653555, 
        "labels": [
            8, 
            1, 
            3, 
            6, 
            0, 
            7, 
            5, 
            11, 
            2, 
            1, 
            9, 
            5, 
            11, 
            5, 
            4, 
            1, 
            10
        ]
    }, 
    "13": {
        "silhouette_score": 0.057683071336374236, 
        "labels": [
            0, 
            4, 
            2, 
            6, 
            1, 
            9, 
            12, 
            11, 
            3, 
            10, 
            8, 
            11, 
            11, 
            4, 
            5, 
            4, 
            7
        ]
    }, 
    "14": {
        "silhouette_score": 0.090464018598110596, 
        "labels": [
            12, 
            11, 
            2, 
            6, 
            7, 
            10, 
            1, 
            13, 
            3, 
            8, 
            0, 
            5, 
            13, 
            5, 
            4, 
            11, 
            9
        ]
    }, 
    "15": {
        "silhouette_score": 0.060601715249860653, 
        "labels": [
            13, 
            4, 
            3, 
            2, 
            7, 
            8, 
            9, 
            12, 
            5, 
            11, 
            6, 
            0, 
            12, 
            14, 
            1, 
            4, 
            10
        ]
    }, 
    "16": {
        "silhouette_score": 0.038060325034423616, 
        "labels": [
            15, 
            9, 
            1, 
            6, 
            8, 
            7, 
            12, 
            13, 
            4, 
            0, 
            5, 
            3, 
            14, 
            11, 
            2, 
            9, 
            10
        ]
    }
}