{
    "2": {
        "silhouette_score": 0.24884531119287648, 
        "labels": [
            0, 
            1, 
            0, 
            0, 
            0, 
            1, 
            1, 
            1, 
            1, 
            0, 
            1, 
            1, 
            1, 
            0, 
            0, 
            0, 
            0, 
            0, 
            0, 
            0, 
            0, 
            1
        ]
    }, 
    "3": {
        "silhouette_score": 0.25544608859657647, 
        "labels": [
            1, 
            2, 
            1, 
            1, 
            1, 
            2, 
            2, 
            2, 
            2, 
            1, 
            2, 
            2, 
            0, 
            1, 
            1, 
            1, 
            1, 
            1, 
            1, 
            1, 
            1, 
            2
        ]
    }, 
    "4": {
        "silhouette_score": 0.26976388722904915, 
        "labels": [
            0, 
            1, 
            2, 
            2, 
            2, 
            1, 
            1, 
            1, 
            1, 
            2, 
            1, 
            1, 
            3, 
            2, 
            2, 
            2, 
            2, 
            2, 
            2, 
            2, 
            2, 
            1
        ]
    }, 
    "5": {
        "silhouette_score": 0.24599161573279849, 
        "labels": [
            3, 
            0, 
            1, 
            2, 
            2, 
            0, 
            0, 
            0, 
            0, 
            1, 
            0, 
            0, 
            4, 
            2, 
            1, 
            1, 
            2, 
            2, 
            2, 
            2, 
            1, 
            0
        ]
    }, 
    "6": {
        "silhouette_score": 0.23966740960813651, 
        "labels": [
            3, 
            2, 
            4, 
            1, 
            1, 
            2, 
            2, 
            2, 
            2, 
            4, 
            2, 
            2, 
            5, 
            1, 
            0, 
            4, 
            1, 
            1, 
            1, 
            4, 
            0, 
            2
        ]
    }, 
    "7": {
        "silhouette_score": 0.23501318493302906, 
        "labels": [
            3, 
            1, 
            0, 
            0, 
            0, 
            4, 
            1, 
            1, 
            4, 
            0, 
            1, 
            1, 
            2, 
            6, 
            5, 
            0, 
            6, 
            6, 
            0, 
            0, 
            5, 
            4
        ]
    }, 
    "8": {
        "silhouette_score": 0.24545339444426537, 
        "labels": [
            4, 
            7, 
            0, 
            1, 
            1, 
            2, 
            7, 
            7, 
            5, 
            0, 
            7, 
            2, 
            6, 
            1, 
            3, 
            0, 
            1, 
            1, 
            1, 
            0, 
            3, 
            5
        ]
    }, 
    "9": {
        "silhouette_score": 0.25791760789735146, 
        "labels": [
            4, 
            8, 
            5, 
            1, 
            1, 
            2, 
            8, 
            8, 
            6, 
            5, 
            8, 
            2, 
            0, 
            7, 
            3, 
            5, 
            7, 
            7, 
            1, 
            1, 
            3, 
            6
        ]
    }, 
    "10": {
        "silhouette_score": 0.26810310012019484, 
        "labels": [
            0, 
            1, 
            9, 
            8, 
            8, 
            5, 
            1, 
            1, 
            7, 
            9, 
            1, 
            5, 
            4, 
            3, 
            2, 
            9, 
            3, 
            3, 
            6, 
            6, 
            2, 
            7
        ]
    }, 
    "11": {
        "silhouette_score": 0.26235851867864479, 
        "labels": [
            4, 
            2, 
            7, 
            6, 
            6, 
            9, 
            2, 
            2, 
            5, 
            7, 
            2, 
            9, 
            3, 
            1, 
            8, 
            0, 
            1, 
            1, 
            10, 
            10, 
            8, 
            5
        ]
    }, 
    "12": {
        "silhouette_score": 0.24517996256991825, 
        "labels": [
            4, 
            5, 
            0, 
            8, 
            8, 
            2, 
            5, 
            5, 
            7, 
            0, 
            5, 
            2, 
            3, 
            1, 
            6, 
            11, 
            1, 
            1, 
            10, 
            10, 
            9, 
            7
        ]
    }, 
    "13": {
        "silhouette_score": 0.21669374433580654, 
        "labels": [
            4, 
            3, 
            7, 
            1, 
            1, 
            0, 
            12, 
            12, 
            6, 
            7, 
            3, 
            12, 
            2, 
            5, 
            11, 
            9, 
            5, 
            5, 
            10, 
            10, 
            8, 
            6
        ]
    }, 
    "14": {
        "silhouette_score": 0.21458091444858426, 
        "labels": [
            5, 
            10, 
            8, 
            7, 
            7, 
            9, 
            0, 
            0, 
            4, 
            8, 
            10, 
            9, 
            3, 
            1, 
            6, 
            2, 
            1, 
            1, 
            13, 
            11, 
            12, 
            4
        ]
    }, 
    "15": {
        "silhouette_score": 0.19151931152606425, 
        "labels": [
            3, 
            6, 
            0, 
            2, 
            2, 
            14, 
            13, 
            13, 
            1, 
            0, 
            6, 
            5, 
            4, 
            9, 
            11, 
            10, 
            9, 
            9, 
            12, 
            8, 
            7, 
            1
        ]
    }, 
    "16": {
        "silhouette_score": 0.17382125948094565, 
        "labels": [
            2, 
            1, 
            6, 
            7, 
            7, 
            15, 
            14, 
            14, 
            11, 
            6, 
            1, 
            9, 
            3, 
            0, 
            10, 
            12, 
            0, 
            0, 
            13, 
            8, 
            4, 
            5
        ]
    }, 
    "17": {
        "silhouette_score": 0.14916373204447908, 
        "labels": [
            5, 
            0, 
            14, 
            6, 
            6, 
            15, 
            13, 
            13, 
            4, 
            8, 
            0, 
            7, 
            2, 
            1, 
            10, 
            12, 
            1, 
            1, 
            9, 
            11, 
            3, 
            16
        ]
    }, 
    "18": {
        "silhouette_score": 0.13330242070379647, 
        "labels": [
            6, 
            5, 
            7, 
            10, 
            10, 
            14, 
            12, 
            12, 
            15, 
            16, 
            17, 
            8, 
            0, 
            4, 
            11, 
            9, 
            4, 
            4, 
            1, 
            13, 
            3, 
            2
        ]
    }, 
    "19": {
        "silhouette_score": 0.12247496623609214,