{
    "2": {
        "silhouette_score": 0.41962567156405611, 
        "labels": [
            0, 
            1, 
            0, 
            1, 
            0, 
            0
        ]
    }, 
    "3": {
        "silhouette_score": 0.2995482487472681, 
        "labels": [
            0, 
            1, 
            0, 
            2, 
            0, 
            0
        ]
    }, 
    "4": {
        "silhouette_score": 0.16288516323432836, 
        "labels": [
            3, 
            2, 
            0, 
            1, 
            0, 
            0
        ]
    }, 
    "5": {
        "silhouette_score": 0.087312457075170977, 
        "labels": [
            3, 
            1, 
            0, 
            2, 
            4, 
            0
        ]
    }
}