{
    "2": {
        "silhouette_score": 0.17861159687950373, 
        "labels": [
            0, 
            1, 
            1, 
            0, 
            0, 
            0, 
            0, 
            0
        ]
    }, 
    "3": {
        "silhouette_score": 0.2046032616757415, 
        "labels": [
            0, 
            1, 
            2, 
            1, 
            0, 
            1, 
            1, 
            0
        ]
    }, 
    "4": {
        "silhouette_score": 0.055001267095817263, 
        "labels": [
            1, 
            3, 
            2, 
            0, 
            1, 
            3, 
            3, 
            3
        ]
    }, 
    "5": {
        "silhouette_score": 0.097870594797233493, 
        "labels": [
            1, 
            2, 
            3, 
            0, 
            1, 
            2, 
            2, 
            4
        ]
    }, 
    "6": {
        "silhouette_score": 0.050318753186136322, 
        "labels": [
            1, 
            0, 
            3, 
            4, 
            1, 
            0, 
            5, 
            2
        ]
    }, 
    "7": {
        "silhouette_score": 0.03377001940858855, 
        "labels": [
            4, 
            1, 
            3, 
            5, 
            6, 
            1, 
            0, 
            2
        ]
    }
}