{
    "2": {
        "silhouette_score": 0.29024698770738622, 
        "labels": [
            0, 
            0, 
            0, 
            0, 
            0, 
            1, 
            0, 
            0, 
            0
        ]
    }, 
    "3": {
        "silhouette_score": 0.18489616484421367, 
        "labels": [
            2, 
            0, 
            2, 
            0, 
            0, 
            1, 
            2, 
            0, 
            2
        ]
    }, 
    "4": {
        "silhouette_score": 0.23081956134004589, 
        "labels": [
            1, 
            1, 
            0, 
            3, 
            0, 
            2, 
            1, 
            3, 
            0
        ]
    }, 
    "5": {
        "silhouette_score": 0.18924408166152365, 
        "labels": [
            3, 
            3, 
            4, 
            2, 
            3, 
            0, 
            3, 
            2, 
            1
        ]
    }, 
    "6": {
        "silhouette_score": 0.1656607044575106, 
        "labels": [
            3, 
            3, 
            4, 
            0, 
            3, 
            2, 
            1, 
            0, 
            5
        ]
    }, 
    "7": {
        "silhouette_score": 0.20431384031300814, 
        "labels": [
            1, 
            1, 
            0, 
            2, 
            5, 
            3, 
            6, 
            2, 
            4
        ]
    }, 
    "8": {
        "silhouette_score": 0.089961669491184004, 
        "labels": [
            4, 
            4, 
            5, 
            1, 
            3, 
            2, 
            0, 
            7, 
            6
        ]
    }
}