{
    "2": {
        "silhouette_score": 0.3379522342080003, 
        "labels": [
            1, 
            0, 
            0, 
            0, 
            1, 
            1, 
            0, 
            0, 
            0, 
            0, 
            0, 
            0, 
            0, 
            1, 
            0, 
            1, 
            1, 
            1, 
            0, 
            0, 
            0, 
            0
        ]
    }, 
    "3": {
        "silhouette_score": 0.2682112508536012, 
        "labels": [
            1, 
            0, 
            0, 
            0, 
            0, 
            1, 
            0, 
            2, 
            0, 
            0, 
            2, 
            0, 
            2, 
            1, 
            0, 
            1, 
            1, 
            1, 
            0, 
            0, 
            2, 
            0
        ]
    }, 
    "4": {
        "silhouette_score": 0.27452568991315057, 
        "labels": [
            0, 
            1, 
            1, 
            1, 
            1, 
            2, 
            1, 
            3, 
            1, 
            1, 
            3, 
            1, 
            3, 
            2, 
            1, 
            2, 
            2, 
            2, 
            1, 
            1, 
            3, 
            1
        ]
    }, 
    "5": {
        "silhouette_score": 0.25218866227824432, 
        "labels": [
            3, 
            0, 
            0, 
            0, 
            1, 
            1, 
            0, 
            2, 
            0, 
            0, 
            2, 
            0, 
            2, 
            4, 
            1, 
            1, 
            1, 
            4, 
            0, 
            0, 
            2, 
            0
        ]
    }, 
    "6": {
        "silhouette_score": 0.22504062880691028, 
        "labels": [
            4, 
            1, 
            1, 
            1, 
            0, 
            0, 
            1, 
            3, 
            1, 
            1, 
            3, 
            1, 
            2, 
            5, 
            0, 
            0, 
            0, 
            5, 
            1, 
            1, 
            3, 
            1
        ]
    }, 
    "7": {
        "silhouette_score": 0.23470324610366144, 
        "labels": [
            4, 
            2, 
            1, 
            2, 
            5, 
            5, 
            2, 
            6, 
            2, 
            1, 
            6, 
            2, 
            0, 
            3, 
            1, 
            5, 
            5, 
            3, 
            2, 
            2, 
            6, 
            2
        ]
    }, 
    "8": {
        "silhouette_score": 0.24863365676260621, 
        "labels": [
            3, 
            0, 
            0, 
            5, 
            5, 
            4, 
            7, 
            2, 
            7, 
            0, 
            2, 
            7, 
            6, 
            1, 
            0, 
            4, 
            4, 
            1, 
            5, 
            5, 
            2, 
            5
        ]
    }, 
    "9": {
        "silhouette_score": 0.23096234515194994, 
        "labels": [
            3, 
            7, 
            7, 
            0, 
            6, 
            4, 
            7, 
            2, 
            8, 
            7, 
            2, 
            8, 
            5, 
            1, 
            6, 
            4, 
            4, 
            1, 
            0, 
            0, 
            2, 
            0
        ]
    }, 
    "10": {
        "silhouette_score": 0.25152050806868387, 
        "labels": [
            6, 
            5, 
            5, 
            4, 
            4, 
            3, 
            8, 
            7, 
            8, 
            1, 
            7, 
            8, 
            0, 
            9, 
            1, 
            3, 
            2, 
            2, 
            4, 
            4, 
            7, 
            4
        ]
    }, 
    "11": {
        "silhouette_score": 0.22702858639843432, 
        "labels": [
            2, 
            8, 
            8, 
            10, 
            10, 
            5, 
            4, 
            9, 
            4, 
            1, 
            9, 
            4, 
            3, 
            0, 
            1, 
            5, 
            7, 
            7, 
            10, 
            6, 
            9, 
            6
        ]
    }, 
    "12": {
        "silhouette_score": 0.21913692527314382, 
        "labels": [
            5, 
            9, 
            9, 
            11, 
            11, 
            1, 
            10, 
            3, 
            7, 
            4, 
            3, 
            10, 
            6, 
            2, 
            4, 
            1, 
            8, 
            8, 
            0, 
            0, 
            3, 
            0
        ]
    }, 
    "13": {
        "silhouette_score": 0.20739712561772317, 
        "labels": [
            4, 
            11, 
            11, 
            5, 
            5, 
            9, 
            3, 
            2, 
            3, 
            8, 
            2, 
            3, 
            7, 
            6, 
            8, 
            9, 
            0, 
            10, 
            12, 
            1, 
            2, 
            1
        ]
    }, 
    "14": {
        "silhouette_score": 0.17280190528664804, 
        "labels": [
            3, 
            7, 
            7, 
            11, 
            11, 
            1, 
            0, 
            2, 
            0, 
            5, 
            2, 
            0, 
            6, 
            4, 
            10, 
            1, 
            12, 
            9, 
            13, 
            8, 
            2, 
            8
        ]
    }, 
    "15": {
        "silhouette_score": 0.14009317190757134, 
        "labels": [
            6, 
            8, 
            8, 
            7, 
            2, 
            4, 
            13, 
            14, 
            1, 
            3, 
            14, 
            13, 
            5, 
            0, 
            10, 
            4, 
            11, 
            9, 
            12, 
            7, 
            3, 
            7
        ]
    }, 
    "16": {
        "silhouette_score": 0.13137440008544041, 
        "labels": [
            6, 
            5, 
            5, 
            3, 
            1, 
            8, 
            11, 
            0, 
            10, 
            13, 
            0, 
            11, 
            7, 
            4, 
            9, 
            8, 
            2, 
            15, 
            12, 
            14, 
            0, 
            3
        ]
    }, 
    "17": {
        "silhouette_score": 0.12829432595880499, 
        "labels": [
            6, 
            14, 
            14, 
            7, 
            11, 
            9, 
            5, 
            10, 
            13, 
            0, 
            10, 
            5, 
            2, 
            3, 
            15, 
            9, 
            1, 
            8, 
            16, 
            12, 
            4, 
            7
        ]
    }, 
    "18": {
        "silhouette_score": 0.11222846835670991, 
        "labels": [
            4, 
            9, 
            14, 
            6, 
            15, 
            7, 
            8, 
            5, 
            16, 
            1, 
            5, 
            8, 
            2, 
            3, 
            13, 
            7, 
            0, 
            11, 
            12, 
            10, 
            17, 
            6
        ]
    }, 
    "19": {
        "silhouette_score": 0.082069822996922795,