{
    "2": {
        "silhouette_score": 0.26663388754027689, 
        "labels": [
            1, 
            0, 
            0, 
            1, 
            1, 
            1, 
            1, 
            1, 
            1, 
            1, 
            1, 
            1, 
            0, 
            0, 
            1, 
            1, 
            1, 
            0, 
            0, 
            0, 
            1, 
            0
        ]
    }, 
    "3": {
        "silhouette_score": 0.3050481466969272, 
        "labels": [
            0, 
            1, 
            1, 
            1, 
            1, 
            0, 
            1, 
            1, 
            1, 
            1, 
            1, 
            1, 
            1, 
            2, 
            1, 
            0, 
            0, 
            2, 
            2, 
            1, 
            1, 
            1
        ]
    }, 
    "4": {
        "silhouette_score": 0.22229833687008566, 
        "labels": [
            3, 
            1, 
            2, 
            0, 
            0, 
            0, 
            2, 
            2, 
            0, 
            2, 
            2, 
            0, 
            2, 
            1, 
            2, 
            0, 
            0, 
            1, 
            1, 
            1, 
            2, 
            0
        ]
    }, 
    "5": {
        "silhouette_score": 0.21997047589222582, 
        "labels": [
            4, 
            2, 
            2, 
            3, 
            3, 
            3, 
            0, 
            0, 
            3, 
            0, 
            0, 
            0, 
            2, 
            1, 
            0, 
            3, 
            3, 
            3, 
            2, 
            2, 
            0, 
            3
        ]
    }, 
    "6": {
        "silhouette_score": 0.25024438940362193, 
        "labels": [
            2, 
            1, 
            1, 
            1, 
            0, 
            0, 
            3, 
            3, 
            3, 
            3, 
            3, 
            3, 
            5, 
            4, 
            3, 
            0, 
            0, 
            1, 
            1, 
            1, 
            3, 
            1
        ]
    }, 
    "7": {
        "silhouette_score": 0.23929197636893854, 
        "labels": [
            3, 
            6, 
            6, 
            2, 
            0, 
            0, 
            5, 
            5, 
            0, 
            5, 
            5, 
            5, 
            4, 
            1, 
            5, 
            0, 
            0, 
            2, 
            2, 
            2, 
            5, 
            2
        ]
    }, 
    "8": {
        "silhouette_score": 0.25709505082119588, 
        "labels": [
            2, 
            1, 
            1, 
            4, 
            5, 
            5, 
            0, 
            0, 
            0, 
            0, 
            0, 
            0, 
            7, 
            3, 
            0, 
            5, 
            5, 
            6, 
            4, 
            4, 
            0, 
            4
        ]
    }, 
    "9": {
        "silhouette_score": 0.21551361187969498, 
        "labels": [
            1, 
            4, 
            4, 
            3, 
            7, 
            7, 
            0, 
            8, 
            0, 
            8, 
            8, 
            0, 
            6, 
            5, 
            8, 
            7, 
            7, 
            2, 
            3, 
            3, 
            8, 
            3
        ]
    }, 
    "10": {
        "silhouette_score": 0.22938429506517821, 
        "labels": [
            3, 
            7, 
            7, 
            6, 
            6, 
            6, 
            8, 
            1, 
            8, 
            1, 
            1, 
            8, 
            5, 
            4, 
            1, 
            0, 
            0, 
            9, 
            2, 
            2, 
            1, 
            6
        ]
    }, 
    "11": {
        "silhouette_score": 0.23266919452209389, 
        "labels": [
            2, 
            4, 
            4, 
            6, 
            6, 
            3, 
            8, 
            0, 
            8, 
            7, 
            0, 
            8, 
            10, 
            5, 
            7, 
            3, 
            3, 
            9, 
            1, 
            1, 
            7, 
            6
        ]
    }, 
    "12": {
        "silhouette_score": 0.20615273179427068, 
        "labels": [
            3, 
            7, 
            7, 
            1, 
            11, 
            11, 
            10, 
            9, 
            10, 
            4, 
            9, 
            10, 
            5, 
            6, 
            4, 
            2, 
            2, 
            0, 
            8, 
            8, 
            4, 
            1
        ]
    }, 
    "13": {
        "silhouette_score": 0.20295084274681077, 
        "labels": [
            0, 
            6, 
            6, 
            10, 
            1, 
            1, 
            9, 
            2, 
            9, 
            7, 
            2, 
            9, 
            5, 
            4, 
            7, 
            11, 
            12, 
            8, 
            3, 
            3, 
            7, 
            10
        ]
    }, 
    "14": {
        "silhouette_score": 0.17278475894366679, 
        "labels": [
            2, 
            1, 
            1, 
            12, 
            0, 
            0, 
            9, 
            5, 
            9, 
            10, 
            5, 
            9, 
            4, 
            3, 
            10, 
            11, 
            8, 
            6, 
            13, 
            7, 
            10, 
            12
        ]
    }, 
    "15": {
        "silhouette_score": 0.15737553870807899, 
        "labels": [
            2, 
            7, 
            7, 
            12, 
            6, 
            6, 
            10, 
            9, 
            10, 
            0, 
            9, 
            10, 
            5, 
            4, 
            13, 
            11, 
            8, 
            1, 
            14, 
            3, 
            0, 
            12
        ]
    }, 
    "16": {
        "silhouette_score": 0.12994561653260622, 
        "labels": [
            3, 
            13, 
            6, 
            9, 
            1, 
            1, 
            7, 
            2, 
            7, 
            11, 
            2, 
            7, 
            5, 
            0, 
            12, 
            15, 
            10, 
            8, 
            4, 
            14, 
            11, 
            9
        ]
    }, 
    "17": {
        "silhouette_score": 0.11410198339963933, 
        "labels": [
            1, 
            10, 
            16, 
            0, 
            8, 
            8, 
            3, 
            14, 
            12, 
            7, 
            14, 
            12, 
            6, 
            4, 
            11, 
            5, 
            13, 
            2, 
            15, 
            9, 
            7, 
            0
        ]
    }, 
    "18": {
        "silhouette_score": 0.091159007875603326, 
        "labels": [
            4, 
            16, 
            1, 
            5, 
            15, 
            12, 
            17, 
            8, 
            3, 
            10, 
            8, 
            3, 
            7, 
            2, 
            14, 
            0, 
            13, 
            6, 
            9, 
            11, 
            10, 
            5
        ]
    }, 
    "19": {
        "silhouette_score": 0.072730297127709176,