{
    "2": {
        "silhouette_score": 0.2939633121646571, 
        "labels": [
            1, 
            1, 
            0, 
            1, 
            0, 
            1, 
            0, 
            1, 
            0, 
            1, 
            1, 
            0, 
            0, 
            1, 
            0, 
            1, 
            0, 
            0, 
            1, 
            1, 
            0, 
            0
        ]
    }, 
    "3": {
        "silhouette_score": 0.18341834401439264, 
        "labels": [
            0, 
            0, 
            0, 
            0, 
            1, 
            0, 
            1, 
            0, 
            2, 
            0, 
            0, 
            0, 
            2, 
            1, 
            1, 
            0, 
            1, 
            1, 
            0, 
            0, 
            1, 
            2
        ]
    }, 
    "4": {
        "silhouette_score": 0.22612022105966226, 
        "labels": [
            2, 
            0, 
            2, 
            1, 
            1, 
            0, 
            1, 
            0, 
            3, 
            0, 
            2, 
            2, 
            3, 
            0, 
            1, 
            0, 
            1, 
            1, 
            0, 
            0, 
            1, 
            3
        ]
    }, 
    "5": {
        "silhouette_score": 0.082993607368275421, 
        "labels": [
            2, 
            2, 
            4, 
            1, 
            1, 
            2, 
            1, 
            2, 
            4, 
            0, 
            2, 
            1, 
            3, 
            1, 
            1, 
            2, 
            4, 
            1, 
            0, 
            2, 
            1, 
            4
        ]
    }, 
    "6": {
        "silhouette_score": 0.13589470358250486, 
        "labels": [
            4, 
            0, 
            4, 
            5, 
            5, 
            0, 
            5, 
            0, 
            2, 
            3, 
            4, 
            4, 
            1, 
            3, 
            2, 
            3, 
            2, 
            5, 
            3, 
            0, 
            5, 
            2
        ]
    }, 
    "7": {
        "silhouette_score": 0.080403386221559833, 
        "labels": [
            1, 
            1, 
            3, 
            1, 
            0, 
            1, 
            4, 
            1, 
            4, 
            5, 
            1, 
            3, 
            6, 
            2, 
            0, 
            1, 
            4, 
            0, 
            5, 
            1, 
            0, 
            4
        ]
    }, 
    "8": {
        "silhouette_score": 0.15995830408440923, 
        "labels": [
            5, 
            0, 
            7, 
            4, 
            4, 
            0, 
            4, 
            0, 
            1, 
            0, 
            3, 
            7, 
            2, 
            6, 
            1, 
            0, 
            1, 
            4, 
            0, 
            0, 
            4, 
            1
        ]
    }, 
    "9": {
        "silhouette_score": 0.11031897254328879, 
        "labels": [
            4, 
            0, 
            6, 
            3, 
            3, 
            4, 
            1, 
            4, 
            1, 
            0, 
            7, 
            6, 
            5, 
            2, 
            8, 
            0, 
            1, 
            3, 
            0, 
            0, 
            3, 
            1
        ]
    }, 
    "10": {
        "silhouette_score": 0.14227887666811154, 
        "labels": [
            6, 
            1, 
            2, 
            8, 
            8, 
            6, 
            9, 
            6, 
            5, 
            1, 
            7, 
            2, 
            3, 
            4, 
            0, 
            1, 
            5, 
            9, 
            1, 
            1, 
            9, 
            5
        ]
    }, 
    "11": {
        "silhouette_score": 0.12758862995363671, 
        "labels": [
            9, 
            10, 
            7, 
            1, 
            1, 
            9, 
            8, 
            9, 
            4, 
            0, 
            7, 
            7, 
            5, 
            3, 
            2, 
            6, 
            2, 
            8, 
            6, 
            10, 
            8, 
            4
        ]
    }, 
    "12": {
        "silhouette_score": 0.091561352721673969, 
        "labels": [
            8, 
            4, 
            6, 
            1, 
            1, 
            1, 
            7, 
            4, 
            5, 
            9, 
            10, 
            6, 
            2, 
            3, 
            0, 
            4, 
            11, 
            7, 
            1, 
            4, 
            7, 
            11
        ]
    }, 
    "13": {
        "silhouette_score": 0.056930305128527474, 
        "labels": [
            8, 
            10, 
            4, 
            3, 
            0, 
            3, 
            7, 
            2, 
            1, 
            11, 
            9, 
            4, 
            5, 
            6, 
            12, 
            2, 
            12, 
            7, 
            2, 
            10, 
            7, 
            7
        ]
    }, 
    "14": {
        "silhouette_score": 0.1119470673483247, 
        "labels": [
            8, 
            9, 
            2, 
            7, 
            1, 
            11, 
            6, 
            11, 
            12, 
            7, 
            10, 
            2, 
            3, 
            4, 
            13, 
            0, 
            5, 
            6, 
            7, 
            9, 
            1, 
            5
        ]
    }, 
    "15": {
        "silhouette_score": 0.12907699553138635, 
        "labels": [
            0, 
            14, 
            6, 
            1, 
            1, 
            2, 
            10, 
            2, 
            3, 
            4, 
            11, 
            6, 
            7, 
            9, 
            5, 
            13, 
            8, 
            10, 
            4, 
            14, 
            5, 
            12
        ]
    }, 
    "16": {
        "silhouette_score": 0.12105532088648013, 
        "labels": [
            10, 
            7, 
            6, 
            1, 
            1, 
            14, 
            3, 
            14, 
            0, 
            9, 
            8, 
            12, 
            4, 
            5, 
            11, 
            2, 
            13, 
            3, 
            2, 
            7, 
            15, 
            13
        ]
    }, 
    "17": {
        "silhouette_score": 0.11452597044638346, 
        "labels": [
            9, 
            3, 
            4, 
            0, 
            0, 
            11, 
            6, 
            11, 
            1, 
            7, 
            14, 
            12, 
            8, 
            2, 
            10, 
            16, 
            13, 
            6, 
            16, 
            3, 
            15, 
            5
        ]
    }, 
    "18": {
        "silhouette_score": 0.090584933525669209, 
        "labels": [
            7, 
            0, 
            14, 
            6, 
            6, 
            12, 
            8, 
            12, 
            3, 
            10, 
            9, 
            2, 
            5, 
            4, 
            13, 
            16, 
            11, 
            8, 
            17, 
            0, 
            1, 
            15
        ]
    }, 
    "19": {
        "silhouette_score": 0.079376226777547368,