{
    "2": {
        "silhouette_score": 0.31644240067259377, 
        "labels": [
            0, 
            1, 
            0, 
            0, 
            1, 
            1, 
            0, 
            0
        ]
    }, 
    "3": {
        "silhouette_score": 0.37694668591180613, 
        "labels": [
            0, 
            1, 
            2, 
            0, 
            1, 
            1, 
            0, 
            0
        ]
    }, 
    "4": {
        "silhouette_score": 0.31492937234598273, 
        "labels": [
            3, 
            2, 
            0, 
            1, 
            2, 
            2, 
            3, 
            3
        ]
    }, 
    "5": {
        "silhouette_score": 0.31372963874467219, 
        "labels": [
            0, 
            1, 
            4, 
            2, 
            3, 
            1, 
            0, 
            0
        ]
    }, 
    "6": {
        "silhouette_score": 0.24952323152708386, 
        "labels": [
            1, 
            2, 
            0, 
            3, 
            4, 
            2, 
            1, 
            5
        ]
    }, 
    "7": {
        "silhouette_score": 0.17972612927338133, 
        "labels": [
            0, 
            1, 
            2, 
            3, 
            4, 
            1, 
            6, 
            5
        ]
    }
}