{
    "2": {
        "silhouette_score": 0.22278334113490786, 
        "labels": [
            0, 
            1, 
            1, 
            1, 
            0, 
            1, 
            1, 
            0
        ]
    }, 
    "3": {
        "silhouette_score": 0.11360523290914873, 
        "labels": [
            2, 
            1, 
            1, 
            0, 
            2, 
            1, 
            1, 
            2
        ]
    }, 
    "4": {
        "silhouette_score": 0.12175061086876159, 
        "labels": [
            0, 
            1, 
            3, 
            2, 
            0, 
            1, 
            2, 
            0
        ]
    }, 
    "5": {
        "silhouette_score": 0.076025844214510432, 
        "labels": [
            4, 
            1, 
            2, 
            3, 
            0, 
            1, 
            1, 
            4
        ]
    }, 
    "6": {
        "silhouette_score": -0.020206459444551954, 
        "labels": [
            1, 
            3, 
            2, 
            0, 
            3, 
            3, 
            4, 
            5
        ]
    }, 
    "7": {
        "silhouette_score": 0.034611563257634231, 
        "labels": [
            2, 
            1, 
            3, 
            5, 
            4, 
            1, 
            0, 
            6
        ]
    }
}