{
    "2": {
        "silhouette_score": 0.24713958843232867, 
        "labels": [
            0, 
            1, 
            1, 
            1, 
            1, 
            0, 
            1, 
            1, 
            0, 
            0, 
            1, 
            1, 
            1, 
            1, 
            0, 
            1, 
            1
        ]
    }, 
    "3": {
        "silhouette_score": 0.20455405035869414, 
        "labels": [
            1, 
            2, 
            0, 
            0, 
            2, 
            1, 
            0, 
            0, 
            1, 
            1, 
            0, 
            1, 
            0, 
            1, 
            1, 
            0, 
            0
        ]
    }, 
    "4": {
        "silhouette_score": 0.16445091043243262, 
        "labels": [
            2, 
            3, 
            2, 
            2, 
            3, 
            0, 
            1, 
            1, 
            2, 
            0, 
            2, 
            2, 
            2, 
            2, 
            0, 
            2, 
            2
        ]
    }, 
    "5": {
        "silhouette_score": 0.10841187058092382, 
        "labels": [
            2, 
            0, 
            0, 
            2, 
            1, 
            3, 
            0, 
            0, 
            2, 
            3, 
            4, 
            1, 
            1, 
            2, 
            2, 
            0, 
            1
        ]
    }, 
    "6": {
        "silhouette_score": 0.10191042058792416, 
        "labels": [
            1, 
            0, 
            2, 
            2, 
            0, 
            5, 
            4, 
            4, 
            3, 
            3, 
            4, 
            2, 
            2, 
            1, 
            3, 
            2, 
            2
        ]
    }, 
    "7": {
        "silhouette_score": 0.12178902778456499, 
        "labels": [
            4, 
            2, 
            0, 
            4, 
            2, 
            1, 
            5, 
            5, 
            3, 
            3, 
            6, 
            0, 
            0, 
            4, 
            3, 
            0, 
            0
        ]
    }, 
    "8": {
        "silhouette_score": 0.12784992493649822, 
        "labels": [
            0, 
            6, 
            1, 
            0, 
            4, 
            2, 
            5, 
            5, 
            3, 
            2, 
            7, 
            0, 
            0, 
            0, 
            3, 
            5, 
            1
        ]
    }, 
    "9": {
        "silhouette_score": 0.107462805202873, 
        "labels": [
            6, 
            8, 
            5, 
            6, 
            4, 
            2, 
            1, 
            1, 
            3, 
            3, 
            7, 
            0, 
            5, 
            6, 
            3, 
            1, 
            5
        ]
    }, 
    "10": {
        "silhouette_score": 0.096630942831442232, 
        "labels": [
            0, 
            2, 
            1, 
            1, 
            6, 
            4, 
            5, 
            5, 
            7, 
            9, 
            3, 
            1, 
            1, 
            1, 
            0, 
            8, 
            1
        ]
    }, 
    "11": {
        "silhouette_score": 0.087010439789464281, 
        "labels": [
            0, 
            4, 
            5, 
            5, 
            9, 
            3, 
            1, 
            1, 
            6, 
            8, 
            7, 
            2, 
            5, 
            0, 
            8, 
            10, 
            5
        ]
    }, 
    "12": {
        "silhouette_score": 0.1206777426283937, 
        "labels": [
            2, 
            7, 
            3, 
            2, 
            0, 
            8, 
            5, 
            5, 
            9, 
            4, 
            1, 
            10, 
            11, 
            2, 
            9, 
            6, 
            11
        ]
    }, 
    "13": {
        "silhouette_score": 0.073244479449235358, 
        "labels": [
            2, 
            5, 
            6, 
            11, 
            7, 
            3, 
            4, 
            4, 
            12, 
            9, 
            10, 
            1, 
            11, 
            2, 
            8, 
            0, 
            11
        ]
    }, 
    "14": {
        "silhouette_score": 0.051184851984705272, 
        "labels": [
            12, 
            1, 
            4, 
            2, 
            10, 
            6, 
            3, 
            13, 
            11, 
            7, 
            5, 
            8, 
            4, 
            12, 
            0, 
            9, 
            4
        ]
    }, 
    "15": {
        "silhouette_score": 0.043213846580454428, 
        "labels": [
            6, 
            7, 
            4, 
            12, 
            2, 
            3, 
            13, 
            1, 
            9, 
            10, 
            5, 
            11, 
            4, 
            14, 
            0, 
            8, 
            4
        ]
    }, 
    "16": {
        "silhouette_score": 0.036549407304179986, 
        "labels": [
            14, 
            2, 
            15, 
            11, 
            9, 
            3, 
            10, 
            4, 
            0, 
            7, 
            8, 
            12, 
            5, 
            1, 
            13, 
            6, 
            5
        ]
    }
}