{
    "2": {
        "silhouette_score": 0.29666637630887244, 
        "labels": [
            1, 
            1, 
            0, 
            0, 
            0, 
            1, 
            1, 
            0, 
            0
        ]
    }, 
    "3": {
        "silhouette_score": 0.23254150058612119, 
        "labels": [
            1, 
            1, 
            0, 
            0, 
            0, 
            2, 
            1, 
            0, 
            0
        ]
    }, 
    "4": {
        "silhouette_score": 0.1592893827485436, 
        "labels": [
            1, 
            1, 
            0, 
            2, 
            2, 
            3, 
            1, 
            2, 
            1
        ]
    }, 
    "5": {
        "silhouette_score": 0.16960818865921079, 
        "labels": [
            0, 
            0, 
            3, 
            1, 
            1, 
            2, 
            0, 
            1, 
            4
        ]
    }, 
    "6": {
        "silhouette_score": 0.14226394256898162, 
        "labels": [
            0, 
            5, 
            1, 
            3, 
            1, 
            2, 
            0, 
            3, 
            4
        ]
    }, 
    "7": {
        "silhouette_score": 0.092362081454368541, 
        "labels": [
            0, 
            0, 
            5, 
            3, 
            4, 
            2, 
            0, 
            6, 
            1
        ]
    }, 
    "8": {
        "silhouette_score": 0.05258592591014407, 
        "labels": [
            1, 
            4, 
            3, 
            7, 
            6, 
            2, 
            1, 
            0, 
            5
        ]
    }
}