{
    "2": {
        "silhouette_score": 0.31123874655944156, 
        "labels": [
            1, 
            0, 
            1, 
            1, 
            0, 
            0, 
            0, 
            0, 
            0, 
            1, 
            1, 
            1, 
            1, 
            1, 
            1, 
            1, 
            0
        ]
    }, 
    "3": {
        "silhouette_score": 0.39365927541255769, 
        "labels": [
            1, 
            2, 
            1, 
            1, 
            2, 
            1, 
            2, 
            2, 
            2, 
            1, 
            1, 
            0, 
            0, 
            0, 
            1, 
            0, 
            2
        ]
    }, 
    "4": {
        "silhouette_score": 0.39444247288026263, 
        "labels": [
            2, 
            3, 
            2, 
            2, 
            3, 
            0, 
            0, 
            3, 
            0, 
            2, 
            2, 
            1, 
            1, 
            1, 
            2, 
            1, 
            0
        ]
    }, 
    "5": {
        "silhouette_score": 0.33450296432414467, 
        "labels": [
            4, 
            3, 
            0, 
            4, 
            3, 
            2, 
            2, 
            3, 
            2, 
            4, 
            0, 
            1, 
            1, 
            1, 
            0, 
            1, 
            2
        ]
    }, 
    "6": {
        "silhouette_score": 0.30623249388864843, 
        "labels": [
            5, 
            1, 
            0, 
            5, 
            1, 
            3, 
            4, 
            4, 
            3, 
            5, 
            0, 
            2, 
            2, 
            2, 
            0, 
            2, 
            3
        ]
    }, 
    "7": {
        "silhouette_score": 0.35448253223579257, 
        "labels": [
            6, 
            0, 
            1, 
            6, 
            0, 
            5, 
            3, 
            3, 
            5, 
            6, 
            1, 
            4, 
            2, 
            4, 
            1, 
            2, 
            5
        ]
    }, 
    "8": {
        "silhouette_score": 0.34253509085399819, 
        "labels": [
            4, 
            2, 
            3, 
            4, 
            2, 
            1, 
            6, 
            6, 
            1, 
            4, 
            3, 
            5, 
            0, 
            5, 
            7, 
            0, 
            1
        ]
    }, 
    "9": {
        "silhouette_score": 0.31748311429480613, 
        "labels": [
            4, 
            3, 
            2, 
            4, 
            3, 
            8, 
            0, 
            7, 
            0, 
            4, 
            2, 
            1, 
            6, 
            1, 
            5, 
            6, 
            0
        ]
    }, 
    "10": {
        "silhouette_score": 0.3329704924120786, 
        "labels": [
            5, 
            2, 
            3, 
            9, 
            2, 
            1, 
            8, 
            8, 
            6, 
            5, 
            3, 
            0, 
            4, 
            0, 
            7, 
            4, 
            6
        ]
    }, 
    "11": {
        "silhouette_score": 0.31846183287194391, 
        "labels": [
            0, 
            4, 
            8, 
            10, 
            4, 
            9, 
            1, 
            3, 
            6, 
            0, 
            8, 
            7, 
            2, 
            7, 
            5, 
            2, 
            6
        ]
    }, 
    "12": {
        "silhouette_score": 0.28331878199554983, 
        "labels": [
            1, 
            0, 
            5, 
            7, 
            0, 
            9, 
            8, 
            2, 
            4, 
            1, 
            11, 
            3, 
            6, 
            3, 
            10, 
            6, 
            4
        ]
    }, 
    "13": {
        "silhouette_score": 0.24985205055896209, 
        "labels": [
            12, 
            5, 
            2, 
            8, 
            5, 
            9, 
            3, 
            0, 
            6, 
            7, 
            11, 
            1, 
            4, 
            1, 
            10, 
            4, 
            6
        ]
    }, 
    "14": {
        "silhouette_score": 0.20655042386922079, 
        "labels": [
            12, 
            1, 
            0, 
            11, 
            13, 
            3, 
            9, 
            8, 
            4, 
            5, 
            7, 
            2, 
            6, 
            2, 
            10, 
            6, 
            4
        ]
    }, 
    "15": {
        "silhouette_score": 0.16900591844556287, 
        "labels": [
            12, 
            1, 
            11, 
            9, 
            13, 
            0, 
            10, 
            8, 
            14, 
            3, 
            7, 
            6, 
            2, 
            6, 
            4, 
            2, 
            5
        ]
    }, 
    "16": {
        "silhouette_score": 0.099278106519559248, 
        "labels": [
            12, 
            13, 
            1, 
            9, 
            5, 
            7, 
            10, 
            3, 
            15, 
            6, 
            11, 
            14, 
            4, 
            0, 
            8, 
            4, 
            2
        ]
    }
}