{
    "2": {
        "silhouette_score": 0.6400533659595451, 
        "labels": [
            0, 
            0, 
            1, 
            1, 
            0, 
            0
        ]
    }, 
    "3": {
        "silhouette_score": 0.44351424099411685, 
        "labels": [
            0, 
            0, 
            1, 
            2, 
            0, 
            0
        ]
    }, 
    "4": {
        "silhouette_score": 0.22167249232912067, 
        "labels": [
            3, 
            1, 
            2, 
            0, 
            1, 
            3
        ]
    }, 
    "5": {
        "silhouette_score": 0.1164421695380992, 
        "labels": [
            4, 
            1, 
            3, 
            0, 
            1, 
            2
        ]
    }
}