{
    "2": {
        "silhouette_score": 0.26778659324473808, 
        "labels": [
            0, 
            1, 
            0, 
            0, 
            1, 
            0, 
            0, 
            0, 
            0, 
            0, 
            0, 
            1, 
            1, 
            0, 
            0, 
            1, 
            0
        ]
    }, 
    "3": {
        "silhouette_score": 0.27398206420971388, 
        "labels": [
            1, 
            2, 
            1, 
            1, 
            2, 
            1, 
            1, 
            1, 
            1, 
            1, 
            1, 
            0, 
            0, 
            1, 
            1, 
            2, 
            1
        ]
    }, 
    "4": {
        "silhouette_score": 0.18822576234613314, 
        "labels": [
            2, 
            3, 
            0, 
            2, 
            3, 
            2, 
            2, 
            2, 
            2, 
            2, 
            2, 
            1, 
            1, 
            2, 
            0, 
            3, 
            0
        ]
    }, 
    "5": {
        "silhouette_score": 0.17740258045437218, 
        "labels": [
            1, 
            2, 
            1, 
            1, 
            2, 
            1, 
            3, 
            3, 
            0, 
            0, 
            0, 
            4, 
            4, 
            3, 
            1, 
            2, 
            1
        ]
    }, 
    "6": {
        "silhouette_score": 0.14265663190271419, 
        "labels": [
            0, 
            3, 
            4, 
            0, 
            3, 
            0, 
            5, 
            5, 
            1, 
            5, 
            1, 
            2, 
            2, 
            5, 
            0, 
            3, 
            0
        ]
    }, 
    "7": {
        "silhouette_score": 0.13329674181987738, 
        "labels": [
            2, 
            3, 
            4, 
            2, 
            3, 
            2, 
            6, 
            6, 
            2, 
            5, 
            5, 
            1, 
            1, 
            6, 
            0, 
            3, 
            2
        ]
    }, 
    "8": {
        "silhouette_score": 0.13208503017669282, 
        "labels": [
            4, 
            2, 
            3, 
            5, 
            6, 
            4, 
            1, 
            1, 
            7, 
            5, 
            7, 
            0, 
            0, 
            1, 
            4, 
            2, 
            4
        ]
    }, 
    "9": {
        "silhouette_score": 0.1263395706123831, 
        "labels": [
            7, 
            5, 
            4, 
            3, 
            8, 
            7, 
            1, 
            1, 
            6, 
            3, 
            6, 
            2, 
            2, 
            1, 
            0, 
            5, 
            7
        ]
    }, 
    "10": {
        "silhouette_score": 0.11499681112720801, 
        "labels": [
            3, 
            4, 
            1, 
            3, 
            8, 
            3, 
            2, 
            2, 
            6, 
            5, 
            5, 
            0, 
            0, 
            2, 
            9, 
            7, 
            3
        ]
    }, 
    "11": {
        "silhouette_score": 0.10989080311305258, 
        "labels": [
            2, 
            7, 
            6, 
            8, 
            3, 
            2, 
            0, 
            0, 
            4, 
            8, 
            5, 
            1, 
            1, 
            0, 
            9, 
            10, 
            2
        ]
    }, 
    "12": {
        "silhouette_score": 0.10428451490523401, 
        "labels": [
            2, 
            1, 
            4, 
            5, 
            7, 
            2, 
            9, 
            9, 
            8, 
            5, 
            11, 
            3, 
            3, 
            0, 
            10, 
            6, 
            2
        ]
    }, 
    "13": {
        "silhouette_score": 0.09370680374488341, 
        "labels": [
            9, 
            2, 
            3, 
            8, 
            7, 
            4, 
            0, 
            0, 
            10, 
            8, 
            5, 
            1, 
            1, 
            12, 
            11, 
            6, 
            4
        ]
    }, 
    "14": {
        "silhouette_score": 0.088515285234067431, 
        "labels": [
            1, 
            6, 
            4, 
            8, 
            10, 
            13, 
            0, 
            0, 
            5, 
            12, 
            9, 
            2, 
            2, 
            11, 
            7, 
            3, 
            13
        ]
    }, 
    "15": {
        "silhouette_score": 0.044895948816222532, 
        "labels": [
            5, 
            3, 
            0, 
            13, 
            8, 
            10, 
            2, 
            2, 
            6, 
            7, 
            11, 
            14, 
            1, 
            12, 
            4, 
            9, 
            10
        ]
    }, 
    "16": {
        "silhouette_score": 0.034065761441301794, 
        "labels": [
            0, 
            8, 
            3, 
            12, 
            4, 
            10, 
            2, 
            2, 
            7, 
            6, 
            11, 
            14, 
            1, 
            13, 
            9, 
            5, 
            15
        ]
    }
}