{
    "2": {
        "silhouette_score": 0.31218499197771094, 
        "labels": [
            0, 
            0, 
            0, 
            0, 
            0, 
            0, 
            0, 
            0, 
            0, 
            0, 
            0, 
            0, 
            0, 
            0, 
            0, 
            0, 
            1, 
            1, 
            0, 
            0, 
            0, 
            0
        ]
    }, 
    "3": {
        "silhouette_score": 0.28545967427556396, 
        "labels": [
            1, 
            1, 
            1, 
            1, 
            1, 
            0, 
            1, 
            1, 
            1, 
            1, 
            1, 
            1, 
            1, 
            1, 
            1, 
            0, 
            2, 
            2, 
            1, 
            1, 
            1, 
            1
        ]
    }, 
    "4": {
        "silhouette_score": 0.13528769772019855, 
        "labels": [
            1, 
            0, 
            1, 
            1, 
            1, 
            3, 
            0, 
            0, 
            1, 
            1, 
            0, 
            1, 
            1, 
            1, 
            1, 
            0, 
            2, 
            2, 
            0, 
            0, 
            1, 
            1
        ]
    }, 
    "5": {
        "silhouette_score": 0.12948381237934911, 
        "labels": [
            2, 
            1, 
            2, 
            2, 
            2, 
            3, 
            1, 
            1, 
            1, 
            2, 
            1, 
            1, 
            2, 
            2, 
            2, 
            0, 
            4, 
            4, 
            1, 
            1, 
            2, 
            1
        ]
    }, 
    "6": {
        "silhouette_score": 0.13495992803914092, 
        "labels": [
            0, 
            1, 
            4, 
            4, 
            4, 
            2, 
            1, 
            0, 
            0, 
            1, 
            1, 
            0, 
            4, 
            4, 
            4, 
            3, 
            5, 
            5, 
            1, 
            1, 
            4, 
            0
        ]
    }, 
    "7": {
        "silhouette_score": 0.14237027457838111, 
        "labels": [
            1, 
            0, 
            1, 
            1, 
            1, 
            5, 
            0, 
            6, 
            3, 
            1, 
            6, 
            3, 
            3, 
            1, 
            1, 
            4, 
            2, 
            2, 
            0, 
            0, 
            1, 
            3
        ]
    }, 
    "8": {
        "silhouette_score": 0.13422991307011267, 
        "labels": [
            1, 
            2, 
            0, 
            0, 
            0, 
            4, 
            2, 
            7, 
            2, 
            2, 
            7, 
            1, 
            5, 
            1, 
            0, 
            6, 
            3, 
            3, 
            2, 
            2, 
            0, 
            1
        ]
    }, 
    "9": {
        "silhouette_score": 0.14279348354669913, 
        "labels": [
            3, 
            4, 
            1, 
            1, 
            1, 
            5, 
            4, 
            8, 
            3, 
            1, 
            8, 
            3, 
            7, 
            6, 
            1, 
            0, 
            2, 
            2, 
            4, 
            1, 
            1, 
            3
        ]
    }, 
    "10": {
        "silhouette_score": 0.1335557613217605, 
        "labels": [
            5, 
            1, 
            5, 
            5, 
            5, 
            4, 
            1, 
            8, 
            0, 
            5, 
            8, 
            0, 
            7, 
            9, 
            2, 
            6, 
            3, 
            3, 
            1, 
            1, 
            2, 
            0
        ]
    }, 
    "11": {
        "silhouette_score": 0.12979538424997517, 
        "labels": [
            8, 
            4, 
            1, 
            1, 
            1, 
            5, 
            4, 
            3, 
            0, 
            1, 
            3, 
            8, 
            6, 
            10, 
            9, 
            7, 
            2, 
            2, 
            4, 
            4, 
            9, 
            0
        ]
    }, 
    "12": {
        "silhouette_score": 0.12321422422215239, 
        "labels": [
            8, 
            2, 
            10, 
            0, 
            0, 
            5, 
            2, 
            6, 
            3, 
            10, 
            6, 
            8, 
            9, 
            7, 
            11, 
            4, 
            1, 
            1, 
            2, 
            2, 
            0, 
            3
        ]
    }, 
    "13": {
        "silhouette_score": 0.097366415017437369, 
        "labels": [
            10, 
            9, 
            3, 
            3, 
            3, 
            5, 
            9, 
            0, 
            2, 
            11, 
            0, 
            10, 
            7, 
            8, 
            12, 
            4, 
            6, 
            6, 
            9, 
            1, 
            3, 
            2
        ]
    }, 
    "14": {
        "silhouette_score": 0.09810691990968777, 
        "labels": [
            9, 
            1, 
            3, 
            13, 
            13, 
            5, 
            1, 
            8, 
            11, 
            3, 
            8, 
            6, 
            7, 
            10, 
            0, 
            4, 
            2, 
            2, 
            1, 
            12, 
            13, 
            6
        ]
    }, 
    "15": {
        "silhouette_score": 0.0554582103177041, 
        "labels": [
            9, 
            11, 
            1, 
            6, 
            6, 
            4, 
            3, 
            5, 
            14, 
            1, 
            5, 
            7, 
            8, 
            13, 
            10, 
            0, 
            2, 
            12, 
            11, 
            11, 
            6, 
            7
        ]
    }, 
    "16": {
        "silhouette_score": 0.050142429544442348, 
        "labels": [
            13, 
            3, 
            8, 
            2, 
            2, 
            5, 
            3, 
            15, 
            12, 
            8, 
            4, 
            0, 
            7, 
            9, 
            10, 
            6, 
            1, 
            14, 
            3, 
            11, 
            2, 
            0
        ]
    }, 
    "17": {
        "silhouette_score": 0.047794831151770849, 
        "labels": [
            8, 
            12, 
            7, 
            15, 
            15, 
            4, 
            5, 
            11, 
            16, 
            7, 
            13, 
            0, 
            10, 
            9, 
            1, 
            6, 
            2, 
            14, 
            12, 
            3, 
            1, 
            0
        ]
    }, 
    "18": {
        "silhouette_score": 0.038172482400640945, 
        "labels": [
            16, 
            4, 
            12, 
            1, 
            1, 
            0, 
            17, 
            9, 
            5, 
            12, 
            13, 
            8, 
            6, 
            11, 
            10, 
            7, 
            15, 
            3, 
            4, 
            2, 
            14, 
            8
        ]
    }, 
    "19": {
        "silhouette_score": 0.028106838026626765,