{
    "2": {
        "silhouette_score": 0.33741676746873794, 
        "labels": [
            1, 
            1, 
            1, 
            0, 
            0, 
            1, 
            1, 
            0, 
            0
        ]
    }, 
    "3": {
        "silhouette_score": 0.24312747414052666, 
        "labels": [
            0, 
            0, 
            2, 
            2, 
            2, 
            0, 
            0, 
            2, 
            1
        ]
    }, 
    "4": {
        "silhouette_score": 0.23844413490317973, 
        "labels": [
            3, 
            0, 
            3, 
            1, 
            1, 
            3, 
            0, 
            1, 
            2
        ]
    }, 
    "5": {
        "silhouette_score": 0.19976844479318981, 
        "labels": [
            1, 
            3, 
            4, 
            2, 
            2, 
            1, 
            3, 
            2, 
            0
        ]
    }, 
    "6": {
        "silhouette_score": 0.17831510727680325, 
        "labels": [
            1, 
            2, 
            4, 
            0, 
            0, 
            5, 
            2, 
            0, 
            3
        ]
    }, 
    "7": {
        "silhouette_score": 0.10060329835068044, 
        "labels": [
            3, 
            1, 
            5, 
            0, 
            6, 
            4, 
            1, 
            6, 
            2
        ]
    }, 
    "8": {
        "silhouette_score": 0.049922710807195007, 
        "labels": [
            3, 
            0, 
            4, 
            7, 
            1, 
            5, 
            6, 
            1, 
            2
        ]
    }
}