{
    "2": {
        "silhouette_score": 0.52270821238934773, 
        "labels": [
            0, 
            0, 
            1, 
            1, 
            1, 
            0, 
            0, 
            1, 
            1
        ]
    }, 
    "3": {
        "silhouette_score": 0.2890187141386838, 
        "labels": [
            1, 
            1, 
            0, 
            0, 
            2, 
            1, 
            1, 
            2, 
            0
        ]
    }, 
    "4": {
        "silhouette_score": 0.17860814367907918, 
        "labels": [
            1, 
            2, 
            3, 
            3, 
            0, 
            1, 
            1, 
            0, 
            3
        ]
    }, 
    "5": {
        "silhouette_score": 0.18318792934070488, 
        "labels": [
            2, 
            1, 
            0, 
            0, 
            4, 
            3, 
            2, 
            4, 
            0
        ]
    }, 
    "6": {
        "silhouette_score": 0.13403986377402707, 
        "labels": [
            5, 
            3, 
            0, 
            0, 
            4, 
            2, 
            1, 
            4, 
            0
        ]
    }, 
    "7": {
        "silhouette_score": 0.068325993434041166, 
        "labels": [
            4, 
            3, 
            2, 
            2, 
            6, 
            5, 
            1, 
            0, 
            2
        ]
    }, 
    "8": {
        "silhouette_score": 0.044315034307390706, 
        "labels": [
            3, 
            2, 
            4, 
            4, 
            0, 
            1, 
            5, 
            6, 
            7
        ]
    }
}