{
    "2": {
        "silhouette_score": 0.35338128562143473, 
        "labels": [
            1, 
            1, 
            1, 
            1, 
            1, 
            1, 
            1, 
            1, 
            1, 
            1, 
            1, 
            1, 
            1, 
            1, 
            1, 
            1, 
            0, 
            0, 
            1, 
            1, 
            1, 
            1
        ]
    }, 
    "3": {
        "silhouette_score": 0.12637228415367335, 
        "labels": [
            0, 
            2, 
            0, 
            0, 
            0, 
            2, 
            2, 
            2, 
            2, 
            0, 
            2, 
            2, 
            2, 
            0, 
            0, 
            2, 
            1, 
            1, 
            2, 
            2, 
            0, 
            2
        ]
    }, 
    "4": {
        "silhouette_score": 0.15550633420140605, 
        "labels": [
            1, 
            3, 
            1, 
            1, 
            1, 
            0, 
            3, 
            3, 
            0, 
            1, 
            3, 
            0, 
            0, 
            1, 
            1, 
            1, 
            2, 
            2, 
            3, 
            3, 
            1, 
            0
        ]
    }, 
    "5": {
        "silhouette_score": 0.15272666215978145, 
        "labels": [
            1, 
            3, 
            1, 
            1, 
            1, 
            4, 
            3, 
            1, 
            0, 
            1, 
            3, 
            0, 
            1, 
            1, 
            1, 
            4, 
            2, 
            2, 
            3, 
            3, 
            1, 
            0
        ]
    }, 
    "6": {
        "silhouette_score": 0.16721242641404818, 
        "labels": [
            1, 
            0, 
            1, 
            1, 
            1, 
            5, 
            0, 
            0, 
            2, 
            1, 
            0, 
            1, 
            3, 
            1, 
            1, 
            3, 
            4, 
            4, 
            0, 
            0, 
            1, 
            2
        ]
    }, 
    "7": {
        "silhouette_score": 0.13117827278504893, 
        "labels": [
            2, 
            6, 
            2, 
            1, 
            1, 
            5, 
            6, 
            4, 
            0, 
            2, 
            4, 
            0, 
            2, 
            2, 
            1, 
            2, 
            3, 
            3, 
            6, 
            6, 
            1, 
            0
        ]
    }, 
    "8": {
        "silhouette_score": 0.13853752841735806, 
        "labels": [
            4, 
            1, 
            4, 
            4, 
            2, 
            5, 
            1, 
            6, 
            0, 
            4, 
            6, 
            0, 
            7, 
            4, 
            2, 
            7, 
            3, 
            3, 
            1, 
            1, 
            2, 
            0
        ]
    }, 
    "9": {
        "silhouette_score": 0.13083382009779243, 
        "labels": [
            2, 
            0, 
            2, 
            3, 
            3, 
            8, 
            5, 
            5, 
            6, 
            2, 
            5, 
            6, 
            7, 
            2, 
            3, 
            4, 
            1, 
            1, 
            0, 
            0, 
            3, 
            6
        ]
    }, 
    "10": {
        "silhouette_score": 0.132211167944595, 
        "labels": [
            5, 
            6, 
            5, 
            5, 
            1, 
            4, 
            3, 
            3, 
            0, 
            5, 
            3, 
            0, 
            7, 
            8, 
            1, 
            9, 
            2, 
            2, 
            6, 
            6, 
            1, 
            0
        ]
    }, 
    "11": {
        "silhouette_score": 0.11833535030455358, 
        "labels": [
            0, 
            2, 
            0, 
            0, 
            6, 
            3, 
            2, 
            7, 
            10, 
            0, 
            7, 
            4, 
            5, 
            8, 
            6, 
            9, 
            1, 
            1, 
            2, 
            2, 
            6, 
            4
        ]
    }, 
    "12": {
        "silhouette_score": 0.09864726950042435, 
        "labels": [
            0, 
            2, 
            0, 
            5, 
            5, 
            10, 
            6, 
            4, 
            3, 
            0, 
            4, 
            3, 
            8, 
            11, 
            9, 
            7, 
            1, 
            1, 
            2, 
            2, 
            9, 
            3
        ]
    }, 
    "13": {
        "silhouette_score": 0.092541647551952433, 
        "labels": [
            1, 
            11, 
            1, 
            1, 
            8, 
            9, 
            4, 
            0, 
            5, 
            1, 
            0, 
            12, 
            10, 
            6, 
            8, 
            7, 
            2, 
            2, 
            11, 
            3, 
            8, 
            12
        ]
    }, 
    "14": {
        "silhouette_score": 0.086722549719105493, 
        "labels": [
            0, 
            13, 
            0, 
            0, 
            8, 
            9, 
            1, 
            10, 
            4, 
            0, 
            3, 
            7, 
            6, 
            12, 
            8, 
            11, 
            2, 
            2, 
            13, 
            5, 
            8, 
            7
        ]
    }, 
    "15": {
        "silhouette_score": 0.069107483901521508, 
        "labels": [
            13, 
            9, 
            3, 
            3, 
            1, 
            7, 
            0, 
            12, 
            5, 
            3, 
            10, 
            14, 
            11, 
            8, 
            1, 
            6, 
            4, 
            4, 
            9, 
            2, 
            1, 
            5
        ]
    }, 
    "16": {
        "silhouette_score": 0.064107239557309334, 
        "labels": [
            15, 
            8, 
            4, 
            4, 
            4, 
            6, 
            2, 
            5, 
            10, 
            13, 
            11, 
            3, 
            14, 
            12, 
            0, 
            9, 
            1, 
            1, 
            8, 
            7, 
            0, 
            3
        ]
    }, 
    "17": {
        "silhouette_score": 0.032978496371375572, 
        "labels": [
            16, 
            6, 
            11, 
            0, 
            0, 
            4, 
            1, 
            12, 
            10, 
            11, 
            9, 
            3, 
            7, 
            5, 
            13, 
            8, 
            14, 
            2, 
            6, 
            15, 
            13, 
            3
        ]
    }, 
    "18": {
        "silhouette_score": 0.026432489182923027, 
        "labels": [
            13, 
            3, 
            4, 
            4, 
            0, 
            7, 
            16, 
            11, 
            12, 
            14, 
            5, 
            2, 
            6, 
            9, 
            17, 
            8, 
            15, 
            1, 
            3, 
            10, 
            17, 
            2
        ]
    }, 
    "19": {
        "silhouette_score": 0.019228044380573774,