{
    "2": {
        "silhouette_score": 0.48323794423352334, 
        "labels": [
            1, 
            1, 
            0, 
            1, 
            1, 
            1, 
            1, 
            1, 
            0, 
            1, 
            1, 
            1, 
            1, 
            1, 
            1, 
            1, 
            1
        ]
    }, 
    "3": {
        "silhouette_score": 0.14734864713839413, 
        "labels": [
            0, 
            1, 
            0, 
            1, 
            1, 
            1, 
            1, 
            0, 
            0, 
            1, 
            0, 
            0, 
            0, 
            0, 
            2, 
            1, 
            1
        ]
    }, 
    "4": {
        "silhouette_score": 0.41900184205706392, 
        "labels": [
            1, 
            1, 
            0, 
            1, 
            1, 
            1, 
            1, 
            1, 
            3, 
            1, 
            1, 
            1, 
            1, 
            1, 
            2, 
            1, 
            1
        ]
    }, 
    "5": {
        "silhouette_score": 0.26323703940481769, 
        "labels": [
            3, 
            3, 
            0, 
            2, 
            2, 
            3, 
            3, 
            3, 
            4, 
            2, 
            3, 
            3, 
            3, 
            3, 
            1, 
            3, 
            3
        ]
    }, 
    "6": {
        "silhouette_score": 0.077863518119478323, 
        "labels": [
            5, 
            0, 
            3, 
            1, 
            1, 
            0, 
            0, 
            5, 
            2, 
            0, 
            5, 
            5, 
            5, 
            5, 
            4, 
            5, 
            5
        ]
    }, 
    "7": {
        "silhouette_score": 0.13638470766821542, 
        "labels": [
            6, 
            1, 
            3, 
            4, 
            1, 
            1, 
            1, 
            6, 
            2, 
            1, 
            5, 
            6, 
            6, 
            6, 
            0, 
            1, 
            1
        ]
    }, 
    "8": {
        "silhouette_score": 0.1829921144344451, 
        "labels": [
            0, 
            0, 
            3, 
            6, 
            1, 
            7, 
            0, 
            0, 
            2, 
            1, 
            5, 
            0, 
            0, 
            0, 
            4, 
            0, 
            7
        ]
    }, 
    "9": {
        "silhouette_score": 0.10512570095796775, 
        "labels": [
            0, 
            6, 
            3, 
            7, 
            1, 
            8, 
            6, 
            6, 
            4, 
            6, 
            5, 
            0, 
            6, 
            6, 
            2, 
            6, 
            8
        ]
    }, 
    "10": {
        "silhouette_score": 0.10214274018289379, 
        "labels": [
            0, 
            8, 
            3, 
            4, 
            7, 
            6, 
            8, 
            0, 
            2, 
            8, 
            5, 
            0, 
            0, 
            0, 
            1, 
            8, 
            9
        ]
    }, 
    "11": {
        "silhouette_score": 0.076414138402276843, 
        "labels": [
            0, 
            3, 
            5, 
            2, 
            8, 
            9, 
            7, 
            0, 
            4, 
            10, 
            6, 
            0, 
            0, 
            0, 
            1, 
            3, 
            3
        ]
    }, 
    "12": {
        "silhouette_score": 0.085496416080142121, 
        "labels": [
            6, 
            4, 
            1, 
            5, 
            8, 
            10, 
            0, 
            11, 
            2, 
            4, 
            7, 
            11, 
            11, 
            11, 
            3, 
            4, 
            9
        ]
    }, 
    "13": {
        "silhouette_score": 0.098268107108287525, 
        "labels": [
            9, 
            7, 
            2, 
            4, 
            3, 
            10, 
            12, 
            0, 
            1, 
            11, 
            8, 
            9, 
            0, 
            9, 
            5, 
            7, 
            6
        ]
    }, 
    "14": {
        "silhouette_score": 0.090483654304647068, 
        "labels": [
            8, 
            0, 
            3, 
            6, 
            4, 
            10, 
            12, 
            9, 
            1, 
            11, 
            7, 
            13, 
            9, 
            13, 
            2, 
            0, 
            5
        ]
    }, 
    "15": {
        "silhouette_score": 0.060597769658165393, 
        "labels": [
            14, 
            8, 
            3, 
            5, 
            1, 
            10, 
            11, 
            0, 
            2, 
            12, 
            6, 
            9, 
            0, 
            13, 
            4, 
            8, 
            7
        ]
    }, 
    "16": {
        "silhouette_score": 0.038058742744471366, 
        "labels": [
            11, 
            10, 
            3, 
            4, 
            7, 
            5, 
            9, 
            14, 
            2, 
            8, 
            6, 
            13, 
            1, 
            15, 
            0, 
            10, 
            12
        ]
    }
}