{
    "2": {
        "silhouette_score": 0.29870122353933576, 
        "labels": [
            1, 
            0, 
            0, 
            0, 
            1, 
            1, 
            0, 
            0, 
            0, 
            0, 
            0, 
            0, 
            0, 
            1, 
            0, 
            1, 
            1, 
            1, 
            0, 
            0, 
            0, 
            0
        ]
    }, 
    "3": {
        "silhouette_score": 0.27454602775834464, 
        "labels": [
            1, 
            2, 
            2, 
            2, 
            1, 
            1, 
            2, 
            2, 
            2, 
            2, 
            2, 
            2, 
            0, 
            1, 
            2, 
            1, 
            1, 
            1, 
            2, 
            2, 
            2, 
            2
        ]
    }, 
    "4": {
        "silhouette_score": 0.2213253440044407, 
        "labels": [
            2, 
            0, 
            0, 
            0, 
            0, 
            1, 
            0, 
            3, 
            0, 
            0, 
            3, 
            0, 
            3, 
            1, 
            0, 
            1, 
            1, 
            1, 
            0, 
            0, 
            3, 
            0
        ]
    }, 
    "5": {
        "silhouette_score": 0.14279436871089618, 
        "labels": [
            4, 
            2, 
            2, 
            2, 
            2, 
            0, 
            1, 
            1, 
            1, 
            2, 
            1, 
            1, 
            3, 
            0, 
            2, 
            0, 
            0, 
            0, 
            2, 
            2, 
            1, 
            2
        ]
    }, 
    "6": {
        "silhouette_score": 0.16906079423718429, 
        "labels": [
            2, 
            4, 
            4, 
            4, 
            0, 
            0, 
            4, 
            1, 
            4, 
            4, 
            1, 
            4, 
            5, 
            3, 
            0, 
            0, 
            3, 
            3, 
            4, 
            4, 
            1, 
            4
        ]
    }, 
    "7": {
        "silhouette_score": 0.16243204190229688, 
        "labels": [
            4, 
            6, 
            2, 
            2, 
            2, 
            1, 
            6, 
            0, 
            6, 
            2, 
            0, 
            6, 
            5, 
            3, 
            2, 
            1, 
            3, 
            3, 
            2, 
            6, 
            0, 
            6
        ]
    }, 
    "8": {
        "silhouette_score": 0.16759488537444403, 
        "labels": [
            6, 
            3, 
            3, 
            3, 
            3, 
            7, 
            0, 
            2, 
            0, 
            3, 
            2, 
            0, 
            4, 
            5, 
            3, 
            7, 
            1, 
            1, 
            3, 
            3, 
            2, 
            3
        ]
    }, 
    "9": {
        "silhouette_score": 0.17833842695321536, 
        "labels": [
            6, 
            8, 
            8, 
            4, 
            4, 
            3, 
            1, 
            5, 
            1, 
            4, 
            5, 
            1, 
            2, 
            7, 
            4, 
            3, 
            0, 
            0, 
            4, 
            4, 
            5, 
            4
        ]
    }, 
    "10": {
        "silhouette_score": 0.18001698643079356, 
        "labels": [
            6, 
            4, 
            4, 
            7, 
            7, 
            3, 
            8, 
            5, 
            8, 
            4, 
            5, 
            8, 
            2, 
            9, 
            7, 
            3, 
            1, 
            1, 
            0, 
            0, 
            5, 
            8
        ]
    }, 
    "11": {
        "silhouette_score": 0.14762705295553696, 
        "labels": [
            7, 
            0, 
            4, 
            9, 
            9, 
            8, 
            1, 
            6, 
            1, 
            4, 
            6, 
            1, 
            3, 
            5, 
            4, 
            8, 
            2, 
            2, 
            10, 
            10, 
            4, 
            9
        ]
    }, 
    "12": {
        "silhouette_score": 0.18010728634860346, 
        "labels": [
            3, 
            7, 
            9, 
            6, 
            6, 
            10, 
            7, 
            8, 
            1, 
            9, 
            8, 
            1, 
            4, 
            5, 
            0, 
            10, 
            2, 
            2, 
            11, 
            11, 
            9, 
            1
        ]
    }, 
    "13": {
        "silhouette_score": 0.15141485948409875, 
        "labels": [
            7, 
            9, 
            9, 
            6, 
            6, 
            0, 
            9, 
            8, 
            10, 
            4, 
            8, 
            10, 
            2, 
            3, 
            12, 
            0, 
            5, 
            5, 
            11, 
            11, 
            4, 
            1
        ]
    }, 
    "14": {
        "silhouette_score": 0.12725864792653438, 
        "labels": [
            0, 
            6, 
            10, 
            2, 
            2, 
            11, 
            6, 
            4, 
            1, 
            10, 
            4, 
            1, 
            5, 
            9, 
            12, 
            7, 
            13, 
            3, 
            8, 
            8, 
            10, 
            1
        ]
    }, 
    "15": {
        "silhouette_score": 0.12063995814189209, 
        "labels": [
            4, 
            3, 
            8, 
            2, 
            2, 
            5, 
            3, 
            0, 
            9, 
            8, 
            0, 
            9, 
            10, 
            6, 
            12, 
            11, 
            1, 
            13, 
            7, 
            7, 
            14, 
            9
        ]
    }, 
    "16": {
        "silhouette_score": 0.096915023025391581, 
        "labels": [
            5, 
            7, 
            9, 
            2, 
            2, 
            0, 
            7, 
            1, 
            14, 
            9, 
            1, 
            14, 
            6, 
            3, 
            11, 
            10, 
            4, 
            12, 
            8, 
            8, 
            15, 
            13
        ]
    }, 
    "17": {
        "silhouette_score": 0.074654566991114835, 
        "labels": [
            6, 
            7, 
            7, 
            9, 
            9, 
            13, 
            16, 
            8, 
            10, 
            11, 
            8, 
            16, 
            4, 
            5, 
            15, 
            0, 
            2, 
            12, 
            14, 
            14, 
            3, 
            1
        ]
    }, 
    "18": {
        "silhouette_score": 0.065535886029444268, 
        "labels": [
            4, 
            17, 
            15, 
            1, 
            1, 
            16, 
            5, 
            2, 
            0, 
            12, 
            2, 
            5, 
            6, 
            7, 
            10, 
            8, 
            3, 
            13, 
            9, 
            9, 
            11, 
            14
        ]
    }, 
    "19": {
        "silhouette_score": 0.058030062944671099,