{
    "2": {
        "silhouette_score": 0.31123874655944173, 
        "labels": [
            0, 
            1, 
            0, 
            0, 
            1, 
            1, 
            1, 
            1, 
            1, 
            0, 
            0, 
            0, 
            0, 
            0, 
            0, 
            0, 
            1
        ]
    }, 
    "3": {
        "silhouette_score": 0.39365927541255774, 
        "labels": [
            0, 
            1, 
            0, 
            0, 
            1, 
            0, 
            1, 
            1, 
            1, 
            0, 
            0, 
            2, 
            2, 
            2, 
            0, 
            2, 
            1
        ]
    }, 
    "4": {
        "silhouette_score": 0.39444247288026285, 
        "labels": [
            2, 
            3, 
            2, 
            2, 
            3, 
            0, 
            0, 
            3, 
            0, 
            2, 
            2, 
            1, 
            1, 
            1, 
            2, 
            1, 
            0
        ]
    }, 
    "5": {
        "silhouette_score": 0.33450296432414489, 
        "labels": [
            1, 
            2, 
            4, 
            1, 
            2, 
            0, 
            0, 
            2, 
            0, 
            1, 
            4, 
            3, 
            3, 
            3, 
            4, 
            3, 
            0
        ]
    }, 
    "6": {
        "silhouette_score": 0.37854650163354958, 
        "labels": [
            3, 
            4, 
            0, 
            3, 
            4, 
            1, 
            1, 
            4, 
            1, 
            3, 
            0, 
            2, 
            5, 
            2, 
            0, 
            5, 
            1
        ]
    }, 
    "7": {
        "silhouette_score": 0.36651398923688089, 
        "labels": [
            0, 
            1, 
            6, 
            0, 
            1, 
            3, 
            3, 
            1, 
            3, 
            0, 
            6, 
            5, 
            2, 
            5, 
            4, 
            2, 
            3
        ]
    }, 
    "8": {
        "silhouette_score": 0.34253509085399825, 
        "labels": [
            6, 
            4, 
            2, 
            6, 
            4, 
            5, 
            1, 
            1, 
            5, 
            6, 
            2, 
            0, 
            3, 
            0, 
            7, 
            3, 
            5
        ]
    }, 
    "9": {
        "silhouette_score": 0.31748311429480591, 
        "labels": [
            3, 
            6, 
            5, 
            3, 
            6, 
            1, 
            4, 
            2, 
            4, 
            3, 
            5, 
            7, 
            0, 
            7, 
            8, 
            0, 
            4
        ]
    }, 
    "10": {
        "silhouette_score": 0.31991163047813087, 
        "labels": [
            7, 
            4, 
            3, 
            9, 
            4, 
            1, 
            5, 
            2, 
            5, 
            7, 
            3, 
            6, 
            0, 
            6, 
            8, 
            0, 
            5
        ]
    }, 
    "11": {
        "silhouette_score": 0.31846183287194363, 
        "labels": [
            7, 
            5, 
            3, 
            9, 
            5, 
            1, 
            10, 
            2, 
            4, 
            7, 
            3, 
            6, 
            0, 
            6, 
            8, 
            0, 
            4
        ]
    }, 
    "12": {
        "silhouette_score": 0.28331878199554955, 
        "labels": [
            4, 
            1, 
            11, 
            7, 
            1, 
            8, 
            10, 
            9, 
            3, 
            4, 
            0, 
            2, 
            6, 
            2, 
            5, 
            6, 
            3
        ]
    }, 
    "13": {
        "silhouette_score": 0.24985205055896187, 
        "labels": [
            12, 
            3, 
            2, 
            6, 
            3, 
            11, 
            5, 
            10, 
            0, 
            7, 
            8, 
            1, 
            4, 
            1, 
            9, 
            4, 
            0
        ]
    }, 
    "14": {
        "silhouette_score": 0.20655042386922062, 
        "labels": [
            4, 
            3, 
            2, 
            6, 
            13, 
            10, 
            9, 
            7, 
            0, 
            12, 
            11, 
            1, 
            5, 
            1, 
            8, 
            5, 
            0
        ]
    }, 
    "15": {
        "silhouette_score": 0.16900591844556284, 
        "labels": [
            1, 
            2, 
            10, 
            7, 
            13, 
            8, 
            11, 
            9, 
            14, 
            12, 
            6, 
            3, 
            5, 
            3, 
            4, 
            5, 
            0
        ]
    }, 
    "16": {
        "silhouette_score": 0.099278106519559553, 
        "labels": [
            12, 
            8, 
            11, 
            2, 
            13, 
            10, 
            9, 
            3, 
            1, 
            5, 
            4, 
            15, 
            0, 
            7, 
            6, 
            0, 
            14
        ]
    }
}