{
    "2": {
        "silhouette_score": 0.31652106576879369, 
        "labels": [
            1, 
            0, 
            1, 
            1, 
            1, 
            1, 
            0, 
            1, 
            1
        ]
    }, 
    "3": {
        "silhouette_score": 0.29090849330124868, 
        "labels": [
            0, 
            1, 
            2, 
            0, 
            0, 
            1, 
            1, 
            0, 
            0
        ]
    }, 
    "4": {
        "silhouette_score": 0.22608489008153501, 
        "labels": [
            2, 
            2, 
            3, 
            0, 
            0, 
            1, 
            2, 
            0, 
            0
        ]
    }, 
    "5": {
        "silhouette_score": 0.1713672037739134, 
        "labels": [
            4, 
            2, 
            1, 
            0, 
            0, 
            3, 
            2, 
            0, 
            0
        ]
    }, 
    "6": {
        "silhouette_score": 0.13289769820476177, 
        "labels": [
            0, 
            3, 
            4, 
            1, 
            1, 
            2, 
            5, 
            1, 
            1
        ]
    }, 
    "7": {
        "silhouette_score": 0.10760285146853765, 
        "labels": [
            0, 
            6, 
            4, 
            3, 
            3, 
            5, 
            1, 
            3, 
            2
        ]
    }, 
    "8": {
        "silhouette_score": 0.042212041356412495, 
        "labels": [
            3, 
            0, 
            2, 
            7, 
            1, 
            4, 
            5, 
            1, 
            6
        ]
    }
}