{
    "2": {
        "silhouette_score": 0.2785111471572479, 
        "labels": [
            1, 
            0, 
            0, 
            0, 
            0, 
            1, 
            1, 
            1, 
            1, 
            0, 
            0, 
            0, 
            0, 
            0, 
            0, 
            0, 
            1
        ]
    }, 
    "3": {
        "silhouette_score": 0.33756806960296476, 
        "labels": [
            0, 
            2, 
            1, 
            1, 
            2, 
            0, 
            0, 
            0, 
            0, 
            1, 
            1, 
            2, 
            2, 
            2, 
            1, 
            2, 
            0
        ]
    }, 
    "4": {
        "silhouette_score": 0.33752440823596352, 
        "labels": [
            1, 
            2, 
            0, 
            0, 
            2, 
            1, 
            1, 
            1, 
            1, 
            0, 
            0, 
            2, 
            2, 
            2, 
            3, 
            2, 
            1
        ]
    }, 
    "5": {
        "silhouette_score": 0.28480348582598841, 
        "labels": [
            1, 
            2, 
            0, 
            0, 
            2, 
            1, 
            4, 
            4, 
            1, 
            0, 
            0, 
            2, 
            2, 
            2, 
            3, 
            2, 
            4
        ]
    }, 
    "6": {
        "silhouette_score": 0.24534398513985825, 
        "labels": [
            4, 
            1, 
            2, 
            3, 
            1, 
            4, 
            0, 
            0, 
            4, 
            3, 
            3, 
            1, 
            1, 
            1, 
            5, 
            1, 
            0
        ]
    }, 
    "7": {
        "silhouette_score": 0.23654347385877811, 
        "labels": [
            3, 
            1, 
            5, 
            0, 
            1, 
            4, 
            2, 
            2, 
            3, 
            0, 
            5, 
            1, 
            1, 
            1, 
            6, 
            1, 
            2
        ]
    }, 
    "8": {
        "silhouette_score": 0.21805192383885597, 
        "labels": [
            6, 
            2, 
            1, 
            7, 
            2, 
            0, 
            3, 
            3, 
            6, 
            4, 
            4, 
            2, 
            2, 
            2, 
            5, 
            2, 
            3
        ]
    }, 
    "9": {
        "silhouette_score": 0.20218425943879204, 
        "labels": [
            0, 
            1, 
            8, 
            6, 
            1, 
            5, 
            7, 
            7, 
            0, 
            2, 
            2, 
            1, 
            1, 
            1, 
            4, 
            1, 
            3
        ]
    }, 
    "10": {
        "silhouette_score": 0.1231010688958811, 
        "labels": [
            3, 
            1, 
            5, 
            0, 
            9, 
            6, 
            2, 
            2, 
            3, 
            7, 
            7, 
            1, 
            1, 
            1, 
            4, 
            1, 
            8
        ]
    }, 
    "11": {
        "silhouette_score": 0.11931534979099805, 
        "labels": [
            1, 
            4, 
            7, 
            9, 
            0, 
            10, 
            5, 
            5, 
            1, 
            6, 
            3, 
            4, 
            4, 
            4, 
            2, 
            4, 
            8
        ]
    }, 
    "12": {
        "silhouette_score": 0.10914470109799325, 
        "labels": [
            10, 
            2, 
            8, 
            9, 
            11, 
            4, 
            6, 
            6, 
            7, 
            5, 
            0, 
            2, 
            2, 
            2, 
            3, 
            2, 
            1
        ]
    }, 
    "13": {
        "silhouette_score": 0.068571340865438771, 
        "labels": [
            5, 
            12, 
            6, 
            7, 
            9, 
            8, 
            1, 
            1, 
            10, 
            11, 
            2, 
            0, 
            0, 
            0, 
            3, 
            0, 
            4
        ]
    }, 
    "14": {
        "silhouette_score": 0.073612478104061949, 
        "labels": [
            8, 
            11, 
            3, 
            1, 
            10, 
            4, 
            2, 
            2, 
            6, 
            7, 
            9, 
            0, 
            0, 
            12, 
            5, 
            0, 
            13
        ]
    }, 
    "15": {
        "silhouette_score": 0.051758185076219147, 
        "labels": [
            1, 
            12, 
            6, 
            9, 
            11, 
            4, 
            13, 
            5, 
            10, 
            7, 
            0, 
            2, 
            2, 
            14, 
            3, 
            2, 
            8
        ]
    }, 
    "16": {
        "silhouette_score": 0.0083424647640380992, 
        "labels": [
            8, 
            11, 
            3, 
            2, 
            12, 
            0, 
            5, 
            13, 
            4, 
            7, 
            9, 
            1, 
            1, 
            14, 
            6, 
            15, 
            10
        ]
    }
}