{
    "2": {
        "silhouette_score": 0.28201633276902943, 
        "labels": [
            0, 
            0, 
            0, 
            1, 
            0, 
            0
        ]
    }, 
    "3": {
        "silhouette_score": 0.1119254251534192, 
        "labels": [
            1, 
            0, 
            0, 
            2, 
            0, 
            0
        ]
    }, 
    "4": {
        "silhouette_score": 0.086486480623681847, 
        "labels": [
            0, 
            1, 
            3, 
            2, 
            1, 
            1
        ]
    }, 
    "5": {
        "silhouette_score": 0.040723185877664186, 
        "labels": [
            2, 
            0, 
            3, 
            1, 
            4, 
            0
        ]
    }
}