{
    "2": {
        "silhouette_score": 0.20634565390709703, 
        "labels": [
            0, 
            0, 
            0, 
            1, 
            1, 
            0, 
            0, 
            1, 
            0
        ]
    }, 
    "3": {
        "silhouette_score": 0.1654111296175701, 
        "labels": [
            2, 
            2, 
            2, 
            0, 
            0, 
            1, 
            2, 
            0, 
            2
        ]
    }, 
    "4": {
        "silhouette_score": 0.16023242520673409, 
        "labels": [
            1, 
            1, 
            0, 
            3, 
            3, 
            2, 
            1, 
            3, 
            1
        ]
    }, 
    "5": {
        "silhouette_score": 0.2103028783910518, 
        "labels": [
            1, 
            1, 
            3, 
            0, 
            4, 
            2, 
            1, 
            0, 
            4
        ]
    }, 
    "6": {
        "silhouette_score": 0.14226049969733956, 
        "labels": [
            3, 
            1, 
            2, 
            0, 
            2, 
            4, 
            3, 
            0, 
            5
        ]
    }, 
    "7": {
        "silhouette_score": 0.11029975627916351, 
        "labels": [
            3, 
            0, 
            4, 
            5, 
            1, 
            2, 
            3, 
            5, 
            6
        ]
    }, 
    "8": {
        "silhouette_score": 0.053185467866004421, 
        "labels": [
            1, 
            6, 
            3, 
            7, 
            5, 
            2, 
            1, 
            0, 
            4
        ]
    }
}