{
    "2": {
        "silhouette_score": 0.26796627521052058, 
        "labels": [
            0, 
            1, 
            0, 
            0, 
            0, 
            1, 
            0, 
            1, 
            0, 
            1, 
            1, 
            0, 
            0, 
            1, 
            0, 
            0, 
            0, 
            0, 
            1, 
            1, 
            0, 
            0
        ]
    }, 
    "3": {
        "silhouette_score": 0.23091548614615692, 
        "labels": [
            1, 
            0, 
            2, 
            1, 
            1, 
            0, 
            1, 
            0, 
            1, 
            0, 
            2, 
            1, 
            1, 
            2, 
            1, 
            1, 
            1, 
            1, 
            0, 
            0, 
            1, 
            1
        ]
    }, 
    "4": {
        "silhouette_score": 0.11276864142475956, 
        "labels": [
            1, 
            3, 
            2, 
            0, 
            1, 
            3, 
            1, 
            0, 
            1, 
            3, 
            2, 
            2, 
            1, 
            3, 
            1, 
            0, 
            1, 
            0, 
            3, 
            3, 
            1, 
            1
        ]
    }, 
    "5": {
        "silhouette_score": 0.10845745511682722, 
        "labels": [
            1, 
            2, 
            1, 
            3, 
            3, 
            2, 
            4, 
            3, 
            4, 
            2, 
            2, 
            3, 
            4, 
            0, 
            3, 
            3, 
            1, 
            4, 
            2, 
            2, 
            4, 
            4
        ]
    }, 
    "6": {
        "silhouette_score": 0.10556495957925426, 
        "labels": [
            3, 
            1, 
            4, 
            2, 
            3, 
            1, 
            0, 
            2, 
            3, 
            1, 
            4, 
            4, 
            5, 
            1, 
            3, 
            2, 
            0, 
            0, 
            1, 
            1, 
            0, 
            3
        ]
    }, 
    "7": {
        "silhouette_score": 0.13893969805263753, 
        "labels": [
            0, 
            1, 
            6, 
            2, 
            2, 
            1, 
            2, 
            2, 
            0, 
            1, 
            6, 
            0, 
            5, 
            3, 
            0, 
            4, 
            2, 
            2, 
            1, 
            1, 
            0, 
            0
        ]
    }, 
    "8": {
        "silhouette_score": 0.11275512739579083, 
        "labels": [
            6, 
            5, 
            3, 
            4, 
            0, 
            2, 
            1, 
            4, 
            1, 
            5, 
            3, 
            0, 
            0, 
            7, 
            0, 
            4, 
            1, 
            1, 
            5, 
            5, 
            0, 
            1
        ]
    }, 
    "9": {
        "silhouette_score": 0.067780839673973262, 
        "labels": [
            2, 
            6, 
            4, 
            3, 
            3, 
            6, 
            5, 
            3, 
            5, 
            1, 
            4, 
            3, 
            0, 
            8, 
            2, 
            7, 
            5, 
            5, 
            1, 
            6, 
            5, 
            2
        ]
    }, 
    "10": {
        "silhouette_score": 0.11945500571328921, 
        "labels": [
            9, 
            3, 
            1, 
            2, 
            2, 
            3, 
            4, 
            2, 
            7, 
            3, 
            1, 
            0, 
            8, 
            6, 
            2, 
            5, 
            2, 
            4, 
            3, 
            3, 
            4, 
            2
        ]
    }, 
    "11": {
        "silhouette_score": 0.12010559451828971, 
        "labels": [
            8, 
            3, 
            4, 
            1, 
            1, 
            3, 
            6, 
            0, 
            2, 
            3, 
            4, 
            10, 
            5, 
            7, 
            1, 
            0, 
            1, 
            6, 
            3, 
            3, 
            6, 
            9
        ]
    }, 
    "12": {
        "silhouette_score": 0.098027041742111506, 
        "labels": [
            7, 
            3, 
            4, 
            10, 
            10, 
            1, 
            5, 
            10, 
            11, 
            3, 
            4, 
            10, 
            9, 
            6, 
            0, 
            8, 
            2, 
            5, 
            3, 
            3, 
            0, 
            0
        ]
    }, 
    "13": {
        "silhouette_score": 0.06426897224898688, 
        "labels": [
            4, 
            1, 
            6, 
            10, 
            10, 
            1, 
            0, 
            11, 
            8, 
            1, 
            5, 
            2, 
            9, 
            7, 
            10, 
            12, 
            3, 
            3, 
            1, 
            1, 
            0, 
            10
        ]
    }, 
    "14": {
        "silhouette_score": 0.060879365715068842, 
        "labels": [
            4, 
            5, 
            11, 
            8, 
            8, 
            5, 
            2, 
            8, 
            12, 
            0, 
            3, 
            1, 
            9, 
            7, 
            10, 
            13, 
            2, 
            2, 
            5, 
            5, 
            6, 
            10
        ]
    }, 
    "15": {
        "silhouette_score": 0.062964695717612984, 
        "labels": [
            5, 
            1, 
            3, 
            8, 
            8, 
            11, 
            2, 
            8, 
            13, 
            11, 
            12, 
            10, 
            7, 
            4, 
            9, 
            6, 
            14, 
            2, 
            11, 
            1, 
            0, 
            9
        ]
    }, 
    "16": {
        "silhouette_score": 0.037839233070593177, 
        "labels": [
            8, 
            2, 
            5, 
            4, 
            4, 
            15, 
            12, 
            1, 
            9, 
            13, 
            11, 
            0, 
            7, 
            6, 
            4, 
            10, 
            3, 
            12, 
            13, 
            2, 
            12, 
            14
        ]
    }, 
    "17": {
        "silhouette_score": 0.042448178873666233, 
        "labels": [
            7, 
            5, 
            10, 
            3, 
            3, 
            14, 
            9, 
            15, 
            11, 
            0, 
            2, 
            13, 
            6, 
            4, 
            16, 
            12, 
            8, 
            9, 
            0, 
            5, 
            9, 
            1
        ]
    }, 
    "18": {
        "silhouette_score": 0.053980207390050279, 
        "labels": [
            8, 
            0, 
            3, 
            9, 
            17, 
            13, 
            1, 
            16, 
            11, 
            15, 
            10, 
            5, 
            7, 
            4, 
            2, 
            6, 
            1, 
            1, 
            15, 
            0, 
            14, 
            12
        ]
    }, 
    "19": {
        "silhouette_score": 0.030295410628078268,