{
    "2": {
        "silhouette_score": 0.28433141551439878, 
        "labels": [
            1, 
            1, 
            0, 
            1, 
            0, 
            1, 
            0, 
            1, 
            0, 
            1, 
            1, 
            0, 
            0, 
            0, 
            0, 
            1, 
            0, 
            0, 
            1, 
            1, 
            0, 
            0
        ]
    }, 
    "3": {
        "silhouette_score": 0.16082362944423864, 
        "labels": [
            2, 
            0, 
            2, 
            2, 
            2, 
            0, 
            1, 
            0, 
            1, 
            0, 
            0, 
            2, 
            1, 
            1, 
            1, 
            0, 
            2, 
            1, 
            0, 
            0, 
            1, 
            1
        ]
    }, 
    "4": {
        "silhouette_score": 0.18237445426874493, 
        "labels": [
            1, 
            1, 
            0, 
            1, 
            0, 
            1, 
            0, 
            1, 
            0, 
            3, 
            1, 
            1, 
            2, 
            3, 
            0, 
            1, 
            0, 
            0, 
            3, 
            1, 
            0, 
            0
        ]
    }, 
    "5": {
        "silhouette_score": 0.20442878547279439, 
        "labels": [
            0, 
            1, 
            0, 
            0, 
            0, 
            1, 
            2, 
            1, 
            3, 
            1, 
            1, 
            0, 
            3, 
            4, 
            2, 
            1, 
            2, 
            2, 
            1, 
            1, 
            2, 
            2
        ]
    }, 
    "6": {
        "silhouette_score": 0.22781424729733868, 
        "labels": [
            5, 
            1, 
            5, 
            0, 
            0, 
            1, 
            0, 
            1, 
            4, 
            1, 
            5, 
            5, 
            2, 
            3, 
            0, 
            1, 
            0, 
            0, 
            1, 
            1, 
            0, 
            4
        ]
    }, 
    "7": {
        "silhouette_score": 0.1331288038706708, 
        "labels": [
            2, 
            4, 
            2, 
            0, 
            0, 
            0, 
            6, 
            4, 
            5, 
            4, 
            2, 
            2, 
            1, 
            3, 
            5, 
            4, 
            5, 
            6, 
            4, 
            4, 
            6, 
            5
        ]
    }, 
    "8": {
        "silhouette_score": 0.10675043159126814, 
        "labels": [
            1, 
            1, 
            4, 
            0, 
            2, 
            1, 
            0, 
            1, 
            6, 
            7, 
            4, 
            4, 
            5, 
            3, 
            2, 
            1, 
            2, 
            0, 
            7, 
            1, 
            0, 
            2
        ]
    }, 
    "9": {
        "silhouette_score": 0.099311164274979088, 
        "labels": [
            6, 
            0, 
            6, 
            3, 
            3, 
            3, 
            7, 
            3, 
            1, 
            8, 
            5, 
            6, 
            4, 
            2, 
            7, 
            3, 
            1, 
            7, 
            3, 
            0, 
            7, 
            1
        ]
    }, 
    "10": {
        "silhouette_score": 0.091506027908088317, 
        "labels": [
            0, 
            2, 
            7, 
            1, 
            1, 
            2, 
            5, 
            2, 
            3, 
            6, 
            8, 
            7, 
            9, 
            4, 
            5, 
            2, 
            5, 
            1, 
            1, 
            2, 
            5, 
            5
        ]
    }, 
    "11": {
        "silhouette_score": 0.11832381685554415, 
        "labels": [
            5, 
            1, 
            4, 
            0, 
            0, 
            7, 
            9, 
            7, 
            2, 
            10, 
            4, 
            4, 
            3, 
            6, 
            8, 
            1, 
            2, 
            9, 
            10, 
            7, 
            8, 
            2
        ]
    }, 
    "12": {
        "silhouette_score": 0.084966284282335713, 
        "labels": [
            9, 
            11, 
            8, 
            0, 
            0, 
            2, 
            1, 
            2, 
            6, 
            5, 
            10, 
            8, 
            4, 
            3, 
            7, 
            2, 
            7, 
            1, 
            0, 
            11, 
            1, 
            1
        ]
    }, 
    "13": {
        "silhouette_score": 0.1150568974783097, 
        "labels": [
            12, 
            6, 
            0, 
            5, 
            2, 
            7, 
            10, 
            7, 
            9, 
            5, 
            11, 
            0, 
            3, 
            8, 
            2, 
            1, 
            4, 
            10, 
            5, 
            6, 
            2, 
            4
        ]
    }, 
    "14": {
        "silhouette_score": 0.1224941481529, 
        "labels": [
            11, 
            0, 
            6, 
            4, 
            4, 
            8, 
            1, 
            8, 
            2, 
            7, 
            9, 
            12, 
            5, 
            3, 
            10, 
            7, 
            10, 
            1, 
            7, 
            0, 
            1, 
            13
        ]
    }, 
    "15": {
        "silhouette_score": 0.11685124626139703, 
        "labels": [
            6, 
            10, 
            4, 
            7, 
            2, 
            0, 
            8, 
            0, 
            11, 
            7, 
            9, 
            13, 
            3, 
            5, 
            12, 
            7, 
            14, 
            8, 
            7, 
            10, 
            2, 
            1
        ]
    }, 
    "16": {
        "silhouette_score": 0.10623668328418222, 
        "labels": [
            12, 
            8, 
            10, 
            9, 
            9, 
            1, 
            0, 
            1, 
            11, 
            14, 
            2, 
            4, 
            3, 
            5, 
            13, 
            6, 
            15, 
            0, 
            6, 
            8, 
            0, 
            7
        ]
    }, 
    "17": {
        "silhouette_score": 0.10920721022013172, 
        "labels": [
            3, 
            12, 
            7, 
            15, 
            15, 
            9, 
            10, 
            9, 
            4, 
            11, 
            5, 
            16, 
            8, 
            6, 
            14, 
            1, 
            0, 
            10, 
            11, 
            12, 
            2, 
            13
        ]
    }, 
    "18": {
        "silhouette_score": 0.095424119817647438, 
        "labels": [
            2, 
            1, 
            15, 
            14, 
            16, 
            10, 
            4, 
            10, 
            7, 
            11, 
            8, 
            3, 
            5, 
            9, 
            0, 
            6, 
            12, 
            4, 
            6, 
            1, 
            13, 
            17
        ]
    }, 
    "19": {
        "silhouette_score": 0.079376365924483397,