{
    "2": {
        "silhouette_score": 0.17656985660988808, 
        "labels": [
            0, 
            1, 
            0, 
            1, 
            1, 
            1, 
            0, 
            1
        ]
    }, 
    "3": {
        "silhouette_score": 0.1400239425415426, 
        "labels": [
            1, 
            0, 
            1, 
            0, 
            0, 
            2, 
            1, 
            0
        ]
    }, 
    "4": {
        "silhouette_score": 0.1338829407918139, 
        "labels": [
            3, 
            1, 
            0, 
            1, 
            1, 
            2, 
            3, 
            1
        ]
    }, 
    "5": {
        "silhouette_score": 0.12649793036577697, 
        "labels": [
            0, 
            1, 
            3, 
            2, 
            1, 
            4, 
            0, 
            2
        ]
    }, 
    "6": {
        "silhouette_score": 0.12611654397390354, 
        "labels": [
            1, 
            5, 
            3, 
            0, 
            2, 
            4, 
            1, 
            0
        ]
    }, 
    "7": {
        "silhouette_score": 0.066332304712256762, 
        "labels": [
            2, 
            4, 
            3, 
            0, 
            5, 
            1, 
            6, 
            0
        ]
    }
}