{
    "2": {
        "silhouette_score": 0.29274455954259881, 
        "labels": [
            0, 
            0, 
            0, 
            0, 
            0, 
            1, 
            0, 
            0, 
            0
        ]
    }, 
    "3": {
        "silhouette_score": 0.27837468296618378, 
        "labels": [
            0, 
            0, 
            0, 
            0, 
            0, 
            1, 
            0, 
            0, 
            2
        ]
    }, 
    "4": {
        "silhouette_score": 0.11656804389648512, 
        "labels": [
            2, 
            0, 
            2, 
            2, 
            2, 
            1, 
            0, 
            0, 
            3
        ]
    }, 
    "5": {
        "silhouette_score": 0.052491545252337582, 
        "labels": [
            1, 
            2, 
            2, 
            4, 
            2, 
            3, 
            1, 
            2, 
            0
        ]
    }, 
    "6": {
        "silhouette_score": 0.056544126499672158, 
        "labels": [
            1, 
            2, 
            2, 
            0, 
            1, 
            5, 
            4, 
            2, 
            3
        ]
    }, 
    "7": {
        "silhouette_score": 0.0093467591512730718, 
        "labels": [
            4, 
            0, 
            6, 
            1, 
            6, 
            3, 
            5, 
            6, 
            2
        ]
    }, 
    "8": {
        "silhouette_score": 0.022607273732521197, 
        "labels": [
            7, 
            4, 
            6, 
            5, 
            0, 
            2, 
            3, 
            0, 
            1
        ]
    }
}