{
    "2": {
        "silhouette_score": 0.48863511777431001, 
        "labels": [
            0, 
            1, 
            0, 
            0, 
            0, 
            1, 
            1, 
            0, 
            0
        ]
    }, 
    "3": {
        "silhouette_score": 0.36750633943692246, 
        "labels": [
            2, 
            0, 
            1, 
            1, 
            1, 
            2, 
            0, 
            1, 
            1
        ]
    }, 
    "4": {
        "silhouette_score": 0.35603943699737123, 
        "labels": [
            2, 
            1, 
            0, 
            0, 
            0, 
            3, 
            2, 
            0, 
            0
        ]
    }, 
    "5": {
        "silhouette_score": 0.085742808130036499, 
        "labels": [
            4, 
            2, 
            1, 
            1, 
            1, 
            0, 
            2, 
            3, 
            1
        ]
    }, 
    "6": {
        "silhouette_score": 0.16356107250953406, 
        "labels": [
            5, 
            4, 
            1, 
            1, 
            3, 
            0, 
            2, 
            3, 
            1
        ]
    }, 
    "7": {
        "silhouette_score": 0.10320844163162436, 
        "labels": [
            6, 
            1, 
            0, 
            0, 
            5, 
            3, 
            2, 
            4, 
            0
        ]
    }, 
    "8": {
        "silhouette_score": 0.020612740804857015, 
        "labels": [
            2, 
            0, 
            4, 
            4, 
            1, 
            3, 
            5, 
            6, 
            7
        ]
    }
}