{
    "2": {
        "silhouette_score": 0.14814548992064303, 
        "labels": [
            0, 
            1, 
            0, 
            0, 
            0, 
            1, 
            0, 
            0
        ]
    }, 
    "3": {
        "silhouette_score": 0.14008283708604324, 
        "labels": [
            0, 
            1, 
            2, 
            0, 
            2, 
            1, 
            0, 
            0
        ]
    }, 
    "4": {
        "silhouette_score": 0.12537235774396238, 
        "labels": [
            3, 
            0, 
            1, 
            2, 
            2, 
            0, 
            3, 
            2
        ]
    }, 
    "5": {
        "silhouette_score": 0.14353371167117654, 
        "labels": [
            4, 
            2, 
            0, 
            1, 
            3, 
            2, 
            4, 
            1
        ]
    }, 
    "6": {
        "silhouette_score": 0.11278225788052157, 
        "labels": [
            1, 
            5, 
            4, 
            0, 
            3, 
            2, 
            1, 
            0
        ]
    }, 
    "7": {
        "silhouette_score": 0.061976314016377695, 
        "labels": [
            3, 
            1, 
            4, 
            2, 
            0, 
            6, 
            5, 
            2
        ]
    }
}