{
    "2": {
        "silhouette_score": 0.29756491418567382, 
        "labels": [
            0, 
            1, 
            1, 
            1, 
            0, 
            0, 
            1, 
            1, 
            1, 
            1, 
            1, 
            1, 
            1, 
            0, 
            1, 
            0, 
            0, 
            0, 
            1, 
            1, 
            1, 
            1
        ]
    }, 
    "3": {
        "silhouette_score": 0.29887860944856037, 
        "labels": [
            2, 
            0, 
            0, 
            0, 
            0, 
            2, 
            0, 
            0, 
            0, 
            0, 
            0, 
            0, 
            1, 
            2, 
            0, 
            2, 
            2, 
            2, 
            0, 
            0, 
            0, 
            0
        ]
    }, 
    "4": {
        "silhouette_score": 0.22305829132008562, 
        "labels": [
            3, 
            2, 
            2, 
            2, 
            2, 
            1, 
            2, 
            0, 
            2, 
            2, 
            0, 
            2, 
            0, 
            1, 
            2, 
            1, 
            1, 
            1, 
            2, 
            2, 
            0, 
            2
        ]
    }, 
    "5": {
        "silhouette_score": 0.17090652172811985, 
        "labels": [
            3, 
            0, 
            0, 
            2, 
            2, 
            1, 
            0, 
            0, 
            0, 
            0, 
            0, 
            0, 
            4, 
            1, 
            2, 
            2, 
            1, 
            1, 
            2, 
            0, 
            0, 
            0
        ]
    }, 
    "6": {
        "silhouette_score": 0.15963189305971723, 
        "labels": [
            3, 
            1, 
            1, 
            1, 
            2, 
            2, 
            1, 
            1, 
            1, 
            1, 
            1, 
            1, 
            5, 
            0, 
            4, 
            2, 
            2, 
            0, 
            1, 
            1, 
            4, 
            1
        ]
    }, 
    "7": {
        "silhouette_score": 0.15668071540025366, 
        "labels": [
            2, 
            5, 
            0, 
            4, 
            4, 
            4, 
            5, 
            5, 
            6, 
            0, 
            5, 
            5, 
            3, 
            1, 
            0, 
            4, 
            1, 
            1, 
            6, 
            6, 
            0, 
            6
        ]
    }, 
    "8": {
        "silhouette_score": 0.15978315217618466, 
        "labels": [
            5, 
            0, 
            0, 
            7, 
            7, 
            1, 
            2, 
            2, 
            2, 
            0, 
            2, 
            2, 
            4, 
            3, 
            7, 
            1, 
            1, 
            3, 
            6, 
            6, 
            0, 
            6
        ]
    }, 
    "9": {
        "silhouette_score": 0.19385728997512183, 
        "labels": [
            0, 
            1, 
            6, 
            4, 
            4, 
            8, 
            1, 
            7, 
            1, 
            6, 
            7, 
            1, 
            3, 
            5, 
            6, 
            8, 
            2, 
            2, 
            4, 
            4, 
            6, 
            4
        ]
    }, 
    "10": {
        "silhouette_score": 0.19433460375953479, 
        "labels": [
            3, 
            5, 
            5, 
            1, 
            1, 
            9, 
            7, 
            4, 
            7, 
            8, 
            4, 
            7, 
            2, 
            6, 
            8, 
            9, 
            0, 
            0, 
            1, 
            1, 
            8, 
            7
        ]
    }, 
    "11": {
        "silhouette_score": 0.18372583415278215, 
        "labels": [
            0, 
            1, 
            1, 
            4, 
            2, 
            2, 
            10, 
            7, 
            10, 
            9, 
            7, 
            10, 
            5, 
            3, 
            9, 
            2, 
            8, 
            8, 
            4, 
            4, 
            6, 
            4
        ]
    }, 
    "12": {
        "silhouette_score": 0.17285076610433903, 
        "labels": [
            0, 
            7, 
            1, 
            9, 
            9, 
            6, 
            7, 
            8, 
            3, 
            1, 
            8, 
            3, 
            4, 
            10, 
            11, 
            6, 
            5, 
            5, 
            2, 
            2, 
            1, 
            3
        ]
    }, 
    "13": {
        "silhouette_score": 0.16537227582918704, 
        "labels": [
            3, 
            0, 
            7, 
            1, 
            1, 
            8, 
            0, 
            10, 
            6, 
            7, 
            10, 
            0, 
            2, 
            5, 
            9, 
            8, 
            4, 
            4, 
            11, 
            11, 
            12, 
            6
        ]
    }, 
    "14": {
        "silhouette_score": 0.13558617310441676, 
        "labels": [
            7, 
            5, 
            11, 
            3, 
            3, 
            9, 
            8, 
            1, 
            8, 
            11, 
            1, 
            8, 
            6, 
            4, 
            10, 
            9, 
            0, 
            0, 
            2, 
            2, 
            13, 
            12
        ]
    }, 
    "15": {
        "silhouette_score": 0.14953103697910941, 
        "labels": [
            2, 
            7, 
            7, 
            1, 
            1, 
            8, 
            11, 
            0, 
            10, 
            5, 
            0, 
            11, 
            4, 
            9, 
            14, 
            8, 
            12, 
            3, 
            13, 
            13, 
            5, 
            6
        ]
    }, 
    "16": {
        "silhouette_score": 0.13425901421973513, 
        "labels": [
            3, 
            6, 
            6, 
            1, 
            1, 
            8, 
            12, 
            7, 
            10, 
            2, 
            7, 
            12, 
            0, 
            11, 
            13, 
            8, 
            14, 
            4, 
            9, 
            9, 
            15, 
            5
        ]
    }, 
    "17": {
        "silhouette_score": 0.11328317511578247, 
        "labels": [
            2, 
            11, 
            11, 
            4, 
            4, 
            6, 
            1, 
            8, 
            15, 
            5, 
            8, 
            1, 
            3, 
            0, 
            10, 
            16, 
            9, 
            14, 
            7, 
            7, 
            12, 
            13
        ]
    }, 
    "18": {
        "silhouette_score": 0.10443000865044101, 
        "labels": [
            4, 
            3, 
            3, 
            5, 
            5, 
            9, 
            0, 
            7, 
            17, 
            11, 
            7, 
            0, 
            2, 
            6, 
            10, 
            16, 
            1, 
            12, 
            15, 
            8, 
            14, 
            13
        ]
    }, 
    "19": {
        "silhouette_score": 0.095070726838519595,