{
    "2": {
        "silhouette_score": 0.25225314163074192, 
        "labels": [
            0, 
            0, 
            0, 
            1, 
            0, 
            0
        ]
    }, 
    "3": {
        "silhouette_score": 0.10261423973230599, 
        "labels": [
            0, 
            1, 
            0, 
            2, 
            1, 
            0
        ]
    }, 
    "4": {
        "silhouette_score": 0.073657319895020723, 
        "labels": [
            3, 
            1, 
            1, 
            2, 
            0, 
            3
        ]
    }, 
    "5": {
        "silhouette_score": 0.019615338308712919, 
        "labels": [
            0, 
            1, 
            4, 
            2, 
            3, 
            1
        ]
    }
}