{
    "2": {
        "silhouette_score": 0.39516638769496565, 
        "labels": [
            0, 
            0, 
            1, 
            0, 
            0, 
            0, 
            0, 
            0, 
            1, 
            0, 
            0, 
            0, 
            0, 
            0, 
            0, 
            0, 
            0
        ]
    }, 
    "3": {
        "silhouette_score": 0.10993414512429128, 
        "labels": [
            0, 
            0, 
            2, 
            2, 
            1, 
            0, 
            0, 
            2, 
            2, 
            2, 
            2, 
            2, 
            0, 
            2, 
            1, 
            2, 
            2
        ]
    }, 
    "4": {
        "silhouette_score": 0.26834659253509546, 
        "labels": [
            1, 
            1, 
            2, 
            0, 
            3, 
            3, 
            3, 
            1, 
            2, 
            1, 
            1, 
            1, 
            1, 
            1, 
            3, 
            1, 
            1
        ]
    }, 
    "5": {
        "silhouette_score": 0.11775223118910538, 
        "labels": [
            0, 
            0, 
            3, 
            0, 
            1, 
            1, 
            1, 
            0, 
            4, 
            0, 
            2, 
            0, 
            0, 
            0, 
            1, 
            0, 
            0
        ]
    }, 
    "6": {
        "silhouette_score": 0.13210797502604715, 
        "labels": [
            5, 
            5, 
            3, 
            4, 
            2, 
            2, 
            2, 
            0, 
            3, 
            0, 
            0, 
            0, 
            5, 
            0, 
            1, 
            0, 
            0
        ]
    }, 
    "7": {
        "silhouette_score": 0.14356208722230315, 
        "labels": [
            6, 
            1, 
            4, 
            5, 
            1, 
            1, 
            1, 
            0, 
            2, 
            0, 
            6, 
            6, 
            1, 
            6, 
            3, 
            6, 
            6
        ]
    }, 
    "8": {
        "silhouette_score": 0.10982841847475425, 
        "labels": [
            6, 
            1, 
            2, 
            0, 
            4, 
            4, 
            4, 
            7, 
            5, 
            0, 
            6, 
            6, 
            1, 
            6, 
            3, 
            1, 
            6
        ]
    }, 
    "9": {
        "silhouette_score": 0.10854963087207528, 
        "labels": [
            3, 
            8, 
            6, 
            5, 
            0, 
            0, 
            0, 
            1, 
            2, 
            7, 
            8, 
            3, 
            8, 
            3, 
            4, 
            8, 
            8
        ]
    }, 
    "10": {
        "silhouette_score": 0.13517628563218176, 
        "labels": [
            5, 
            2, 
            3, 
            6, 
            7, 
            7, 
            7, 
            0, 
            4, 
            8, 
            9, 
            5, 
            2, 
            5, 
            1, 
            2, 
            5
        ]
    }, 
    "11": {
        "silhouette_score": 0.081155042308769867, 
        "labels": [
            3, 
            1, 
            4, 
            5, 
            6, 
            6, 
            6, 
            10, 
            0, 
            7, 
            8, 
            9, 
            1, 
            9, 
            2, 
            3, 
            3
        ]
    }, 
    "12": {
        "silhouette_score": 0.057461492419070309, 
        "labels": [
            10, 
            11, 
            3, 
            9, 
            4, 
            7, 
            7, 
            6, 
            5, 
            8, 
            0, 
            10, 
            11, 
            10, 
            2, 
            6, 
            1
        ]
    }, 
    "13": {
        "silhouette_score": 0.08735397870586914, 
        "labels": [
            11, 
            1, 
            7, 
            2, 
            5, 
            12, 
            5, 
            10, 
            0, 
            6, 
            8, 
            9, 
            1, 
            9, 
            3, 
            4, 
            4
        ]
    }, 
    "14": {
        "silhouette_score": 0.066045151943216446, 
        "labels": [
            12, 
            10, 
            3, 
            8, 
            7, 
            0, 
            13, 
            11, 
            6, 
            9, 
            1, 
            2, 
            10, 
            2, 
            4, 
            5, 
            5
        ]
    }, 
    "15": {
        "silhouette_score": 0.050123190492519655, 
        "labels": [
            0, 
            12, 
            6, 
            7, 
            8, 
            5, 
            13, 
            10, 
            3, 
            9, 
            11, 
            14, 
            12, 
            1, 
            2, 
            4, 
            4
        ]
    }, 
    "16": {
        "silhouette_score": 0.024446509908790371, 
        "labels": [
            1, 
            13, 
            3, 
            7, 
            8, 
            0, 
            12, 
            10, 
            6, 
            2, 
            9, 
            14, 
            13, 
            11, 
            5, 
            4, 
            15
        ]
    }
}