{
    "2": {
        "silhouette_score": 0.26900332838786012, 
        "labels": [
            1, 
            0, 
            1, 
            1, 
            0, 
            1, 
            1, 
            1, 
            1, 
            1, 
            1, 
            0, 
            0, 
            1, 
            1, 
            0, 
            1
        ]
    }, 
    "3": {
        "silhouette_score": 0.27542878916786273, 
        "labels": [
            0, 
            1, 
            0, 
            0, 
            1, 
            0, 
            0, 
            0, 
            0, 
            0, 
            0, 
            2, 
            2, 
            0, 
            0, 
            1, 
            0
        ]
    }, 
    "4": {
        "silhouette_score": 0.1645772863175132, 
        "labels": [
            3, 
            1, 
            3, 
            0, 
            1, 
            3, 
            0, 
            0, 
            0, 
            0, 
            0, 
            2, 
            2, 
            0, 
            3, 
            1, 
            3
        ]
    }, 
    "5": {
        "silhouette_score": 0.15450264682242196, 
        "labels": [
            2, 
            0, 
            4, 
            2, 
            0, 
            4, 
            1, 
            1, 
            1, 
            2, 
            2, 
            3, 
            3, 
            1, 
            4, 
            0, 
            4
        ]
    }, 
    "6": {
        "silhouette_score": 0.14108079368667714, 
        "labels": [
            0, 
            4, 
            0, 
            0, 
            2, 
            0, 
            3, 
            3, 
            5, 
            5, 
            5, 
            1, 
            1, 
            3, 
            0, 
            4, 
            0
        ]
    }, 
    "7": {
        "silhouette_score": 0.13518411845439529, 
        "labels": [
            0, 
            2, 
            5, 
            0, 
            4, 
            0, 
            6, 
            6, 
            3, 
            3, 
            3, 
            1, 
            1, 
            6, 
            0, 
            2, 
            0
        ]
    }, 
    "8": {
        "silhouette_score": 0.12903222507803425, 
        "labels": [
            1, 
            6, 
            4, 
            7, 
            6, 
            1, 
            0, 
            0, 
            5, 
            7, 
            7, 
            2, 
            2, 
            0, 
            1, 
            3, 
            1
        ]
    }, 
    "9": {
        "silhouette_score": 0.12535247193115537, 
        "labels": [
            5, 
            4, 
            8, 
            1, 
            6, 
            5, 
            3, 
            3, 
            7, 
            1, 
            7, 
            2, 
            2, 
            3, 
            0, 
            4, 
            5
        ]
    }, 
    "10": {
        "silhouette_score": 0.11205274793094196, 
        "labels": [
            2, 
            1, 
            6, 
            0, 
            5, 
            2, 
            4, 
            4, 
            7, 
            0, 
            0, 
            3, 
            3, 
            4, 
            8, 
            9, 
            2
        ]
    }, 
    "11": {
        "silhouette_score": 0.10867477603498955, 
        "labels": [
            3, 
            9, 
            5, 
            4, 
            8, 
            3, 
            1, 
            1, 
            6, 
            4, 
            10, 
            2, 
            2, 
            1, 
            7, 
            0, 
            3
        ]
    }, 
    "12": {
        "silhouette_score": 0.1029191053049739, 
        "labels": [
            0, 
            1, 
            4, 
            7, 
            9, 
            0, 
            3, 
            3, 
            6, 
            7, 
            11, 
            2, 
            2, 
            10, 
            8, 
            5, 
            0
        ]
    }, 
    "13": {
        "silhouette_score": 0.093289155239790325, 
        "labels": [
            7, 
            8, 
            3, 
            6, 
            10, 
            1, 
            5, 
            5, 
            2, 
            6, 
            11, 
            4, 
            4, 
            12, 
            9, 
            0, 
            1
        ]
    }, 
    "14": {
        "silhouette_score": 0.088323374932504972, 
        "labels": [
            13, 
            8, 
            5, 
            0, 
            11, 
            6, 
            9, 
            9, 
            7, 
            12, 
            10, 
            3, 
            3, 
            2, 
            4, 
            1, 
            6
        ]
    }, 
    "15": {
        "silhouette_score": 0.044775505989032606, 
        "labels": [
            13, 
            5, 
            6, 
            7, 
            8, 
            4, 
            0, 
            0, 
            2, 
            11, 
            10, 
            3, 
            14, 
            9, 
            12, 
            1, 
            4
        ]
    }, 
    "16": {
        "silhouette_score": 0.033930194237635589, 
        "labels": [
            12, 
            2, 
            5, 
            8, 
            4, 
            1, 
            6, 
            6, 
            7, 
            11, 
            3, 
            14, 
            0, 
            15, 
            10, 
            9, 
            13
        ]
    }
}