{
    "2": {
        "silhouette_score": 0.31017118201396543, 
        "labels": [
            1, 
            1, 
            1, 
            0, 
            1, 
            1
        ]
    }, 
    "3": {
        "silhouette_score": 0.11134942448102696, 
        "labels": [
            1, 
            2, 
            1, 
            0, 
            1, 
            1
        ]
    }, 
    "4": {
        "silhouette_score": 0.28042398729266588, 
        "labels": [
            1, 
            0, 
            2, 
            3, 
            1, 
            2
        ]
    }, 
    "5": {
        "silhouette_score": 0.13145846391067351, 
        "labels": [
            2, 
            4, 
            0, 
            3, 
            1, 
            0
        ]
    }
}