{
    "2": {
        "silhouette_score": 0.17613900905844132, 
        "labels": [
            0, 
            1, 
            0, 
            1, 
            0, 
            0, 
            0, 
            0, 
            0, 
            1, 
            1, 
            0, 
            1, 
            0, 
            0, 
            1, 
            0
        ]
    }, 
    "3": {
        "silhouette_score": 0.24993894276929651, 
        "labels": [
            0, 
            2, 
            0, 
            2, 
            0, 
            0, 
            0, 
            0, 
            2, 
            1, 
            2, 
            0, 
            2, 
            2, 
            1, 
            2, 
            0
        ]
    }, 
    "4": {
        "silhouette_score": 0.22340636383897899, 
        "labels": [
            1, 
            3, 
            1, 
            3, 
            1, 
            1, 
            1, 
            1, 
            3, 
            0, 
            3, 
            1, 
            3, 
            3, 
            2, 
            3, 
            1
        ]
    }, 
    "5": {
        "silhouette_score": 0.18686821196909043, 
        "labels": [
            0, 
            2, 
            0, 
            2, 
            0, 
            0, 
            0, 
            0, 
            3, 
            4, 
            2, 
            0, 
            3, 
            3, 
            1, 
            2, 
            0
        ]
    }, 
    "6": {
        "silhouette_score": 0.15531809438942509, 
        "labels": [
            1, 
            0, 
            5, 
            0, 
            1, 
            1, 
            1, 
            1, 
            2, 
            3, 
            2, 
            1, 
            4, 
            4, 
            3, 
            0, 
            1
        ]
    }, 
    "7": {
        "silhouette_score": 0.1178139722299657, 
        "labels": [
            4, 
            3, 
            6, 
            3, 
            4, 
            0, 
            6, 
            4, 
            1, 
            2, 
            3, 
            6, 
            3, 
            1, 
            5, 
            3, 
            4
        ]
    }, 
    "8": {
        "silhouette_score": 0.12809736290923476, 
        "labels": [
            1, 
            0, 
            5, 
            0, 
            1, 
            1, 
            6, 
            1, 
            4, 
            3, 
            7, 
            6, 
            0, 
            4, 
            2, 
            0, 
            1
        ]
    }, 
    "9": {
        "silhouette_score": 0.11823718588568874, 
        "labels": [
            3, 
            5, 
            7, 
            6, 
            3, 
            1, 
            1, 
            3, 
            0, 
            2, 
            5, 
            1, 
            8, 
            0, 
            4, 
            5, 
            3
        ]
    }, 
    "10": {
        "silhouette_score": 0.11195553563965237, 
        "labels": [
            5, 
            1, 
            6, 
            7, 
            5, 
            0, 
            0, 
            5, 
            8, 
            2, 
            9, 
            0, 
            1, 
            4, 
            3, 
            1, 
            0
        ]
    }, 
    "11": {
        "silhouette_score": 0.074077324754690269, 
        "labels": [
            6, 
            1, 
            8, 
            9, 
            6, 
            2, 
            3, 
            6, 
            5, 
            0, 
            1, 
            3, 
            10, 
            7, 
            4, 
            1, 
            3
        ]
    }, 
    "12": {
        "silhouette_score": 0.096704103961814045, 
        "labels": [
            0, 
            4, 
            7, 
            2, 
            0, 
            5, 
            5, 
            0, 
            9, 
            3, 
            8, 
            5, 
            10, 
            6, 
            1, 
            11, 
            5
        ]
    }, 
    "13": {
        "silhouette_score": 0.072229127281636371, 
        "labels": [
            1, 
            12, 
            8, 
            7, 
            1, 
            10, 
            3, 
            1, 
            9, 
            5, 
            11, 
            3, 
            4, 
            2, 
            0, 
            6, 
            3
        ]
    }, 
    "14": {
        "silhouette_score": 0.073832653185819108, 
        "labels": [
            4, 
            13, 
            7, 
            6, 
            4, 
            12, 
            2, 
            4, 
            5, 
            3, 
            9, 
            2, 
            8, 
            10, 
            1, 
            0, 
            11
        ]
    }, 
    "15": {
        "silhouette_score": 0.059023136963022721, 
        "labels": [
            0, 
            13, 
            4, 
            8, 
            0, 
            10, 
            7, 
            14, 
            6, 
            5, 
            12, 
            7, 
            2, 
            11, 
            1, 
            9, 
            3
        ]
    }, 
    "16": {
        "silhouette_score": 0.030323089135209404, 
        "labels": [
            12, 
            2, 
            8, 
            9, 
            12, 
            15, 
            10, 
            0, 
            7, 
            1, 
            13, 
            4, 
            11, 
            6, 
            3, 
            5, 
            14
        ]
    }
}