{
    "2": {
        "silhouette_score": 0.76463199044385188, 
        "labels": [
            1, 
            1, 
            0, 
            0, 
            1, 
            1
        ]
    }, 
    "3": {
        "silhouette_score": 0.61801501531655456, 
        "labels": [
            0, 
            2, 
            1, 
            1, 
            2, 
            0
        ]
    }, 
    "4": {
        "silhouette_score": 0.39534111412509731, 
        "labels": [
            2, 
            1, 
            0, 
            3, 
            1, 
            2
        ]
    }, 
    "5": {
        "silhouette_score": 0.22514395187122113, 
        "labels": [
            4, 
            2, 
            1, 
            3, 
            2, 
            0
        ]
    }
}