{
    "2": {
        "silhouette_score": 0.31092051841716967, 
        "labels": [
            1, 
            1, 
            1, 
            0, 
            1, 
            0, 
            1, 
            0, 
            1
        ]
    }, 
    "3": {
        "silhouette_score": 0.33423961707433875, 
        "labels": [
            0, 
            0, 
            0, 
            2, 
            0, 
            1, 
            0, 
            2, 
            0
        ]
    }, 
    "4": {
        "silhouette_score": 0.27805601519813056, 
        "labels": [
            2, 
            2, 
            0, 
            1, 
            2, 
            3, 
            0, 
            1, 
            2
        ]
    }, 
    "5": {
        "silhouette_score": 0.18924257754833695, 
        "labels": [
            0, 
            0, 
            4, 
            1, 
            0, 
            3, 
            0, 
            1, 
            2
        ]
    }, 
    "6": {
        "silhouette_score": 0.24188803951845581, 
        "labels": [
            0, 
            0, 
            4, 
            2, 
            1, 
            3, 
            5, 
            2, 
            1
        ]
    }, 
    "7": {
        "silhouette_score": 0.20431477870905568, 
        "labels": [
            4, 
            4, 
            2, 
            3, 
            0, 
            1, 
            6, 
            3, 
            5
        ]
    }, 
    "8": {
        "silhouette_score": 0.089963885136602056, 
        "labels": [
            1, 
            1, 
            2, 
            7, 
            6, 
            4, 
            5, 
            0, 
            3
        ]
    }
}