{
    "2": {
        "silhouette_score": 0.37828646201918514, 
        "labels": [
            0, 
            0, 
            0, 
            1, 
            0, 
            0, 
            1, 
            1
        ]
    }, 
    "3": {
        "silhouette_score": 0.28908206965432737, 
        "labels": [
            2, 
            2, 
            0, 
            1, 
            2, 
            0, 
            1, 
            1
        ]
    }, 
    "4": {
        "silhouette_score": 0.11033694763764765, 
        "labels": [
            1, 
            1, 
            1, 
            2, 
            3, 
            1, 
            0, 
            0
        ]
    }, 
    "5": {
        "silhouette_score": 0.11005741263593695, 
        "labels": [
            2, 
            2, 
            1, 
            0, 
            3, 
            1, 
            4, 
            0
        ]
    }, 
    "6": {
        "silhouette_score": 0.076815638789390073, 
        "labels": [
            5, 
            4, 
            0, 
            1, 
            2, 
            0, 
            3, 
            3
        ]
    }, 
    "7": {
        "silhouette_score": 0.028689472140040674, 
        "labels": [
            0, 
            0, 
            3, 
            4, 
            2, 
            6, 
            5, 
            1
        ]
    }
}