{
    "2": {
        "silhouette_score": 0.29095676095900308, 
        "labels": [
            1, 
            0, 
            0, 
            1, 
            1, 
            1, 
            1, 
            0, 
            1, 
            0, 
            0, 
            1, 
            1, 
            1, 
            1, 
            0, 
            1, 
            1, 
            0, 
            1, 
            1, 
            1
        ]
    }, 
    "3": {
        "silhouette_score": 0.2611963057098417, 
        "labels": [
            1, 
            0, 
            0, 
            1, 
            1, 
            1, 
            0, 
            0, 
            1, 
            0, 
            2, 
            0, 
            0, 
            0, 
            1, 
            0, 
            0, 
            0, 
            0, 
            0, 
            1, 
            1
        ]
    }, 
    "4": {
        "silhouette_score": 0.24900293405321189, 
        "labels": [
            0, 
            3, 
            2, 
            0, 
            0, 
            0, 
            1, 
            3, 
            0, 
            2, 
            3, 
            1, 
            1, 
            1, 
            1, 
            2, 
            1, 
            1, 
            3, 
            1, 
            0, 
            0
        ]
    }, 
    "5": {
        "silhouette_score": 0.2565268505251781, 
        "labels": [
            3, 
            1, 
            1, 
            4, 
            4, 
            4, 
            2, 
            2, 
            4, 
            1, 
            1, 
            2, 
            0, 
            2, 
            2, 
            1, 
            2, 
            2, 
            2, 
            2, 
            4, 
            4
        ]
    }, 
    "6": {
        "silhouette_score": 0.25904147819874629, 
        "labels": [
            1, 
            4, 
            3, 
            1, 
            1, 
            1, 
            0, 
            4, 
            1, 
            3, 
            2, 
            0, 
            5, 
            0, 
            5, 
            3, 
            0, 
            0, 
            4, 
            0, 
            1, 
            1
        ]
    }, 
    "7": {
        "silhouette_score": 0.18206788847320238, 
        "labels": [
            4, 
            1, 
            1, 
            2, 
            6, 
            6, 
            0, 
            0, 
            2, 
            1, 
            5, 
            0, 
            3, 
            0, 
            2, 
            1, 
            0, 
            0, 
            0, 
            0, 
            6, 
            2
        ]
    }, 
    "8": {
        "silhouette_score": 0.25013676010662844, 
        "labels": [
            7, 
            4, 
            0, 
            1, 
            2, 
            2, 
            1, 
            4, 
            2, 
            0, 
            3, 
            1, 
            6, 
            1, 
            5, 
            0, 
            1, 
            1, 
            4, 
            1, 
            2, 
            2
        ]
    }, 
    "9": {
        "silhouette_score": 0.2276540994674951, 
        "labels": [
            7, 
            0, 
            2, 
            6, 
            6, 
            1, 
            3, 
            0, 
            6, 
            2, 
            5, 
            3, 
            4, 
            3, 
            8, 
            2, 
            3, 
            3, 
            0, 
            3, 
            1, 
            6
        ]
    }, 
    "10": {
        "silhouette_score": 0.12312167118236324, 
        "labels": [
            8, 
            7, 
            5, 
            9, 
            9, 
            1, 
            2, 
            7, 
            9, 
            5, 
            3, 
            0, 
            4, 
            0, 
            6, 
            0, 
            2, 
            0, 
            7, 
            2, 
            1, 
            9
        ]
    }, 
    "11": {
        "silhouette_score": 0.17442701345134587, 
        "labels": [
            7, 
            2, 
            4, 
            10, 
            1, 
            1, 
            9, 
            0, 
            1, 
            4, 
            5, 
            9, 
            8, 
            9, 
            3, 
            4, 
            6, 
            9, 
            0, 
            6, 
            1, 
            1
        ]
    }, 
    "12": {
        "silhouette_score": 0.095208116509276575, 
        "labels": [
            6, 
            11, 
            1, 
            10, 
            7, 
            7, 
            4, 
            11, 
            7, 
            1, 
            3, 
            4, 
            5, 
            4, 
            8, 
            9, 
            4, 
            4, 
            2, 
            4, 
            7, 
            0
        ]
    }, 
    "13": {
        "silhouette_score": 0.15877766972852789, 
        "labels": [
            4, 
            2, 
            5, 
            12, 
            7, 
            10, 
            3, 
            9, 
            7, 
            5, 
            8, 
            3, 
            0, 
            3, 
            6, 
            11, 
            3, 
            11, 
            9, 
            3, 
            10, 
            1
        ]
    }, 
    "14": {
        "silhouette_score": 0.10260487804995423, 
        "labels": [
            5, 
            12, 
            0, 
            9, 
            13, 
            13, 
            11, 
            2, 
            13, 
            0, 
            6, 
            11, 
            7, 
            11, 
            8, 
            10, 
            3, 
            11, 
            2, 
            3, 
            1, 
            4
        ]
    }, 
    "15": {
        "silhouette_score": 0.056060999160860832, 
        "labels": [
            4, 
            10, 
            1, 
            11, 
            13, 
            13, 
            8, 
            5, 
            13, 
            14, 
            3, 
            0, 
            6, 
            8, 
            9, 
            12, 
            8, 
            8, 
            5, 
            8, 
            2, 
            7
        ]
    }, 
    "16": {
        "silhouette_score": 0.078510186883858635, 
        "labels": [
            6, 
            1, 
            12, 
            0, 
            2, 
            2, 
            9, 
            14, 
            2, 
            5, 
            8, 
            9, 
            7, 
            9, 
            4, 
            11, 
            3, 
            15, 
            10, 
            3, 
            13, 
            2
        ]
    }, 
    "17": {
        "silhouette_score": 0.058186993766942807, 
        "labels": [
            3, 
            7, 
            13, 
            10, 
            5, 
            5, 
            12, 
            9, 
            5, 
            4, 
            2, 
            12, 
            6, 
            12, 
            8, 
            15, 
            0, 
            11, 
            14, 
            0, 
            1, 
            16
        ]
    }, 
    "18": {
        "silhouette_score": 0.064886375373961566, 
        "labels": [
            0, 
            6, 
            14, 
            11, 
            2, 
            16, 
            9, 
            3, 
            2, 
            4, 
            7, 
            17, 
            5, 
            9, 
            8, 
            12, 
            1, 
            9, 
            15, 
            1, 
            10, 
            13
        ]
    }, 
    "19": {
        "silhouette_score": 0.059711024595225086,