{
    "2": {
        "silhouette_score": -0.021637666253441608, 
        "labels": [
            1, 
            1, 
            1, 
            0, 
            1, 
            1, 
            1, 
            0
        ]
    }, 
    "3": {
        "silhouette_score": 0.0030354086138231276, 
        "labels": [
            0, 
            1, 
            0, 
            1, 
            0, 
            0, 
            1, 
            2
        ]
    }, 
    "4": {
        "silhouette_score": 0.09521075972069612, 
        "labels": [
            1, 
            2, 
            0, 
            2, 
            3, 
            2, 
            2, 
            3
        ]
    }, 
    "5": {
        "silhouette_score": 0.026028773329010858, 
        "labels": [
            1, 
            0, 
            2, 
            1, 
            3, 
            0, 
            1, 
            4
        ]
    }, 
    "6": {
        "silhouette_score": 0.053563827932454615, 
        "labels": [
            2, 
            0, 
            3, 
            0, 
            5, 
            1, 
            0, 
            4
        ]
    }, 
    "7": {
        "silhouette_score": 0.04738907969598663, 
        "labels": [
            5, 
            2, 
            3, 
            0, 
            1, 
            6, 
            0, 
            4
        ]
    }
}