{
    "2": {
        "silhouette_score": 0.24383536741001083, 
        "labels": [
            1, 
            0, 
            1, 
            1, 
            1, 
            0, 
            0, 
            0, 
            0, 
            1, 
            0, 
            0, 
            0, 
            1, 
            1, 
            1, 
            1, 
            1, 
            1, 
            1, 
            1, 
            0
        ]
    }, 
    "3": {
        "silhouette_score": 0.24987037477153029, 
        "labels": [
            0, 
            1, 
            0, 
            0, 
            0, 
            1, 
            1, 
            1, 
            1, 
            0, 
            1, 
            1, 
            2, 
            0, 
            0, 
            0, 
            0, 
            0, 
            0, 
            0, 
            0, 
            1
        ]
    }, 
    "4": {
        "silhouette_score": 0.21944891966915306, 
        "labels": [
            1, 
            0, 
            3, 
            1, 
            1, 
            0, 
            0, 
            0, 
            1, 
            3, 
            0, 
            0, 
            2, 
            1, 
            3, 
            3, 
            1, 
            1, 
            1, 
            3, 
            3, 
            0
        ]
    }, 
    "5": {
        "silhouette_score": 0.24252852626135918, 
        "labels": [
            3, 
            0, 
            4, 
            1, 
            1, 
            0, 
            0, 
            0, 
            0, 
            4, 
            0, 
            0, 
            2, 
            1, 
            4, 
            4, 
            1, 
            1, 
            1, 
            1, 
            4, 
            0
        ]
    }, 
    "6": {
        "silhouette_score": 0.24563089546653202, 
        "labels": [
            5, 
            2, 
            4, 
            1, 
            1, 
            2, 
            2, 
            2, 
            3, 
            4, 
            2, 
            2, 
            0, 
            1, 
            4, 
            4, 
            1, 
            1, 
            1, 
            1, 
            4, 
            3
        ]
    }, 
    "7": {
        "silhouette_score": 0.24959804495543036, 
        "labels": [
            5, 
            3, 
            0, 
            1, 
            1, 
            3, 
            3, 
            3, 
            6, 
            0, 
            3, 
            3, 
            4, 
            1, 
            2, 
            0, 
            1, 
            1, 
            1, 
            0, 
            2, 
            6
        ]
    }, 
    "8": {
        "silhouette_score": 0.24223608926088591, 
        "labels": [
            4, 
            1, 
            7, 
            0, 
            0, 
            6, 
            1, 
            1, 
            6, 
            7, 
            1, 
            6, 
            3, 
            5, 
            2, 
            7, 
            5, 
            5, 
            0, 
            0, 
            2, 
            6
        ]
    }, 
    "9": {
        "silhouette_score": 0.24475249585408745, 
        "labels": [
            5, 
            1, 
            3, 
            7, 
            7, 
            6, 
            1, 
            1, 
            8, 
            3, 
            1, 
            6, 
            4, 
            2, 
            0, 
            3, 
            2, 
            2, 
            7, 
            7, 
            0, 
            8
        ]
    }, 
    "10": {
        "silhouette_score": 0.25349170023772793, 
        "labels": [
            6, 
            3, 
            8, 
            1, 
            1, 
            0, 
            3, 
            3, 
            7, 
            8, 
            3, 
            0, 
            4, 
            2, 
            5, 
            8, 
            2, 
            2, 
            9, 
            9, 
            5, 
            7
        ]
    }, 
    "11": {
        "silhouette_score": 0.24853865745405831, 
        "labels": [
            5, 
            3, 
            9, 
            10, 
            10, 
            2, 
            3, 
            3, 
            7, 
            9, 
            3, 
            2, 
            8, 
            6, 
            4, 
            0, 
            6, 
            6, 
            1, 
            1, 
            4, 
            7
        ]
    }, 
    "12": {
        "silhouette_score": 0.22668790039760472, 
        "labels": [
            4, 
            10, 
            1, 
            8, 
            8, 
            3, 
            5, 
            5, 
            6, 
            1, 
            10, 
            3, 
            2, 
            0, 
            9, 
            11, 
            0, 
            0, 
            7, 
            7, 
            9, 
            6
        ]
    }, 
    "13": {
        "silhouette_score": 0.20899407647581777, 
        "labels": [
            6, 
            11, 
            9, 
            3, 
            3, 
            8, 
            1, 
            1, 
            4, 
            9, 
            11, 
            8, 
            2, 
            5, 
            12, 
            0, 
            5, 
            5, 
            10, 
            10, 
            7, 
            4
        ]
    }, 
    "14": {
        "silhouette_score": 0.19867240105144857, 
        "labels": [
            0, 
            2, 
            8, 
            5, 
            5, 
            9, 
            10, 
            10, 
            3, 
            8, 
            2, 
            9, 
            4, 
            6, 
            11, 
            12, 
            6, 
            6, 
            13, 
            1, 
            7, 
            3
        ]
    }, 
    "15": {
        "silhouette_score": 0.17550757285429402, 
        "labels": [
            4, 
            11, 
            9, 
            1, 
            1, 
            5, 
            0, 
            0, 
            6, 
            9, 
            11, 
            13, 
            3, 
            7, 
            12, 
            2, 
            7, 
            7, 
            14, 
            10, 
            8, 
            6
        ]
    }, 
    "16": {
        "silhouette_score": 0.15792088071392213, 
        "labels": [
            5, 
            0, 
            2, 
            8, 
            8, 
            13, 
            10, 
            10, 
            7, 
            2, 
            0, 
            6, 
            4, 
            3, 
            1, 
            9, 
            3, 
            3, 
            11, 
            14, 
            12, 
            15
        ]
    }, 
    "17": {
        "silhouette_score": 0.13348793132945669, 
        "labels": [
            5, 
            9, 
            16, 
            3, 
            3, 
            14, 
            13, 
            13, 
            8, 
            7, 
            9, 
            0, 
            4, 
            6, 
            11, 
            10, 
            6, 
            6, 
            12, 
            2, 
            1, 
            15
        ]
    }, 
    "18": {
        "silhouette_score": 0.12038114987314306, 
        "labels": [
            4, 
            0, 
            16, 
            8, 
            8, 
            6, 
            9, 
            9, 
            7, 
            3, 
            15, 
            17, 
            2, 
            1, 
            14, 
            12, 
            1, 
            1, 
            10, 
            13, 
            5, 
            11
        ]
    }, 
    "19": {
        "silhouette_score": 0.10882984344145386,