{
    "2": {
        "silhouette_score": 0.50302834931151508, 
        "labels": [
            0, 
            0, 
            1, 
            1, 
            1, 
            0, 
            0, 
            1, 
            1
        ]
    }, 
    "3": {
        "silhouette_score": 0.39633411582060352, 
        "labels": [
            2, 
            0, 
            1, 
            1, 
            1, 
            2, 
            2, 
            1, 
            1
        ]
    }, 
    "4": {
        "silhouette_score": 0.33184134006772176, 
        "labels": [
            3, 
            0, 
            1, 
            1, 
            1, 
            2, 
            3, 
            1, 
            1
        ]
    }, 
    "5": {
        "silhouette_score": 0.27809051793217598, 
        "labels": [
            2, 
            3, 
            0, 
            0, 
            0, 
            1, 
            4, 
            0, 
            0
        ]
    }, 
    "6": {
        "silhouette_score": 0.11086318572217042, 
        "labels": [
            5, 
            2, 
            4, 
            4, 
            0, 
            1, 
            3, 
            0, 
            4
        ]
    }, 
    "7": {
        "silhouette_score": 0.054145073644844277, 
        "labels": [
            2, 
            4, 
            5, 
            5, 
            6, 
            3, 
            1, 
            6, 
            0
        ]
    }, 
    "8": {
        "silhouette_score": 0.057735175739124886, 
        "labels": [
            4, 
            5, 
            3, 
            3, 
            6, 
            0, 
            2, 
            1, 
            7
        ]
    }
}