{
    "2": {
        "silhouette_score": 0.5058718932778955, 
        "labels": [
            0, 
            0, 
            0, 
            1, 
            0, 
            0
        ]
    }, 
    "3": {
        "silhouette_score": 0.21146113158066326, 
        "labels": [
            2, 
            0, 
            2, 
            1, 
            2, 
            2
        ]
    }, 
    "4": {
        "silhouette_score": 0.14482843748983046, 
        "labels": [
            1, 
            3, 
            2, 
            0, 
            1, 
            2
        ]
    }, 
    "5": {
        "silhouette_score": 0.026416704613341727, 
        "labels": [
            4, 
            0, 
            3, 
            1, 
            2, 
            2
        ]
    }
}