{
    "2": {
        "silhouette_score": 0.27733800431509487, 
        "labels": [
            0, 
            1, 
            0, 
            0, 
            0, 
            1, 
            0, 
            0, 
            0, 
            1, 
            1, 
            0, 
            0, 
            1, 
            0, 
            0, 
            0, 
            0, 
            1, 
            1, 
            0, 
            0
        ]
    }, 
    "3": {
        "silhouette_score": 0.19312693970363445, 
        "labels": [
            0, 
            1, 
            2, 
            0, 
            0, 
            1, 
            0, 
            1, 
            2, 
            1, 
            1, 
            2, 
            2, 
            1, 
            0, 
            0, 
            0, 
            1, 
            1, 
            1, 
            0, 
            0
        ]
    }, 
    "4": {
        "silhouette_score": 0.20001404469181053, 
        "labels": [
            1, 
            3, 
            0, 
            1, 
            1, 
            3, 
            1, 
            1, 
            0, 
            3, 
            0, 
            0, 
            2, 
            3, 
            1, 
            1, 
            1, 
            1, 
            3, 
            3, 
            1, 
            1
        ]
    }, 
    "5": {
        "silhouette_score": 0.15575586080024528, 
        "labels": [
            0, 
            1, 
            2, 
            0, 
            0, 
            1, 
            3, 
            0, 
            3, 
            1, 
            2, 
            0, 
            3, 
            4, 
            0, 
            0, 
            3, 
            3, 
            1, 
            1, 
            3, 
            3
        ]
    }, 
    "6": {
        "silhouette_score": 0.14713129657636606, 
        "labels": [
            4, 
            2, 
            0, 
            4, 
            1, 
            2, 
            1, 
            4, 
            1, 
            2, 
            0, 
            3, 
            3, 
            5, 
            3, 
            4, 
            1, 
            1, 
            2, 
            2, 
            3, 
            3
        ]
    }, 
    "7": {
        "silhouette_score": 0.13600658091250478, 
        "labels": [
            3, 
            2, 
            6, 
            1, 
            1, 
            2, 
            5, 
            1, 
            0, 
            2, 
            6, 
            1, 
            0, 
            4, 
            1, 
            1, 
            5, 
            5, 
            2, 
            2, 
            1, 
            0
        ]
    }, 
    "8": {
        "silhouette_score": 0.13020945419680616, 
        "labels": [
            6, 
            5, 
            0, 
            1, 
            1, 
            5, 
            2, 
            1, 
            2, 
            5, 
            0, 
            2, 
            7, 
            4, 
            2, 
            3, 
            1, 
            1, 
            5, 
            5, 
            2, 
            2
        ]
    }, 
    "9": {
        "silhouette_score": 0.13957526063356862, 
        "labels": [
            8, 
            1, 
            2, 
            0, 
            4, 
            1, 
            7, 
            0, 
            2, 
            1, 
            2, 
            0, 
            3, 
            6, 
            4, 
            5, 
            7, 
            7, 
            1, 
            1, 
            4, 
            4
        ]
    }, 
    "10": {
        "silhouette_score": 0.11291515704858068, 
        "labels": [
            9, 
            2, 
            3, 
            1, 
            1, 
            2, 
            6, 
            1, 
            0, 
            2, 
            3, 
            8, 
            5, 
            4, 
            1, 
            7, 
            1, 
            6, 
            2, 
            2, 
            1, 
            1
        ]
    }, 
    "11": {
        "silhouette_score": 0.10944860620349693, 
        "labels": [
            6, 
            1, 
            5, 
            8, 
            8, 
            1, 
            2, 
            8, 
            5, 
            1, 
            4, 
            9, 
            7, 
            3, 
            2, 
            10, 
            0, 
            0, 
            1, 
            1, 
            2, 
            2
        ]
    }, 
    "12": {
        "silhouette_score": 0.076565134779812985, 
        "labels": [
            9, 
            6, 
            4, 
            1, 
            1, 
            8, 
            0, 
            10, 
            11, 
            2, 
            4, 
            4, 
            3, 
            5, 
            1, 
            7, 
            0, 
            0, 
            2, 
            6, 
            1, 
            1
        ]
    }, 
    "13": {
        "silhouette_score": 0.11180256341707469, 
        "labels": [
            6, 
            0, 
            3, 
            4, 
            4, 
            0, 
            1, 
            4, 
            12, 
            0, 
            10, 
            11, 
            2, 
            5, 
            9, 
            7, 
            1, 
            1, 
            0, 
            0, 
            4, 
            8
        ]
    }, 
    "14": {
        "silhouette_score": 0.058099212920428876, 
        "labels": [
            8, 
            1, 
            9, 
            2, 
            2, 
            10, 
            4, 
            12, 
            0, 
            10, 
            5, 
            11, 
            6, 
            3, 
            2, 
            7, 
            13, 
            4, 
            10, 
            1, 
            2, 
            2
        ]
    }, 
    "15": {
        "silhouette_score": 0.04331034202733218, 
        "labels": [
            9, 
            8, 
            4, 
            3, 
            3, 
            8, 
            10, 
            2, 
            14, 
            1, 
            7, 
            11, 
            5, 
            6, 
            3, 
            13, 
            10, 
            10, 
            1, 
            8, 
            0, 
            12
        ]
    }, 
    "16": {
        "silhouette_score": 0.079018507205345812, 
        "labels": [
            11, 
            2, 
            3, 
            15, 
            1, 
            2, 
            7, 
            14, 
            13, 
            2, 
            12, 
            4, 
            5, 
            6, 
            10, 
            8, 
            0, 
            7, 
            2, 
            2, 
            9, 
            10
        ]
    }, 
    "17": {
        "silhouette_score": 0.077559648112382945, 
        "labels": [
            6, 
            14, 
            2, 
            11, 
            11, 
            4, 
            7, 
            1, 
            13, 
            3, 
            10, 
            9, 
            5, 
            8, 
            16, 
            12, 
            15, 
            7, 
            3, 
            14, 
            0, 
            16
        ]
    }, 
    "18": {
        "silhouette_score": 0.019268870185992101, 
        "labels": [
            4, 
            3, 
            5, 
            7, 
            7, 
            1, 
            0, 
            13, 
            14, 
            11, 
            9, 
            10, 
            6, 
            2, 
            12, 
            8, 
            17, 
            0, 
            11, 
            16, 
            0, 
            15
        ]
    }, 
    "19": {
        "silhouette_score": 0.062448164442003122,