{
    "2": {
        "silhouette_score": 0.24383536741001077, 
        "labels": [
            0, 
            1, 
            0, 
            0, 
            0, 
            1, 
            1, 
            1, 
            1, 
            0, 
            1, 
            1, 
            1, 
            0, 
            0, 
            0, 
            0, 
            0, 
            0, 
            0, 
            0, 
            1
        ]
    }, 
    "3": {
        "silhouette_score": 0.23043863777626611, 
        "labels": [
            1, 
            2, 
            0, 
            1, 
            1, 
            2, 
            2, 
            2, 
            2, 
            0, 
            2, 
            2, 
            0, 
            1, 
            0, 
            0, 
            1, 
            1, 
            1, 
            0, 
            0, 
            2
        ]
    }, 
    "4": {
        "silhouette_score": 0.22862647324953239, 
        "labels": [
            1, 
            2, 
            0, 
            0, 
            0, 
            2, 
            2, 
            2, 
            1, 
            0, 
            2, 
            2, 
            3, 
            1, 
            0, 
            0, 
            1, 
            1, 
            1, 
            0, 
            0, 
            2
        ]
    }, 
    "5": {
        "silhouette_score": 0.23382157634713102, 
        "labels": [
            1, 
            0, 
            3, 
            2, 
            2, 
            0, 
            0, 
            0, 
            2, 
            3, 
            0, 
            0, 
            4, 
            2, 
            3, 
            3, 
            2, 
            2, 
            2, 
            2, 
            3, 
            0
        ]
    }, 
    "6": {
        "silhouette_score": 0.23375893973943326, 
        "labels": [
            4, 
            3, 
            0, 
            2, 
            2, 
            1, 
            3, 
            3, 
            1, 
            0, 
            3, 
            3, 
            5, 
            2, 
            0, 
            0, 
            2, 
            2, 
            2, 
            2, 
            0, 
            1
        ]
    }, 
    "7": {
        "silhouette_score": 0.24959804495543036, 
        "labels": [
            5, 
            0, 
            2, 
            1, 
            1, 
            0, 
            0, 
            0, 
            6, 
            2, 
            0, 
            0, 
            3, 
            1, 
            4, 
            2, 
            1, 
            1, 
            1, 
            2, 
            4, 
            6
        ]
    }, 
    "8": {
        "silhouette_score": 0.25488335125182138, 
        "labels": [
            6, 
            4, 
            2, 
            1, 
            1, 
            4, 
            4, 
            4, 
            5, 
            2, 
            4, 
            4, 
            0, 
            7, 
            3, 
            2, 
            7, 
            7, 
            1, 
            1, 
            3, 
            5
        ]
    }, 
    "9": {
        "silhouette_score": 0.24475249585408806, 
        "labels": [
            4, 
            0, 
            7, 
            2, 
            2, 
            8, 
            0, 
            0, 
            5, 
            7, 
            0, 
            8, 
            3, 
            6, 
            1, 
            7, 
            6, 
            6, 
            2, 
            2, 
            1, 
            5
        ]
    }, 
    "10": {
        "silhouette_score": 0.25349170023772855, 
        "labels": [
            3, 
            2, 
            1, 
            8, 
            8, 
            9, 
            2, 
            2, 
            5, 
            1, 
            2, 
            9, 
            6, 
            7, 
            4, 
            1, 
            7, 
            7, 
            0, 
            0, 
            4, 
            5
        ]
    }, 
    "11": {
        "silhouette_score": 0.24853865745405626, 
        "labels": [
            6, 
            9, 
            10, 
            5, 
            5, 
            2, 
            9, 
            9, 
            7, 
            10, 
            9, 
            2, 
            3, 
            0, 
            8, 
            4, 
            0, 
            0, 
            1, 
            1, 
            8, 
            7
        ]
    }, 
    "12": {
        "silhouette_score": 0.23084483353226845, 
        "labels": [
            4, 
            0, 
            5, 
            3, 
            3, 
            11, 
            0, 
            0, 
            6, 
            5, 
            0, 
            11, 
            2, 
            1, 
            9, 
            8, 
            1, 
            1, 
            10, 
            10, 
            7, 
            6
        ]
    }, 
    "13": {
        "silhouette_score": 0.20899407647581014, 
        "labels": [
            5, 
            4, 
            2, 
            7, 
            7, 
            9, 
            1, 
            1, 
            6, 
            2, 
            4, 
            9, 
            3, 
            0, 
            8, 
            10, 
            0, 
            0, 
            11, 
            11, 
            12, 
            6
        ]
    }, 
    "14": {
        "silhouette_score": 0.19867240105144104, 
        "labels": [
            3, 
            9, 
            4, 
            5, 
            5, 
            1, 
            12, 
            12, 
            7, 
            4, 
            9, 
            1, 
            6, 
            2, 
            11, 
            0, 
            2, 
            2, 
            10, 
            13, 
            8, 
            7
        ]
    }, 
    "15": {
        "silhouette_score": 0.17550757285428731, 
        "labels": [
            4, 
            1, 
            8, 
            7, 
            7, 
            14, 
            13, 
            13, 
            5, 
            8, 
            1, 
            10, 
            3, 
            2, 
            11, 
            9, 
            2, 
            2, 
            6, 
            12, 
            0, 
            5
        ]
    }, 
    "16": {
        "silhouette_score": 0.15792088071391708, 
        "labels": [
            5, 
            1, 
            9, 
            2, 
            2, 
            10, 
            8, 
            8, 
            14, 
            9, 
            1, 
            12, 
            4, 
            3, 
            0, 
            11, 
            3, 
            3, 
            13, 
            7, 
            15, 
            6
        ]
    }, 
    "17": {
        "silhouette_score": 0.13348793132945133, 
        "labels": [
            4, 
            0, 
            16, 
            2, 
            2, 
            10, 
            13, 
            13, 
            3, 
            7, 
            0, 
            5, 
            6, 
            1, 
            8, 
            12, 
            1, 
            1, 
            14, 
            9, 
            11, 
            15
        ]
    }, 
    "18": {
        "silhouette_score": 0.1203811498731391, 
        "labels": [
            3, 
            1, 
            15, 
            0, 
            0, 
            9, 
            12, 
            12, 
            6, 
            7, 
            16, 
            17, 
            2, 
            4, 
            5, 
            10, 
            4, 
            4, 
            8, 
            14, 
            13, 
            11
        ]
    }, 
    "19": {
        "silhouette_score": 0.10882984344145039,