{
    "2": {
        "silhouette_score": 0.31107592086384012, 
        "labels": [
            0, 
            0, 
            0, 
            0, 
            0, 
            1, 
            0, 
            0, 
            0
        ]
    }, 
    "3": {
        "silhouette_score": 0.099609181803861746, 
        "labels": [
            0, 
            1, 
            0, 
            0, 
            1, 
            2, 
            1, 
            1, 
            1
        ]
    }, 
    "4": {
        "silhouette_score": 0.12087681633943036, 
        "labels": [
            1, 
            0, 
            1, 
            1, 
            1, 
            3, 
            2, 
            0, 
            0
        ]
    }, 
    "5": {
        "silhouette_score": 0.13606934026108328, 
        "labels": [
            0, 
            1, 
            0, 
            3, 
            0, 
            2, 
            4, 
            1, 
            4
        ]
    }, 
    "6": {
        "silhouette_score": 0.10493839354122711, 
        "labels": [
            1, 
            5, 
            1, 
            2, 
            1, 
            4, 
            3, 
            0, 
            0
        ]
    }, 
    "7": {
        "silhouette_score": 0.086058727902814061, 
        "labels": [
            1, 
            6, 
            1, 
            3, 
            1, 
            4, 
            2, 
            0, 
            5
        ]
    }, 
    "8": {
        "silhouette_score": 0.010582700755026458, 
        "labels": [
            7, 
            3, 
            7, 
            5, 
            0, 
            1, 
            6, 
            4, 
            2
        ]
    }
}