{
    "2": {
        "silhouette_score": 0.32624878866234386, 
        "labels": [
            0, 
            1, 
            0, 
            1, 
            0, 
            0
        ]
    }, 
    "3": {
        "silhouette_score": 0.28790100901900328, 
        "labels": [
            0, 
            2, 
            0, 
            1, 
            0, 
            0
        ]
    }, 
    "4": {
        "silhouette_score": 0.13195974002967348, 
        "labels": [
            0, 
            3, 
            2, 
            1, 
            0, 
            2
        ]
    }, 
    "5": {
        "silhouette_score": 0.14181872820173874, 
        "labels": [
            3, 
            0, 
            1, 
            2, 
            4, 
            1
        ]
    }
}