{
    "2": {
        "silhouette_score": 0.231928954671003, 
        "labels": [
            0, 
            0, 
            1, 
            0, 
            0, 
            0, 
            0, 
            0
        ]
    }, 
    "3": {
        "silhouette_score": 0.11408920180519261, 
        "labels": [
            1, 
            1, 
            2, 
            1, 
            0, 
            0, 
            1, 
            0
        ]
    }, 
    "4": {
        "silhouette_score": 0.047457278766568266, 
        "labels": [
            2, 
            1, 
            3, 
            2, 
            1, 
            1, 
            2, 
            0
        ]
    }, 
    "5": {
        "silhouette_score": 0.047729808882644199, 
        "labels": [
            2, 
            2, 
            3, 
            1, 
            0, 
            2, 
            1, 
            4
        ]
    }, 
    "6": {
        "silhouette_score": 0.083792543431329136, 
        "labels": [
            1, 
            0, 
            2, 
            4, 
            5, 
            0, 
            4, 
            3
        ]
    }, 
    "7": {
        "silhouette_score": 0.055929767891921403, 
        "labels": [
            1, 
            0, 
            3, 
            4, 
            5, 
            6, 
            4, 
            2
        ]
    }
}