{
    "2": {
        "silhouette_score": 0.60097920087916312, 
        "labels": [
            0, 
            0, 
            1, 
            1, 
            0, 
            0
        ]
    }, 
    "3": {
        "silhouette_score": 0.42421014317892514, 
        "labels": [
            1, 
            1, 
            0, 
            2, 
            1, 
            1
        ]
    }, 
    "4": {
        "silhouette_score": 0.23857383146805142, 
        "labels": [
            3, 
            0, 
            1, 
            2, 
            0, 
            3
        ]
    }, 
    "5": {
        "silhouette_score": 0.11943482819680007, 
        "labels": [
            3, 
            4, 
            1, 
            2, 
            0, 
            3
        ]
    }
}