{
    "2": {
        "silhouette_score": 0.76463199044384933, 
        "labels": [
            1, 
            1, 
            0, 
            0, 
            1, 
            1
        ]
    }, 
    "3": {
        "silhouette_score": 0.61801501531653424, 
        "labels": [
            0, 
            2, 
            1, 
            1, 
            2, 
            0
        ]
    }, 
    "4": {
        "silhouette_score": 0.39534111412507866, 
        "labels": [
            1, 
            3, 
            2, 
            0, 
            3, 
            1
        ]
    }, 
    "5": {
        "silhouette_score": 0.22514395187125627, 
        "labels": [
            0, 
            3, 
            1, 
            2, 
            3, 
            4
        ]
    }
}