{
    "2": {
        "silhouette_score": 0.29396231656034844, 
        "labels": [
            0, 
            0, 
            1, 
            0, 
            1, 
            0, 
            1, 
            0, 
            1, 
            0, 
            0, 
            1, 
            1, 
            0, 
            1, 
            0, 
            1, 
            1, 
            0, 
            0, 
            1, 
            1
        ]
    }, 
    "3": {
        "silhouette_score": 0.25747891236750103, 
        "labels": [
            0, 
            1, 
            0, 
            1, 
            2, 
            1, 
            2, 
            1, 
            2, 
            1, 
            0, 
            0, 
            2, 
            2, 
            2, 
            1, 
            2, 
            2, 
            1, 
            1, 
            2, 
            2
        ]
    }, 
    "4": {
        "silhouette_score": 0.25349139121921227, 
        "labels": [
            1, 
            1, 
            2, 
            1, 
            0, 
            1, 
            0, 
            1, 
            0, 
            1, 
            2, 
            2, 
            3, 
            2, 
            0, 
            1, 
            0, 
            0, 
            1, 
            1, 
            0, 
            0
        ]
    }, 
    "5": {
        "silhouette_score": 0.28080574742462788, 
        "labels": [
            4, 
            1, 
            4, 
            1, 
            2, 
            1, 
            2, 
            1, 
            3, 
            1, 
            4, 
            4, 
            3, 
            0, 
            2, 
            1, 
            2, 
            2, 
            1, 
            1, 
            2, 
            2
        ]
    }, 
    "6": {
        "silhouette_score": 0.19354963543366327, 
        "labels": [
            1, 
            5, 
            3, 
            5, 
            2, 
            1, 
            2, 
            1, 
            0, 
            5, 
            3, 
            3, 
            0, 
            4, 
            2, 
            5, 
            2, 
            2, 
            5, 
            1, 
            2, 
            2
        ]
    }, 
    "7": {
        "silhouette_score": 0.15509369624904568, 
        "labels": [
            2, 
            2, 
            6, 
            2, 
            0, 
            2, 
            0, 
            2, 
            4, 
            5, 
            1, 
            6, 
            4, 
            3, 
            0, 
            2, 
            0, 
            0, 
            5, 
            2, 
            0, 
            0
        ]
    }, 
    "8": {
        "silhouette_score": 0.13262294820114226, 
        "labels": [
            2, 
            3, 
            0, 
            4, 
            4, 
            2, 
            4, 
            2, 
            6, 
            3, 
            0, 
            0, 
            7, 
            5, 
            4, 
            3, 
            1, 
            4, 
            3, 
            3, 
            4, 
            1
        ]
    }, 
    "9": {
        "silhouette_score": 0.12319543664237015, 
        "labels": [
            7, 
            8, 
            2, 
            5, 
            6, 
            0, 
            1, 
            0, 
            1, 
            5, 
            2, 
            2, 
            3, 
            4, 
            6, 
            5, 
            6, 
            1, 
            5, 
            8, 
            1, 
            1
        ]
    }, 
    "10": {
        "silhouette_score": 0.072664186995383226, 
        "labels": [
            9, 
            6, 
            8, 
            6, 
            0, 
            2, 
            5, 
            2, 
            4, 
            6, 
            1, 
            8, 
            7, 
            3, 
            0, 
            6, 
            5, 
            5, 
            6, 
            2, 
            5, 
            0
        ]
    }, 
    "11": {
        "silhouette_score": 0.15491294669522623, 
        "labels": [
            6, 
            1, 
            2, 
            3, 
            3, 
            8, 
            0, 
            8, 
            10, 
            9, 
            2, 
            2, 
            4, 
            5, 
            7, 
            9, 
            7, 
            0, 
            9, 
            1, 
            0, 
            7
        ]
    }, 
    "12": {
        "silhouette_score": 0.11693178536096864, 
        "labels": [
            9, 
            10, 
            7, 
            1, 
            11, 
            6, 
            0, 
            6, 
            3, 
            1, 
            2, 
            7, 
            4, 
            5, 
            8, 
            1, 
            11, 
            0, 
            1, 
            10, 
            0, 
            11
        ]
    }, 
    "13": {
        "silhouette_score": 0.13677907869743611, 
        "labels": [
            7, 
            8, 
            10, 
            6, 
            6, 
            11, 
            0, 
            11, 
            5, 
            1, 
            12, 
            2, 
            3, 
            4, 
            9, 
            1, 
            9, 
            0, 
            1, 
            8, 
            0, 
            9
        ]
    }, 
    "14": {
        "silhouette_score": 0.087960051305908546, 
        "labels": [
            8, 
            3, 
            12, 
            9, 
            9, 
            8, 
            1, 
            8, 
            5, 
            11, 
            2, 
            6, 
            7, 
            0, 
            13, 
            4, 
            10, 
            1, 
            11, 
            3, 
            1, 
            10
        ]
    }, 
    "15": {
        "silhouette_score": 0.11686732616292024, 
        "labels": [
            3, 
            6, 
            8, 
            4, 
            4, 
            13, 
            9, 
            13, 
            1, 
            11, 
            10, 
            12, 
            2, 
            5, 
            14, 
            0, 
            1, 
            9, 
            0, 
            6, 
            7, 
            1
        ]
    }, 
    "16": {
        "silhouette_score": 0.11572493953565362, 
        "labels": [
            7, 
            0, 
            15, 
            14, 
            14, 
            9, 
            1, 
            9, 
            4, 
            11, 
            12, 
            3, 
            2, 
            6, 
            13, 
            5, 
            10, 
            1, 
            11, 
            0, 
            8, 
            10
        ]
    }, 
    "17": {
        "silhouette_score": 0.11452582146224216, 
        "labels": [
            6, 
            2, 
            4, 
            1, 
            1, 
            9, 
            11, 
            9, 
            0, 
            10, 
            12, 
            15, 
            7, 
            5, 
            14, 
            16, 
            13, 
            11, 
            16, 
            2, 
            3, 
            8
        ]
    }, 
    "18": {
        "silhouette_score": 0.09542123585167453, 
        "labels": [
            9, 
            13, 
            12, 
            11, 
            17, 
            2, 
            7, 
            2, 
            16, 
            10, 
            8, 
            1, 
            5, 
            4, 
            0, 
            3, 
            14, 
            7, 
            3, 
            13, 
            15, 
            6
        ]
    }, 
    "19": {
        "silhouette_score": 0.070333522907952736,