{
    "2": {
        "silhouette_score": 0.093274684699514179, 
        "labels": [
            1, 
            1, 
            0, 
            0, 
            0, 
            1, 
            1, 
            0, 
            0
        ]
    }, 
    "3": {
        "silhouette_score": 0.2118141604372368, 
        "labels": [
            2, 
            2, 
            1, 
            0, 
            1, 
            2, 
            2, 
            0, 
            1
        ]
    }, 
    "4": {
        "silhouette_score": 0.27723447355032327, 
        "labels": [
            1, 
            1, 
            0, 
            2, 
            3, 
            1, 
            0, 
            2, 
            3
        ]
    }, 
    "5": {
        "silhouette_score": 0.2924361768300921, 
        "labels": [
            0, 
            0, 
            1, 
            2, 
            3, 
            4, 
            1, 
            2, 
            3
        ]
    }, 
    "6": {
        "silhouette_score": 0.2404872163637026, 
        "labels": [
            1, 
            1, 
            5, 
            2, 
            4, 
            0, 
            3, 
            2, 
            4
        ]
    }, 
    "7": {
        "silhouette_score": 0.20119116312133634, 
        "labels": [
            0, 
            0, 
            5, 
            1, 
            3, 
            4, 
            2, 
            1, 
            6
        ]
    }, 
    "8": {
        "silhouette_score": 0.087161416140705647, 
        "labels": [
            1, 
            1, 
            4, 
            2, 
            6, 
            3, 
            7, 
            5, 
            0
        ]
    }
}