{
    "2": {
        "silhouette_score": 0.30930639811630978, 
        "labels": [
            1, 
            1, 
            1, 
            0, 
            1, 
            0, 
            1, 
            0, 
            1
        ]
    }, 
    "3": {
        "silhouette_score": 0.19849865643041026, 
        "labels": [
            0, 
            0, 
            2, 
            0, 
            0, 
            1, 
            2, 
            0, 
            0
        ]
    }, 
    "4": {
        "silhouette_score": 0.27530519626650618, 
        "labels": [
            3, 
            3, 
            0, 
            2, 
            3, 
            1, 
            0, 
            2, 
            3
        ]
    }, 
    "5": {
        "silhouette_score": 0.18910943092845603, 
        "labels": [
            2, 
            2, 
            1, 
            0, 
            2, 
            3, 
            2, 
            0, 
            4
        ]
    }, 
    "6": {
        "silhouette_score": 0.24048705589593306, 
        "labels": [
            5, 
            5, 
            2, 
            0, 
            1, 
            3, 
            4, 
            0, 
            1
        ]
    }, 
    "7": {
        "silhouette_score": 0.20119091079823506, 
        "labels": [
            1, 
            1, 
            2, 
            0, 
            6, 
            3, 
            5, 
            0, 
            4
        ]
    }, 
    "8": {
        "silhouette_score": 0.087161210143723286, 
        "labels": [
            5, 
            5, 
            4, 
            1, 
            3, 
            2, 
            0, 
            7, 
            6
        ]
    }
}