{
    "2": {
        "silhouette_score": 0.17656985660988722, 
        "labels": [
            1, 
            0, 
            1, 
            0, 
            0, 
            0, 
            1, 
            0
        ]
    }, 
    "3": {
        "silhouette_score": 0.14002394254154221, 
        "labels": [
            2, 
            0, 
            2, 
            0, 
            0, 
            1, 
            2, 
            0
        ]
    }, 
    "4": {
        "silhouette_score": 0.1338829407918134, 
        "labels": [
            1, 
            0, 
            3, 
            0, 
            0, 
            2, 
            1, 
            0
        ]
    }, 
    "5": {
        "silhouette_score": 0.10101539015330273, 
        "labels": [
            0, 
            2, 
            3, 
            2, 
            1, 
            4, 
            0, 
            2
        ]
    }, 
    "6": {
        "silhouette_score": 0.12611654397390329, 
        "labels": [
            1, 
            0, 
            5, 
            2, 
            4, 
            3, 
            1, 
            2
        ]
    }, 
    "7": {
        "silhouette_score": 0.066332304712255707, 
        "labels": [
            6, 
            4, 
            1, 
            0, 
            2, 
            5, 
            3, 
            0
        ]
    }
}