{
    "2": {
        "silhouette_score": 0.3341081704033228, 
        "labels": [
            0, 
            0, 
            0, 
            1, 
            0, 
            0
        ]
    }, 
    "3": {
        "silhouette_score": 0.27284306092981492, 
        "labels": [
            1, 
            2, 
            1, 
            0, 
            1, 
            1
        ]
    }, 
    "4": {
        "silhouette_score": 0.14652191110756174, 
        "labels": [
            3, 
            2, 
            1, 
            0, 
            3, 
            1
        ]
    }, 
    "5": {
        "silhouette_score": 0.1627022314732777, 
        "labels": [
            0, 
            1, 
            3, 
            2, 
            4, 
            3
        ]
    }
}