{
    "2": {
        "silhouette_score": 0.30930541638196035, 
        "labels": [
            1, 
            1, 
            1, 
            0, 
            1, 
            0, 
            1, 
            0, 
            1
        ]
    }, 
    "3": {
        "silhouette_score": 0.20718401904660563, 
        "labels": [
            1, 
            1, 
            2, 
            0, 
            1, 
            1, 
            2, 
            0, 
            1
        ]
    }, 
    "4": {
        "silhouette_score": 0.27530580991522219, 
        "labels": [
            1, 
            1, 
            3, 
            0, 
            1, 
            2, 
            3, 
            0, 
            1
        ]
    }, 
    "5": {
        "silhouette_score": 0.23808888702989073, 
        "labels": [
            1, 
            1, 
            3, 
            0, 
            1, 
            2, 
            3, 
            0, 
            4
        ]
    }, 
    "6": {
        "silhouette_score": 0.17203115395201729, 
        "labels": [
            4, 
            4, 
            2, 
            3, 
            1, 
            0, 
            4, 
            3, 
            5
        ]
    }, 
    "7": {
        "silhouette_score": 0.20119151264903967, 
        "labels": [
            4, 
            4, 
            2, 
            3, 
            0, 
            1, 
            5, 
            3, 
            6
        ]
    }, 
    "8": {
        "silhouette_score": 0.087163117693754052, 
        "labels": [
            1, 
            1, 
            4, 
            7, 
            6, 
            3, 
            5, 
            2, 
            0
        ]
    }
}