{
    "2": {
        "silhouette_score": 0.28870950228646669, 
        "labels": [
            0, 
            0, 
            0, 
            1, 
            0, 
            0
        ]
    }, 
    "3": {
        "silhouette_score": 0.10586424437657758, 
        "labels": [
            0, 
            1, 
            1, 
            2, 
            1, 
            1
        ]
    }, 
    "4": {
        "silhouette_score": 0.083378129655953662, 
        "labels": [
            3, 
            0, 
            2, 
            1, 
            0, 
            0
        ]
    }, 
    "5": {
        "silhouette_score": 0.038109490458780031, 
        "labels": [
            3, 
            0, 
            2, 
            1, 
            4, 
            0
        ]
    }
}