{
    "2": {
        "silhouette_score": 0.37244254638884039, 
        "labels": [
            0, 
            1, 
            0, 
            0, 
            0, 
            1, 
            0, 
            0
        ]
    }, 
    "3": {
        "silhouette_score": 0.35885161005367905, 
        "labels": [
            0, 
            1, 
            2, 
            0, 
            0, 
            1, 
            0, 
            0
        ]
    }, 
    "4": {
        "silhouette_score": 0.30139755143928654, 
        "labels": [
            1, 
            0, 
            2, 
            1, 
            3, 
            0, 
            1, 
            1
        ]
    }, 
    "5": {
        "silhouette_score": 0.30634325978587001, 
        "labels": [
            3, 
            2, 
            0, 
            1, 
            4, 
            2, 
            3, 
            1
        ]
    }, 
    "6": {
        "silhouette_score": 0.23194433959689686, 
        "labels": [
            3, 
            1, 
            2, 
            0, 
            4, 
            1, 
            3, 
            5
        ]
    }, 
    "7": {
        "silhouette_score": 0.16465379585520343, 
        "labels": [
            0, 
            2, 
            3, 
            4, 
            1, 
            2, 
            6, 
            5
        ]
    }
}