{
    "2": {
        "silhouette_score": 0.33729277136902286, 
        "labels": [
            1, 
            0, 
            0, 
            0, 
            0, 
            1, 
            1, 
            1, 
            1, 
            0, 
            0, 
            0, 
            0, 
            0, 
            0, 
            0, 
            1
        ]
    }, 
    "3": {
        "silhouette_score": 0.33456809804539961, 
        "labels": [
            2, 
            0, 
            1, 
            1, 
            0, 
            2, 
            2, 
            2, 
            2, 
            1, 
            1, 
            0, 
            0, 
            0, 
            1, 
            0, 
            2
        ]
    }, 
    "4": {
        "silhouette_score": 0.379692036912052, 
        "labels": [
            1, 
            2, 
            3, 
            0, 
            2, 
            1, 
            1, 
            1, 
            1, 
            0, 
            0, 
            2, 
            2, 
            2, 
            3, 
            2, 
            1
        ]
    }, 
    "5": {
        "silhouette_score": 0.35832997571641162, 
        "labels": [
            1, 
            2, 
            0, 
            3, 
            2, 
            1, 
            4, 
            4, 
            1, 
            3, 
            3, 
            2, 
            2, 
            2, 
            0, 
            2, 
            4
        ]
    }, 
    "6": {
        "silhouette_score": 0.31715617334546359, 
        "labels": [
            5, 
            1, 
            3, 
            4, 
            1, 
            5, 
            0, 
            0, 
            5, 
            4, 
            2, 
            1, 
            1, 
            1, 
            3, 
            1, 
            0
        ]
    }, 
    "7": {
        "silhouette_score": 0.3047168029502505, 
        "labels": [
            5, 
            1, 
            3, 
            0, 
            1, 
            6, 
            2, 
            2, 
            5, 
            0, 
            4, 
            1, 
            1, 
            1, 
            3, 
            1, 
            2
        ]
    }, 
    "8": {
        "silhouette_score": 0.27090001905344951, 
        "labels": [
            2, 
            1, 
            0, 
            5, 
            1, 
            4, 
            3, 
            3, 
            2, 
            5, 
            6, 
            1, 
            1, 
            1, 
            7, 
            1, 
            3
        ]
    }, 
    "9": {
        "silhouette_score": 0.23676214202524015, 
        "labels": [
            8, 
            1, 
            6, 
            3, 
            1, 
            7, 
            2, 
            2, 
            0, 
            3, 
            5, 
            1, 
            1, 
            1, 
            4, 
            1, 
            2
        ]
    }, 
    "10": {
        "silhouette_score": 0.2207012064773812, 
        "labels": [
            9, 
            1, 
            0, 
            3, 
            1, 
            4, 
            2, 
            2, 
            5, 
            8, 
            6, 
            1, 
            1, 
            1, 
            7, 
            1, 
            2
        ]
    }, 
    "11": {
        "silhouette_score": 0.16611433801235997, 
        "labels": [
            5, 
            1, 
            2, 
            8, 
            10, 
            0, 
            3, 
            3, 
            7, 
            4, 
            9, 
            1, 
            1, 
            1, 
            6, 
            1, 
            3
        ]
    }, 
    "12": {
        "silhouette_score": 0.12838044646712291, 
        "labels": [
            7, 
            0, 
            2, 
            9, 
            11, 
            5, 
            1, 
            1, 
            3, 
            4, 
            8, 
            0, 
            0, 
            0, 
            6, 
            0, 
            10
        ]
    }, 
    "13": {
        "silhouette_score": 0.12675309045641853, 
        "labels": [
            6, 
            9, 
            1, 
            8, 
            2, 
            10, 
            0, 
            0, 
            5, 
            3, 
            11, 
            4, 
            4, 
            4, 
            7, 
            4, 
            12
        ]
    }, 
    "14": {
        "silhouette_score": 0.11279456590270488, 
        "labels": [
            0, 
            13, 
            5, 
            6, 
            11, 
            8, 
            3, 
            12, 
            7, 
            2, 
            9, 
            1, 
            1, 
            1, 
            4, 
            1, 
            10
        ]
    }, 
    "15": {
        "silhouette_score": 0.035494565721528724, 
        "labels": [
            5, 
            13, 
            3, 
            10, 
            11, 
            7, 
            12, 
            1, 
            6, 
            0, 
            9, 
            14, 
            14, 
            2, 
            8, 
            14, 
            4
        ]
    }, 
    "16": {
        "silhouette_score": 0.020930544789667122, 
        "labels": [
            2, 
            12, 
            6, 
            5, 
            13, 
            7, 
            4, 
            11, 
            8, 
            9, 
            3, 
            15, 
            14, 
            1, 
            0, 
            14, 
            10
        ]
    }
}