{
    "2": {
        "silhouette_score": 0.2927445595425987, 
        "labels": [
            1, 
            1, 
            1, 
            1, 
            1, 
            0, 
            1, 
            1, 
            1
        ]
    }, 
    "3": {
        "silhouette_score": 0.2783746829661839, 
        "labels": [
            0, 
            0, 
            0, 
            0, 
            0, 
            2, 
            0, 
            0, 
            1
        ]
    }, 
    "4": {
        "silhouette_score": 0.11656804389648495, 
        "labels": [
            2, 
            0, 
            2, 
            2, 
            2, 
            3, 
            0, 
            0, 
            1
        ]
    }, 
    "5": {
        "silhouette_score": 0.089794264121755396, 
        "labels": [
            2, 
            0, 
            2, 
            3, 
            2, 
            1, 
            0, 
            0, 
            4
        ]
    }, 
    "6": {
        "silhouette_score": 0.073808233229689088, 
        "labels": [
            0, 
            2, 
            0, 
            5, 
            0, 
            3, 
            4, 
            2, 
            1
        ]
    }, 
    "7": {
        "silhouette_score": 0.048949975752814519, 
        "labels": [
            5, 
            4, 
            2, 
            6, 
            5, 
            1, 
            0, 
            4, 
            3
        ]
    }, 
    "8": {
        "silhouette_score": 0.022607273732521298, 
        "labels": [
            0, 
            7, 
            5, 
            4, 
            2, 
            1, 
            6, 
            2, 
            3
        ]
    }
}