{
    "2": {
        "silhouette_score": 0.37762258521733966, 
        "labels": [
            0, 
            1, 
            0, 
            0, 
            0, 
            1, 
            0, 
            0
        ]
    }, 
    "3": {
        "silhouette_score": 0.3599998567219368, 
        "labels": [
            1, 
            0, 
            2, 
            1, 
            1, 
            0, 
            1, 
            1
        ]
    }, 
    "4": {
        "silhouette_score": 0.30274503444380774, 
        "labels": [
            1, 
            2, 
            0, 
            1, 
            3, 
            2, 
            1, 
            1
        ]
    }, 
    "5": {
        "silhouette_score": 0.30769885339053871, 
        "labels": [
            0, 
            1, 
            3, 
            4, 
            2, 
            1, 
            0, 
            4
        ]
    }, 
    "6": {
        "silhouette_score": 0.23225308193018276, 
        "labels": [
            1, 
            2, 
            3, 
            5, 
            0, 
            2, 
            1, 
            4
        ]
    }, 
    "7": {
        "silhouette_score": 0.16450967126734425, 
        "labels": [
            0, 
            1, 
            2, 
            4, 
            3, 
            1, 
            6, 
            5
        ]
    }
}