{
    "2": {
        "silhouette_score": 0.29617958832887525, 
        "labels": [
            0, 
            0, 
            1, 
            0, 
            0, 
            0, 
            0, 
            0
        ]
    }, 
    "3": {
        "silhouette_score": 0.20460362618519401, 
        "labels": [
            2, 
            0, 
            1, 
            0, 
            2, 
            0, 
            0, 
            2
        ]
    }, 
    "4": {
        "silhouette_score": 0.13526238510664013, 
        "labels": [
            1, 
            0, 
            3, 
            2, 
            1, 
            0, 
            0, 
            1
        ]
    }, 
    "5": {
        "silhouette_score": 0.097870934054279948, 
        "labels": [
            3, 
            1, 
            4, 
            2, 
            3, 
            1, 
            1, 
            0
        ]
    }, 
    "6": {
        "silhouette_score": 0.050318548889658025, 
        "labels": [
            2, 
            4, 
            0, 
            5, 
            2, 
            4, 
            1, 
            3
        ]
    }, 
    "7": {
        "silhouette_score": 0.033769757611025235, 
        "labels": [
            6, 
            1, 
            3, 
            2, 
            0, 
            1, 
            5, 
            4
        ]
    }
}