{
    "2": {
        "silhouette_score": 0.24522513743266602, 
        "labels": [
            1, 
            0, 
            1, 
            1, 
            0, 
            0, 
            0, 
            0, 
            0, 
            1, 
            1, 
            1, 
            1, 
            1, 
            1, 
            1, 
            0
        ]
    }, 
    "3": {
        "silhouette_score": 0.3123804588468756, 
        "labels": [
            0, 
            1, 
            0, 
            0, 
            1, 
            1, 
            1, 
            1, 
            1, 
            0, 
            0, 
            2, 
            2, 
            2, 
            0, 
            2, 
            1
        ]
    }, 
    "4": {
        "silhouette_score": 0.3079003656307539, 
        "labels": [
            3, 
            2, 
            3, 
            3, 
            2, 
            0, 
            0, 
            2, 
            0, 
            3, 
            3, 
            1, 
            1, 
            1, 
            3, 
            1, 
            0
        ]
    }, 
    "5": {
        "silhouette_score": 0.25598544708881293, 
        "labels": [
            1, 
            3, 
            4, 
            1, 
            3, 
            0, 
            0, 
            3, 
            0, 
            1, 
            4, 
            2, 
            2, 
            2, 
            4, 
            2, 
            0
        ]
    }, 
    "6": {
        "silhouette_score": 0.25658687367161176, 
        "labels": [
            4, 
            0, 
            2, 
            4, 
            0, 
            5, 
            3, 
            3, 
            5, 
            4, 
            2, 
            1, 
            1, 
            1, 
            2, 
            1, 
            5
        ]
    }, 
    "7": {
        "silhouette_score": 0.24483675493407794, 
        "labels": [
            5, 
            1, 
            0, 
            5, 
            1, 
            3, 
            6, 
            6, 
            3, 
            5, 
            0, 
            4, 
            2, 
            4, 
            0, 
            2, 
            3
        ]
    }, 
    "8": {
        "silhouette_score": 0.23100603898851696, 
        "labels": [
            3, 
            1, 
            0, 
            3, 
            1, 
            7, 
            2, 
            2, 
            7, 
            3, 
            0, 
            4, 
            5, 
            4, 
            6, 
            5, 
            7
        ]
    }, 
    "9": {
        "silhouette_score": 0.22088807190876394, 
        "labels": [
            5, 
            3, 
            4, 
            8, 
            3, 
            2, 
            7, 
            7, 
            2, 
            5, 
            4, 
            1, 
            6, 
            1, 
            0, 
            6, 
            2
        ]
    }, 
    "10": {
        "silhouette_score": 0.2031782045085386, 
        "labels": [
            5, 
            0, 
            1, 
            7, 
            0, 
            2, 
            4, 
            4, 
            9, 
            5, 
            1, 
            3, 
            8, 
            3, 
            6, 
            8, 
            9
        ]
    }, 
    "11": {
        "silhouette_score": 0.18829679888084552, 
        "labels": [
            1, 
            3, 
            4, 
            6, 
            3, 
            5, 
            2, 
            2, 
            9, 
            1, 
            10, 
            7, 
            0, 
            7, 
            8, 
            0, 
            9
        ]
    }, 
    "12": {
        "silhouette_score": 0.15589681994084598, 
        "labels": [
            8, 
            1, 
            9, 
            6, 
            1, 
            10, 
            4, 
            11, 
            3, 
            8, 
            0, 
            7, 
            2, 
            7, 
            5, 
            2, 
            3
        ]
    }, 
    "13": {
        "silhouette_score": 0.1369450809078121, 
        "labels": [
            12, 
            5, 
            8, 
            0, 
            5, 
            9, 
            11, 
            4, 
            1, 
            3, 
            10, 
            2, 
            7, 
            2, 
            6, 
            7, 
            1
        ]
    }, 
    "14": {
        "silhouette_score": 0.096515166709106079, 
        "labels": [
            12, 
            0, 
            4, 
            8, 
            13, 
            5, 
            3, 
            11, 
            10, 
            1, 
            9, 
            2, 
            6, 
            2, 
            7, 
            6, 
            10
        ]
    }, 
    "15": {
        "silhouette_score": 0.082312122421823841, 
        "labels": [
            1, 
            13, 
            4, 
            7, 
            2, 
            11, 
            12, 
            5, 
            14, 
            10, 
            8, 
            6, 
            0, 
            6, 
            9, 
            0, 
            3
        ]
    }, 
    "16": {
        "silhouette_score": 0.047430722815286978, 
        "labels": [
            11, 
            3, 
            4, 
            9, 
            13, 
            8, 
            0, 
            12, 
            5, 
            1, 
            10, 
            6, 
            2, 
            15, 
            7, 
            2, 
            14
        ]
    }
}