{
    "2": {
        "silhouette_score": 0.11713787998994614, 
        "labels": [
            1, 
            0, 
            1, 
            0, 
            1, 
            0, 
            1, 
            0, 
            1
        ]
    }, 
    "3": {
        "silhouette_score": 0.089078367330385974, 
        "labels": [
            1, 
            0, 
            1, 
            2, 
            2, 
            0, 
            1, 
            2, 
            1
        ]
    }, 
    "4": {
        "silhouette_score": 0.10052845398314156, 
        "labels": [
            1, 
            2, 
            1, 
            0, 
            0, 
            2, 
            3, 
            0, 
            3
        ]
    }, 
    "5": {
        "silhouette_score": 0.072003920476880076, 
        "labels": [
            3, 
            4, 
            3, 
            2, 
            2, 
            0, 
            1, 
            2, 
            1
        ]
    }, 
    "6": {
        "silhouette_score": 0.05782965031547449, 
        "labels": [
            2, 
            1, 
            2, 
            0, 
            0, 
            3, 
            4, 
            0, 
            5
        ]
    }, 
    "7": {
        "silhouette_score": 0.036659956746094367, 
        "labels": [
            0, 
            2, 
            5, 
            1, 
            1, 
            3, 
            4, 
            1, 
            6
        ]
    }, 
    "8": {
        "silhouette_score": 0.02112087693585717, 
        "labels": [
            4, 
            0, 
            3, 
            6, 
            2, 
            5, 
            1, 
            2, 
            7
        ]
    }
}