{
    "2": {
        "silhouette_score": 0.36682125952785888, 
        "labels": [
            0, 
            0, 
            0, 
            0, 
            0, 
            1, 
            0, 
            0, 
            0
        ]
    }, 
    "3": {
        "silhouette_score": 0.18334797159004651, 
        "labels": [
            2, 
            0, 
            2, 
            2, 
            2, 
            1, 
            0, 
            0, 
            0
        ]
    }, 
    "4": {
        "silhouette_score": 0.17093534773206434, 
        "labels": [
            1, 
            3, 
            1, 
            1, 
            1, 
            2, 
            0, 
            0, 
            0
        ]
    }, 
    "5": {
        "silhouette_score": 0.17890176674518146, 
        "labels": [
            2, 
            1, 
            2, 
            0, 
            2, 
            3, 
            4, 
            1, 
            4
        ]
    }, 
    "6": {
        "silhouette_score": 0.1780364537002439, 
        "labels": [
            2, 
            3, 
            2, 
            0, 
            2, 
            4, 
            5, 
            1, 
            1
        ]
    }, 
    "7": {
        "silhouette_score": 0.13668337280512594, 
        "labels": [
            1, 
            3, 
            1, 
            5, 
            1, 
            0, 
            4, 
            2, 
            6
        ]
    }, 
    "8": {
        "silhouette_score": 0.032603511791591364, 
        "labels": [
            0, 
            5, 
            0, 
            3, 
            7, 
            1, 
            4, 
            2, 
            6
        ]
    }
}