{
    "2": {
        "silhouette_score": 0.33141016804851386, 
        "labels": [
            0, 
            0, 
            0, 
            0, 
            1, 
            1, 
            1, 
            0, 
            0, 
            0, 
            0, 
            0, 
            0, 
            0, 
            1, 
            0, 
            0
        ]
    }, 
    "3": {
        "silhouette_score": 0.19401143391410403, 
        "labels": [
            0, 
            1, 
            0, 
            0, 
            1, 
            1, 
            1, 
            0, 
            0, 
            0, 
            0, 
            0, 
            0, 
            0, 
            2, 
            0, 
            0
        ]
    }, 
    "4": {
        "silhouette_score": 0.24466845237626517, 
        "labels": [
            2, 
            2, 
            3, 
            0, 
            2, 
            2, 
            2, 
            0, 
            3, 
            0, 
            0, 
            0, 
            2, 
            0, 
            1, 
            0, 
            0
        ]
    }, 
    "5": {
        "silhouette_score": 0.22743484357455981, 
        "labels": [
            2, 
            2, 
            3, 
            0, 
            1, 
            1, 
            1, 
            0, 
            3, 
            0, 
            0, 
            2, 
            2, 
            2, 
            4, 
            2, 
            2
        ]
    }, 
    "6": {
        "silhouette_score": 0.22084242497064635, 
        "labels": [
            1, 
            1, 
            2, 
            3, 
            0, 
            0, 
            0, 
            3, 
            5, 
            3, 
            1, 
            1, 
            1, 
            1, 
            4, 
            1, 
            1
        ]
    }, 
    "7": {
        "silhouette_score": 0.12292259624868107, 
        "labels": [
            2, 
            2, 
            5, 
            6, 
            0, 
            2, 
            0, 
            4, 
            3, 
            4, 
            1, 
            2, 
            2, 
            2, 
            0, 
            4, 
            2
        ]
    }, 
    "8": {
        "silhouette_score": 0.13536294550344016, 
        "labels": [
            2, 
            2, 
            6, 
            0, 
            5, 
            5, 
            5, 
            1, 
            3, 
            1, 
            7, 
            1, 
            2, 
            1, 
            4, 
            1, 
            1
        ]
    }, 
    "9": {
        "silhouette_score": 0.085926920913683147, 
        "labels": [
            4, 
            7, 
            3, 
            5, 
            2, 
            8, 
            2, 
            7, 
            6, 
            7, 
            1, 
            4, 
            7, 
            4, 
            0, 
            7, 
            7
        ]
    }, 
    "10": {
        "silhouette_score": 0.14062528818678449, 
        "labels": [
            0, 
            8, 
            3, 
            4, 
            2, 
            9, 
            2, 
            6, 
            5, 
            6, 
            7, 
            0, 
            8, 
            0, 
            1, 
            0, 
            0
        ]
    }, 
    "11": {
        "silhouette_score": 0.11250572598635367, 
        "labels": [
            8, 
            4, 
            2, 
            6, 
            1, 
            10, 
            1, 
            7, 
            5, 
            7, 
            9, 
            8, 
            4, 
            8, 
            3, 
            0, 
            0
        ]
    }, 
    "12": {
        "silhouette_score": 0.1120920474845768, 
        "labels": [
            11, 
            6, 
            3, 
            4, 
            1, 
            1, 
            1, 
            8, 
            5, 
            10, 
            9, 
            0, 
            6, 
            11, 
            2, 
            7, 
            7
        ]
    }, 
    "13": {
        "silhouette_score": 0.091871184083231, 
        "labels": [
            12, 
            10, 
            5, 
            7, 
            6, 
            1, 
            11, 
            9, 
            0, 
            3, 
            8, 
            2, 
            10, 
            2, 
            4, 
            3, 
            3
        ]
    }, 
    "14": {
        "silhouette_score": 0.089874551572772923, 
        "labels": [
            10, 
            0, 
            1, 
            7, 
            13, 
            11, 
            2, 
            4, 
            5, 
            12, 
            9, 
            6, 
            0, 
            6, 
            3, 
            8, 
            8
        ]
    }, 
    "15": {
        "silhouette_score": 0.059047188160711174, 
        "labels": [
            1, 
            4, 
            6, 
            0, 
            14, 
            11, 
            8, 
            9, 
            3, 
            5, 
            10, 
            7, 
            4, 
            7, 
            2, 
            12, 
            13
        ]
    }, 
    "16": {
        "silhouette_score": 0.033294908679769038, 
        "labels": [
            14, 
            7, 
            3, 
            4, 
            1, 
            9, 
            12, 
            10, 
            5, 
            13, 
            0, 
            2, 
            7, 
            11, 
            6, 
            8, 
            15
        ]
    }
}