{
    "2": {
        "silhouette_score": 0.20265028625077133, 
        "labels": [
            1, 
            0, 
            0, 
            1, 
            1, 
            1, 
            0, 
            0, 
            1, 
            0, 
            0, 
            1, 
            0, 
            1, 
            0, 
            1, 
            1, 
            1, 
            1, 
            1, 
            0, 
            1
        ]
    }, 
    "3": {
        "silhouette_score": 0.19187681137132442, 
        "labels": [
            0, 
            1, 
            1, 
            2, 
            2, 
            0, 
            1, 
            1, 
            0, 
            1, 
            1, 
            1, 
            1, 
            0, 
            2, 
            2, 
            0, 
            0, 
            2, 
            2, 
            2, 
            0
        ]
    }, 
    "4": {
        "silhouette_score": 0.20521438724727606, 
        "labels": [
            3, 
            0, 
            2, 
            1, 
            1, 
            1, 
            0, 
            0, 
            1, 
            2, 
            0, 
            0, 
            2, 
            1, 
            2, 
            1, 
            1, 
            1, 
            1, 
            1, 
            2, 
            1
        ]
    }, 
    "5": {
        "silhouette_score": 0.19257825929057554, 
        "labels": [
            4, 
            1, 
            2, 
            0, 
            0, 
            3, 
            1, 
            1, 
            3, 
            1, 
            1, 
            3, 
            1, 
            0, 
            2, 
            0, 
            0, 
            0, 
            0, 
            0, 
            2, 
            3
        ]
    }, 
    "6": {
        "silhouette_score": 0.21951978132547581, 
        "labels": [
            2, 
            0, 
            5, 
            1, 
            1, 
            4, 
            0, 
            0, 
            4, 
            5, 
            0, 
            0, 
            3, 
            1, 
            5, 
            5, 
            1, 
            1, 
            1, 
            1, 
            5, 
            4
        ]
    }, 
    "7": {
        "silhouette_score": 0.23336312296662304, 
        "labels": [
            5, 
            2, 
            2, 
            1, 
            1, 
            4, 
            2, 
            2, 
            4, 
            2, 
            2, 
            4, 
            6, 
            3, 
            0, 
            1, 
            3, 
            3, 
            1, 
            1, 
            0, 
            4
        ]
    }, 
    "8": {
        "silhouette_score": 0.25193704537410128, 
        "labels": [
            5, 
            7, 
            3, 
            2, 
            2, 
            1, 
            7, 
            7, 
            1, 
            3, 
            7, 
            7, 
            4, 
            6, 
            0, 
            3, 
            6, 
            6, 
            2, 
            2, 
            0, 
            1
        ]
    }, 
    "9": {
        "silhouette_score": 0.22747511398448872, 
        "labels": [
            3, 
            2, 
            6, 
            0, 
            0, 
            1, 
            2, 
            2, 
            8, 
            6, 
            2, 
            1, 
            4, 
            5, 
            7, 
            6, 
            5, 
            5, 
            0, 
            0, 
            7, 
            8
        ]
    }, 
    "10": {
        "silhouette_score": 0.2348420957834686, 
        "labels": [
            3, 
            1, 
            7, 
            8, 
            8, 
            5, 
            1, 
            1, 
            5, 
            7, 
            1, 
            1, 
            6, 
            0, 
            2, 
            9, 
            0, 
            0, 
            4, 
            4, 
            2, 
            5
        ]
    }, 
    "11": {
        "silhouette_score": 0.21896110237306979, 
        "labels": [
            5, 
            8, 
            6, 
            2, 
            2, 
            0, 
            8, 
            8, 
            4, 
            6, 
            8, 
            0, 
            3, 
            1, 
            7, 
            9, 
            1, 
            1, 
            10, 
            10, 
            7, 
            4
        ]
    }, 
    "12": {
        "silhouette_score": 0.1858550394913924, 
        "labels": [
            4, 
            7, 
            1, 
            3, 
            3, 
            11, 
            5, 
            7, 
            9, 
            1, 
            7, 
            5, 
            0, 
            2, 
            6, 
            8, 
            2, 
            2, 
            10, 
            10, 
            6, 
            9
        ]
    }, 
    "13": {
        "silhouette_score": 0.15596113179524462, 
        "labels": [
            0, 
            6, 
            2, 
            4, 
            4, 
            9, 
            10, 
            6, 
            1, 
            2, 
            6, 
            10, 
            5, 
            3, 
            7, 
            8, 
            3, 
            3, 
            4, 
            12, 
            11, 
            1
        ]
    }, 
    "14": {
        "silhouette_score": 0.14975340544508195, 
        "labels": [
            4, 
            3, 
            5, 
            10, 
            10, 
            0, 
            3, 
            3, 
            8, 
            5, 
            13, 
            11, 
            2, 
            6, 
            12, 
            9, 
            6, 
            6, 
            1, 
            1, 
            7, 
            8
        ]
    }, 
    "15": {
        "silhouette_score": 0.12898320907180566, 
        "labels": [
            5, 
            7, 
            9, 
            11, 
            11, 
            12, 
            7, 
            7, 
            14, 
            9, 
            7, 
            1, 
            3, 
            6, 
            4, 
            0, 
            6, 
            6, 
            2, 
            13, 
            10, 
            8
        ]
    }, 
    "16": {
        "silhouette_score": 0.12168717372370598, 
        "labels": [
            3, 
            11, 
            6, 
            5, 
            5, 
            0, 
            12, 
            2, 
            8, 
            6, 
            11, 
            12, 
            4, 
            7, 
            9, 
            10, 
            7, 
            7, 
            1, 
            15, 
            13, 
            14
        ]
    }, 
    "17": {
        "silhouette_score": 0.096983914716675917, 
        "labels": [
            5, 
            10, 
            16, 
            2, 
            2, 
            1, 
            10, 
            10, 
            8, 
            7, 
            3, 
            14, 
            6, 
            4, 
            0, 
            13, 
            4, 
            4, 
            15, 
            9, 
            12, 
            11
        ]
    }, 
    "18": {
        "silhouette_score": 0.094872629484115692, 
        "labels": [
            3, 
            2, 
            10, 
            1, 
            1, 
            0, 
            2, 
            16, 
            8, 
            14, 
            17, 
            13, 
            6, 
            5, 
            4, 
            11, 
            5, 
            5, 
            9, 
            7, 
            12, 
            15
        ]
    }, 
    "19": {
        "silhouette_score": 0.087881240458413223,