{
    "2": {
        "silhouette_score": 0.38867171067427275, 
        "labels": [
            0, 
            0, 
            0, 
            1, 
            0, 
            0
        ]
    }, 
    "3": {
        "silhouette_score": 0.29433952571565741, 
        "labels": [
            0, 
            2, 
            2, 
            1, 
            2, 
            0
        ]
    }, 
    "4": {
        "silhouette_score": 0.26905353879858113, 
        "labels": [
            2, 
            0, 
            0, 
            1, 
            3, 
            2
        ]
    }, 
    "5": {
        "silhouette_score": 0.14869314162565411, 
        "labels": [
            3, 
            4, 
            2, 
            1, 
            0, 
            3
        ]
    }
}