{
    "2": {
        "silhouette_score": 0.33729277136902291, 
        "labels": [
            1, 
            0, 
            0, 
            0, 
            0, 
            1, 
            1, 
            1, 
            1, 
            0, 
            0, 
            0, 
            0, 
            0, 
            0, 
            0, 
            1
        ]
    }, 
    "3": {
        "silhouette_score": 0.33456809804539972, 
        "labels": [
            2, 
            0, 
            1, 
            1, 
            0, 
            2, 
            2, 
            2, 
            2, 
            1, 
            1, 
            0, 
            0, 
            0, 
            1, 
            0, 
            2
        ]
    }, 
    "4": {
        "silhouette_score": 0.33376103058131029, 
        "labels": [
            1, 
            2, 
            3, 
            3, 
            2, 
            1, 
            1, 
            1, 
            1, 
            3, 
            3, 
            2, 
            2, 
            2, 
            0, 
            2, 
            1
        ]
    }, 
    "5": {
        "silhouette_score": 0.35832997571641179, 
        "labels": [
            3, 
            1, 
            0, 
            4, 
            1, 
            3, 
            2, 
            2, 
            3, 
            4, 
            4, 
            1, 
            1, 
            1, 
            0, 
            1, 
            2
        ]
    }, 
    "6": {
        "silhouette_score": 0.34564791802582484, 
        "labels": [
            0, 
            1, 
            5, 
            2, 
            1, 
            3, 
            4, 
            4, 
            0, 
            2, 
            2, 
            1, 
            1, 
            1, 
            5, 
            1, 
            4
        ]
    }, 
    "7": {
        "silhouette_score": 0.3047168029502505, 
        "labels": [
            4, 
            1, 
            3, 
            5, 
            1, 
            6, 
            0, 
            0, 
            4, 
            5, 
            2, 
            1, 
            1, 
            1, 
            3, 
            1, 
            0
        ]
    }, 
    "8": {
        "silhouette_score": 0.27090001905344924, 
        "labels": [
            0, 
            2, 
            6, 
            1, 
            2, 
            5, 
            3, 
            3, 
            0, 
            1, 
            7, 
            2, 
            2, 
            2, 
            4, 
            2, 
            3
        ]
    }, 
    "9": {
        "silhouette_score": 0.23676214202523999, 
        "labels": [
            6, 
            0, 
            7, 
            2, 
            0, 
            5, 
            4, 
            4, 
            1, 
            2, 
            8, 
            0, 
            0, 
            0, 
            3, 
            0, 
            4
        ]
    }, 
    "10": {
        "silhouette_score": 0.1795590031478432, 
        "labels": [
            5, 
            2, 
            4, 
            1, 
            9, 
            8, 
            0, 
            0, 
            3, 
            1, 
            6, 
            2, 
            2, 
            2, 
            7, 
            2, 
            0
        ]
    }, 
    "11": {
        "silhouette_score": 0.16611433801235995, 
        "labels": [
            6, 
            3, 
            7, 
            10, 
            0, 
            5, 
            1, 
            1, 
            8, 
            2, 
            9, 
            3, 
            3, 
            3, 
            4, 
            3, 
            1
        ]
    }, 
    "12": {
        "silhouette_score": 0.12838044646712299, 
        "labels": [
            8, 
            2, 
            3, 
            5, 
            11, 
            4, 
            9, 
            9, 
            7, 
            10, 
            0, 
            2, 
            2, 
            2, 
            6, 
            2, 
            1
        ]
    }, 
    "13": {
        "silhouette_score": 0.12675309045641867, 
        "labels": [
            8, 
            11, 
            0, 
            10, 
            12, 
            3, 
            1, 
            1, 
            5, 
            4, 
            7, 
            2, 
            2, 
            2, 
            6, 
            2, 
            9
        ]
    }, 
    "14": {
        "silhouette_score": 0.11279456590270481, 
        "labels": [
            8, 
            13, 
            2, 
            3, 
            11, 
            7, 
            9, 
            12, 
            5, 
            10, 
            4, 
            0, 
            0, 
            0, 
            6, 
            0, 
            1
        ]
    }, 
    "15": {
        "silhouette_score": 0.035494565721528898, 
        "labels": [
            5, 
            13, 
            3, 
            4, 
            10, 
            8, 
            12, 
            7, 
            9, 
            11, 
            0, 
            14, 
            14, 
            1, 
            6, 
            14, 
            2
        ]
    }, 
    "16": {
        "silhouette_score": 0.020930544789667164, 
        "labels": [
            2, 
            0, 
            3, 
            1, 
            12, 
            7, 
            13, 
            4, 
            10, 
            8, 
            6, 
            5, 
            15, 
            14, 
            9, 
            15, 
            11
        ]
    }
}