{
    "2": {
        "silhouette_score": 0.33350501671092897, 
        "labels": [
            1, 
            0, 
            0, 
            0, 
            0, 
            1, 
            1, 
            1, 
            1, 
            0, 
            0, 
            0, 
            0, 
            0, 
            0, 
            0, 
            1
        ]
    }, 
    "3": {
        "silhouette_score": 0.33395241145025922, 
        "labels": [
            2, 
            1, 
            0, 
            0, 
            1, 
            2, 
            2, 
            2, 
            2, 
            0, 
            0, 
            1, 
            1, 
            1, 
            0, 
            1, 
            2
        ]
    }, 
    "4": {
        "silhouette_score": 0.37757194148412354, 
        "labels": [
            0, 
            1, 
            2, 
            3, 
            1, 
            0, 
            0, 
            0, 
            0, 
            3, 
            3, 
            1, 
            1, 
            1, 
            2, 
            1, 
            0
        ]
    }, 
    "5": {
        "silhouette_score": 0.35531403736271433, 
        "labels": [
            1, 
            0, 
            4, 
            3, 
            0, 
            1, 
            2, 
            2, 
            1, 
            3, 
            3, 
            0, 
            0, 
            0, 
            4, 
            0, 
            2
        ]
    }, 
    "6": {
        "silhouette_score": 0.33574017147162721, 
        "labels": [
            4, 
            2, 
            0, 
            5, 
            2, 
            4, 
            1, 
            1, 
            3, 
            5, 
            5, 
            2, 
            2, 
            2, 
            0, 
            2, 
            1
        ]
    }, 
    "7": {
        "silhouette_score": 0.29976868515373234, 
        "labels": [
            6, 
            1, 
            5, 
            4, 
            1, 
            3, 
            2, 
            2, 
            6, 
            4, 
            0, 
            1, 
            1, 
            1, 
            5, 
            1, 
            2
        ]
    }, 
    "8": {
        "silhouette_score": 0.26630583003595359, 
        "labels": [
            5, 
            0, 
            6, 
            7, 
            0, 
            1, 
            3, 
            3, 
            5, 
            7, 
            2, 
            0, 
            0, 
            0, 
            4, 
            0, 
            3
        ]
    }, 
    "9": {
        "silhouette_score": 0.23142636349701218, 
        "labels": [
            5, 
            1, 
            8, 
            7, 
            1, 
            2, 
            3, 
            3, 
            6, 
            7, 
            0, 
            1, 
            1, 
            1, 
            4, 
            1, 
            3
        ]
    }, 
    "10": {
        "silhouette_score": 0.21527119203231224, 
        "labels": [
            8, 
            0, 
            7, 
            2, 
            0, 
            1, 
            5, 
            5, 
            3, 
            9, 
            6, 
            0, 
            0, 
            0, 
            4, 
            0, 
            5
        ]
    }, 
    "11": {
        "silhouette_score": 0.15963938316582083, 
        "labels": [
            3, 
            2, 
            5, 
            6, 
            9, 
            8, 
            1, 
            1, 
            7, 
            10, 
            0, 
            2, 
            2, 
            2, 
            4, 
            2, 
            1
        ]
    }, 
    "12": {
        "silhouette_score": 0.1222029143723435, 
        "labels": [
            4, 
            5, 
            3, 
            2, 
            0, 
            6, 
            1, 
            1, 
            11, 
            9, 
            7, 
            5, 
            5, 
            5, 
            8, 
            5, 
            10
        ]
    }, 
    "13": {
        "silhouette_score": 0.12165378821209349, 
        "labels": [
            5, 
            12, 
            6, 
            10, 
            11, 
            4, 
            7, 
            7, 
            8, 
            3, 
            9, 
            1, 
            1, 
            1, 
            0, 
            1, 
            2
        ]
    }, 
    "14": {
        "silhouette_score": 0.10784802790998438, 
        "labels": [
            8, 
            13, 
            9, 
            12, 
            1, 
            6, 
            11, 
            10, 
            5, 
            2, 
            7, 
            4, 
            4, 
            4, 
            3, 
            4, 
            0
        ]
    }, 
    "15": {
        "silhouette_score": 0.030653115692966706, 
        "labels": [
            9, 
            13, 
            3, 
            0, 
            8, 
            7, 
            1, 
            12, 
            4, 
            10, 
            5, 
            14, 
            14, 
            2, 
            6, 
            14, 
            11
        ]
    }, 
    "16": {
        "silhouette_score": 0.031844069227412418, 
        "labels": [
            5, 
            13, 
            7, 
            2, 
            0, 
            10, 
            12, 
            1, 
            8, 
            3, 
            11, 
            15, 
            4, 
            14, 
            6, 
            4, 
            9
        ]
    }
}