{
    "2": {
        "silhouette_score": 0.24522513743266602, 
        "labels": [
            0, 
            1, 
            0, 
            0, 
            1, 
            1, 
            1, 
            1, 
            1, 
            0, 
            0, 
            0, 
            0, 
            0, 
            0, 
            0, 
            1
        ]
    }, 
    "3": {
        "silhouette_score": 0.30420579443515089, 
        "labels": [
            1, 
            0, 
            1, 
            1, 
            0, 
            1, 
            0, 
            0, 
            0, 
            1, 
            1, 
            2, 
            2, 
            2, 
            1, 
            2, 
            0
        ]
    }, 
    "4": {
        "silhouette_score": 0.30790036563075385, 
        "labels": [
            0, 
            2, 
            0, 
            0, 
            2, 
            1, 
            1, 
            2, 
            1, 
            0, 
            0, 
            3, 
            3, 
            3, 
            0, 
            3, 
            1
        ]
    }, 
    "5": {
        "silhouette_score": 0.26571911976826607, 
        "labels": [
            4, 
            3, 
            1, 
            4, 
            3, 
            2, 
            2, 
            2, 
            2, 
            4, 
            1, 
            0, 
            0, 
            0, 
            1, 
            0, 
            2
        ]
    }, 
    "6": {
        "silhouette_score": 0.2565868736716122, 
        "labels": [
            3, 
            5, 
            4, 
            3, 
            5, 
            2, 
            0, 
            0, 
            2, 
            3, 
            4, 
            1, 
            1, 
            1, 
            4, 
            1, 
            2
        ]
    }, 
    "7": {
        "silhouette_score": 0.24483675493407819, 
        "labels": [
            0, 
            5, 
            3, 
            0, 
            5, 
            6, 
            1, 
            1, 
            6, 
            0, 
            3, 
            2, 
            4, 
            2, 
            3, 
            4, 
            6
        ]
    }, 
    "8": {
        "silhouette_score": 0.23100603898851726, 
        "labels": [
            2, 
            1, 
            6, 
            2, 
            1, 
            4, 
            7, 
            7, 
            4, 
            2, 
            6, 
            3, 
            5, 
            3, 
            0, 
            5, 
            4
        ]
    }, 
    "9": {
        "silhouette_score": 0.22088807190876411, 
        "labels": [
            6, 
            3, 
            1, 
            7, 
            3, 
            0, 
            5, 
            5, 
            0, 
            6, 
            1, 
            2, 
            4, 
            2, 
            8, 
            4, 
            0
        ]
    }, 
    "10": {
        "silhouette_score": 0.20317820450853857, 
        "labels": [
            7, 
            1, 
            0, 
            5, 
            1, 
            9, 
            4, 
            4, 
            2, 
            7, 
            0, 
            3, 
            6, 
            3, 
            8, 
            6, 
            2
        ]
    }, 
    "11": {
        "silhouette_score": 0.18829679888084541, 
        "labels": [
            1, 
            3, 
            9, 
            10, 
            3, 
            5, 
            0, 
            0, 
            8, 
            1, 
            7, 
            6, 
            2, 
            6, 
            4, 
            2, 
            8
        ]
    }, 
    "12": {
        "silhouette_score": 0.15589681994084598, 
        "labels": [
            1, 
            0, 
            11, 
            7, 
            0, 
            8, 
            10, 
            4, 
            3, 
            1, 
            6, 
            9, 
            2, 
            9, 
            5, 
            2, 
            3
        ]
    }, 
    "13": {
        "silhouette_score": 0.13694508090781227, 
        "labels": [
            3, 
            0, 
            11, 
            8, 
            0, 
            9, 
            6, 
            10, 
            4, 
            12, 
            1, 
            2, 
            5, 
            2, 
            7, 
            5, 
            4
        ]
    }, 
    "14": {
        "silhouette_score": 0.096515166709106121, 
        "labels": [
            1, 
            3, 
            11, 
            8, 
            13, 
            10, 
            12, 
            5, 
            0, 
            9, 
            4, 
            6, 
            2, 
            6, 
            7, 
            2, 
            0
        ]
    }, 
    "15": {
        "silhouette_score": 0.082312122421823813, 
        "labels": [
            12, 
            13, 
            8, 
            11, 
            3, 
            10, 
            0, 
            6, 
            7, 
            2, 
            9, 
            1, 
            5, 
            1, 
            4, 
            5, 
            14
        ]
    }, 
    "16": {
        "silhouette_score": 0.047430722815286784, 
        "labels": [
            12, 
            14, 
            10, 
            8, 
            0, 
            9, 
            5, 
            11, 
            13, 
            1, 
            7, 
            6, 
            3, 
            15, 
            4, 
            3, 
            2
        ]
    }
}