{
    "2": {
        "silhouette_score": 0.38240817892154683, 
        "labels": [
            0, 
            1, 
            0, 
            1, 
            0, 
            0
        ]
    }, 
    "3": {
        "silhouette_score": 0.27441815404886594, 
        "labels": [
            1, 
            0, 
            1, 
            2, 
            1, 
            1
        ]
    }, 
    "4": {
        "silhouette_score": 0.10736155630775242, 
        "labels": [
            0, 
            1, 
            3, 
            2, 
            3, 
            3
        ]
    }, 
    "5": {
        "silhouette_score": 0.16305197594645568, 
        "labels": [
            4, 
            2, 
            3, 
            0, 
            1, 
            3
        ]
    }
}