{
    "2": {
        "silhouette_score": 0.25652568706410595, 
        "labels": [
            1, 
            1, 
            1, 
            1, 
            0, 
            1, 
            1, 
            1, 
            1, 
            1, 
            1, 
            1, 
            1, 
            1, 
            0, 
            1, 
            1
        ]
    }, 
    "3": {
        "silhouette_score": 0.1953456093721532, 
        "labels": [
            1, 
            2, 
            1, 
            1, 
            2, 
            2, 
            2, 
            1, 
            0, 
            1, 
            1, 
            1, 
            1, 
            1, 
            2, 
            1, 
            1
        ]
    }, 
    "4": {
        "silhouette_score": 0.0769155760933532, 
        "labels": [
            1, 
            1, 
            0, 
            0, 
            2, 
            2, 
            1, 
            0, 
            3, 
            0, 
            1, 
            0, 
            1, 
            1, 
            2, 
            1, 
            0
        ]
    }, 
    "5": {
        "silhouette_score": 0.10529402925830011, 
        "labels": [
            1, 
            1, 
            4, 
            3, 
            0, 
            1, 
            0, 
            1, 
            2, 
            1, 
            1, 
            1, 
            1, 
            1, 
            0, 
            1, 
            1
        ]
    }, 
    "6": {
        "silhouette_score": 0.027715544008547411, 
        "labels": [
            4, 
            0, 
            4, 
            0, 
            1, 
            3, 
            5, 
            4, 
            2, 
            4, 
            3, 
            4, 
            3, 
            3, 
            1, 
            0, 
            4
        ]
    }, 
    "7": {
        "silhouette_score": 0.048925056241134683, 
        "labels": [
            0, 
            0, 
            3, 
            6, 
            4, 
            2, 
            0, 
            0, 
            1, 
            0, 
            0, 
            0, 
            0, 
            0, 
            5, 
            0, 
            0
        ]
    }, 
    "8": {
        "silhouette_score": 0.046451365364260096, 
        "labels": [
            0, 
            2, 
            6, 
            4, 
            2, 
            0, 
            7, 
            5, 
            3, 
            0, 
            0, 
            0, 
            0, 
            0, 
            1, 
            0, 
            0
        ]
    }, 
    "9": {
        "silhouette_score": 0.0046069126994992453, 
        "labels": [
            2, 
            2, 
            5, 
            4, 
            6, 
            8, 
            7, 
            2, 
            3, 
            1, 
            2, 
            1, 
            2, 
            2, 
            0, 
            2, 
            1
        ]
    }, 
    "10": {
        "silhouette_score": 0.058274735915040038, 
        "labels": [
            4, 
            1, 
            6, 
            7, 
            1, 
            8, 
            9, 
            5, 
            3, 
            0, 
            5, 
            0, 
            4, 
            4, 
            2, 
            4, 
            0
        ]
    }, 
    "11": {
        "silhouette_score": 0.024986084017859199, 
        "labels": [
            9, 
            1, 
            6, 
            0, 
            5, 
            7, 
            8, 
            3, 
            4, 
            3, 
            10, 
            3, 
            3, 
            3, 
            2, 
            1, 
            3
        ]
    }, 
    "12": {
        "silhouette_score": 0.0035578141573973333, 
        "labels": [
            2, 
            8, 
            5, 
            4, 
            10, 
            1, 
            7, 
            9, 
            3, 
            2, 
            11, 
            2, 
            2, 
            2, 
            6, 
            0, 
            2
        ]
    }, 
    "13": {
        "silhouette_score": 0.025368317297064333, 
        "labels": [
            11, 
            0, 
            1, 
            6, 
            3, 
            7, 
            9, 
            10, 
            4, 
            5, 
            8, 
            12, 
            0, 
            0, 
            2, 
            0, 
            12
        ]
    }, 
    "14": {
        "silhouette_score": -0.0084105504877732169, 
        "labels": [
            13, 
            2, 
            4, 
            3, 
            10, 
            8, 
            7, 
            11, 
            5, 
            9, 
            12, 
            0, 
            9, 
            6, 
            1, 
            6, 
            9
        ]
    }, 
    "15": {
        "silhouette_score": -0.0055954116396724138, 
        "labels": [
            10, 
            14, 
            6, 
            7, 
            1, 
            3, 
            8, 
            13, 
            4, 
            12, 
            0, 
            2, 
            2, 
            11, 
            5, 
            9, 
            2
        ]
    }, 
    "16": {
        "silhouette_score": 0.00034009372749476861, 
        "labels": [
            15, 
            2, 
            7, 
            6, 
            13, 
            1, 
            9, 
            0, 
            3, 
            11, 
            12, 
            14, 
            5, 
            10, 
            4, 
            5, 
            8
        ]
    }
}