{
    "2": {
        "silhouette_score": 0.30766072106210923, 
        "labels": [
            0, 
            0, 
            0, 
            0, 
            0, 
            1, 
            0, 
            0, 
            0
        ]
    }, 
    "3": {
        "silhouette_score": 0.28361193074231394, 
        "labels": [
            1, 
            1, 
            1, 
            1, 
            1, 
            2, 
            1, 
            1, 
            0
        ]
    }, 
    "4": {
        "silhouette_score": 0.11965888031607547, 
        "labels": [
            0, 
            3, 
            0, 
            0, 
            0, 
            1, 
            3, 
            3, 
            2
        ]
    }, 
    "5": {
        "silhouette_score": 0.067565858006797097, 
        "labels": [
            0, 
            1, 
            1, 
            0, 
            0, 
            2, 
            4, 
            1, 
            3
        ]
    }, 
    "6": {
        "silhouette_score": 0.078539410953473929, 
        "labels": [
            4, 
            0, 
            5, 
            2, 
            4, 
            3, 
            0, 
            0, 
            1
        ]
    }, 
    "7": {
        "silhouette_score": 0.075012474793687833, 
        "labels": [
            4, 
            1, 
            0, 
            2, 
            4, 
            5, 
            6, 
            1, 
            3
        ]
    }, 
    "8": {
        "silhouette_score": 0.018902445477973227, 
        "labels": [
            6, 
            5, 
            4, 
            7, 
            1, 
            2, 
            0, 
            1, 
            3
        ]
    }
}