{
    "2": {
        "silhouette_score": 0.11629282485377614, 
        "labels": [
            0, 
            1, 
            0, 
            1, 
            0, 
            1, 
            0, 
            1, 
            0
        ]
    }, 
    "3": {
        "silhouette_score": 0.11010447587545102, 
        "labels": [
            0, 
            2, 
            0, 
            1, 
            1, 
            2, 
            1, 
            1, 
            1
        ]
    }, 
    "4": {
        "silhouette_score": 0.1012338030188675, 
        "labels": [
            2, 
            0, 
            2, 
            1, 
            1, 
            0, 
            3, 
            1, 
            3
        ]
    }, 
    "5": {
        "silhouette_score": 0.072289968469018653, 
        "labels": [
            0, 
            2, 
            0, 
            1, 
            1, 
            4, 
            3, 
            1, 
            3
        ]
    }, 
    "6": {
        "silhouette_score": 0.058987100333339884, 
        "labels": [
            3, 
            2, 
            3, 
            1, 
            1, 
            4, 
            5, 
            1, 
            0
        ]
    }, 
    "7": {
        "silhouette_score": 0.037979787411842859, 
        "labels": [
            6, 
            0, 
            1, 
            2, 
            2, 
            3, 
            4, 
            2, 
            5
        ]
    }, 
    "8": {
        "silhouette_score": 0.021512454746461324, 
        "labels": [
            5, 
            2, 
            3, 
            7, 
            1, 
            6, 
            0, 
            1, 
            4
        ]
    }
}