{
    "2": {
        "silhouette_score": 0.5030280370771234, 
        "labels": [
            0, 
            0, 
            1, 
            1, 
            1, 
            0, 
            0, 
            1, 
            1
        ]
    }, 
    "3": {
        "silhouette_score": 0.38176315432093677, 
        "labels": [
            1, 
            1, 
            0, 
            0, 
            0, 
            2, 
            1, 
            0, 
            0
        ]
    }, 
    "4": {
        "silhouette_score": 0.33184088177344989, 
        "labels": [
            0, 
            3, 
            1, 
            1, 
            1, 
            2, 
            0, 
            1, 
            1
        ]
    }, 
    "5": {
        "silhouette_score": 0.27808973988031943, 
        "labels": [
            4, 
            3, 
            1, 
            1, 
            1, 
            0, 
            2, 
            1, 
            1
        ]
    }, 
    "6": {
        "silhouette_score": 0.074626456714079289, 
        "labels": [
            2, 
            4, 
            0, 
            0, 
            5, 
            3, 
            1, 
            0, 
            0
        ]
    }, 
    "7": {
        "silhouette_score": 0.07517933666466671, 
        "labels": [
            4, 
            2, 
            5, 
            5, 
            1, 
            0, 
            3, 
            6, 
            1
        ]
    }, 
    "8": {
        "silhouette_score": 0.057735408751591701, 
        "labels": [
            4, 
            1, 
            3, 
            3, 
            0, 
            2, 
            5, 
            6, 
            7
        ]
    }
}