{
    "2": {
        "silhouette_score": 0.31092150706817911, 
        "labels": [
            1, 
            1, 
            1, 
            0, 
            1, 
            0, 
            1, 
            0, 
            1
        ]
    }, 
    "3": {
        "silhouette_score": 0.1367976675564152, 
        "labels": [
            2, 
            2, 
            0, 
            1, 
            2, 
            2, 
            2, 
            1, 
            2
        ]
    }, 
    "4": {
        "silhouette_score": 0.19104302714100385, 
        "labels": [
            1, 
            1, 
            2, 
            0, 
            0, 
            3, 
            2, 
            0, 
            1
        ]
    }, 
    "5": {
        "silhouette_score": 0.29409482689393479, 
        "labels": [
            4, 
            4, 
            0, 
            1, 
            2, 
            3, 
            0, 
            1, 
            2
        ]
    }, 
    "6": {
        "silhouette_score": 0.17228159786552524, 
        "labels": [
            2, 
            2, 
            3, 
            0, 
            5, 
            4, 
            2, 
            0, 
            1
        ]
    }, 
    "7": {
        "silhouette_score": 0.20431410397830602, 
        "labels": [
            4, 
            4, 
            6, 
            0, 
            3, 
            2, 
            1, 
            0, 
            5
        ]
    }, 
    "8": {
        "silhouette_score": 0.089961886514559247, 
        "labels": [
            1, 
            1, 
            5, 
            2, 
            6, 
            0, 
            4, 
            7, 
            3
        ]
    }
}