{
    "2": {
        "silhouette_score": 0.12783119021474884, 
        "labels": [
            1, 
            1, 
            1, 
            1, 
            1, 
            0, 
            1, 
            1, 
            1, 
            0, 
            1, 
            1, 
            1, 
            1, 
            0, 
            1, 
            1
        ]
    }, 
    "3": {
        "silhouette_score": 0.039967050681550868, 
        "labels": [
            1, 
            1, 
            1, 
            1, 
            1, 
            1, 
            1, 
            1, 
            2, 
            1, 
            0, 
            1, 
            1, 
            0, 
            0, 
            0, 
            1
        ]
    }, 
    "4": {
        "silhouette_score": 0.11644774696289682, 
        "labels": [
            1, 
            1, 
            2, 
            1, 
            1, 
            0, 
            2, 
            2, 
            3, 
            0, 
            2, 
            1, 
            1, 
            1, 
            0, 
            1, 
            1
        ]
    }, 
    "5": {
        "silhouette_score": 0.13609490663740778, 
        "labels": [
            2, 
            3, 
            2, 
            3, 
            3, 
            1, 
            0, 
            0, 
            4, 
            1, 
            0, 
            1, 
            3, 
            3, 
            1, 
            3, 
            2
        ]
    }, 
    "6": {
        "silhouette_score": 0.12755686208458153, 
        "labels": [
            4, 
            2, 
            4, 
            4, 
            2, 
            5, 
            0, 
            0, 
            1, 
            5, 
            3, 
            4, 
            4, 
            3, 
            1, 
            3, 
            4
        ]
    }, 
    "7": {
        "silhouette_score": 0.08202672137602629, 
        "labels": [
            3, 
            0, 
            5, 
            0, 
            0, 
            1, 
            5, 
            5, 
            2, 
            1, 
            4, 
            1, 
            5, 
            0, 
            6, 
            0, 
            5
        ]
    }, 
    "8": {
        "silhouette_score": 0.11929851433521975, 
        "labels": [
            7, 
            3, 
            6, 
            1, 
            3, 
            2, 
            4, 
            4, 
            5, 
            2, 
            0, 
            6, 
            1, 
            1, 
            6, 
            1, 
            6
        ]
    }, 
    "9": {
        "silhouette_score": 0.11506440627459324, 
        "labels": [
            7, 
            4, 
            7, 
            3, 
            4, 
            0, 
            1, 
            1, 
            2, 
            0, 
            1, 
            3, 
            5, 
            5, 
            6, 
            8, 
            5
        ]
    }, 
    "10": {
        "silhouette_score": 0.097041197903596679, 
        "labels": [
            8, 
            2, 
            9, 
            4, 
            5, 
            1, 
            6, 
            6, 
            7, 
            1, 
            3, 
            9, 
            4, 
            4, 
            0, 
            4, 
            9
        ]
    }, 
    "11": {
        "silhouette_score": 0.048823028585263981, 
        "labels": [
            9, 
            4, 
            1, 
            6, 
            4, 
            3, 
            8, 
            8, 
            2, 
            7, 
            8, 
            1, 
            1, 
            0, 
            5, 
            10, 
            1
        ]
    }, 
    "12": {
        "silhouette_score": 0.027898694851205833, 
        "labels": [
            7, 
            8, 
            1, 
            9, 
            2, 
            11, 
            6, 
            6, 
            4, 
            3, 
            6, 
            1, 
            1, 
            5, 
            0, 
            10, 
            1
        ]
    }, 
    "13": {
        "silhouette_score": 0.017879493331423954, 
        "labels": [
            8, 
            9, 
            2, 
            0, 
            5, 
            12, 
            7, 
            7, 
            3, 
            4, 
            7, 
            10, 
            10, 
            1, 
            6, 
            11, 
            10
        ]
    }, 
    "14": {
        "silhouette_score": 0.056546454278031774, 
        "labels": [
            5, 
            2, 
            13, 
            1, 
            8, 
            0, 
            6, 
            6, 
            3, 
            9, 
            11, 
            7, 
            1, 
            12, 
            4, 
            10, 
            1
        ]
    }, 
    "15": {
        "silhouette_score": 0.0012106895984824112, 
        "labels": [
            10, 
            2, 
            0, 
            11, 
            5, 
            6, 
            14, 
            7, 
            3, 
            8, 
            12, 
            13, 
            0, 
            1, 
            4, 
            9, 
            0
        ]
    }, 
    "16": {
        "silhouette_score": 0.025415081681217207, 
        "labels": [
            7, 
            5, 
            14, 
            11, 
            9, 
            8, 
            15, 
            2, 
            3, 
            12, 
            13, 
            0, 
            4, 
            10, 
            6, 
            1, 
            4
        ]
    }
}