{
    "2": {
        "silhouette_score": 0.35961937431827673, 
        "labels": [
            0, 
            1, 
            1, 
            1, 
            1, 
            0, 
            1, 
            1, 
            1, 
            1, 
            1, 
            1, 
            1, 
            0, 
            1, 
            0, 
            0, 
            0, 
            1, 
            1, 
            1, 
            1
        ]
    }, 
    "3": {
        "silhouette_score": 0.26821125085360153, 
        "labels": [
            2, 
            0, 
            0, 
            0, 
            0, 
            2, 
            0, 
            1, 
            0, 
            0, 
            1, 
            0, 
            1, 
            2, 
            0, 
            2, 
            2, 
            2, 
            0, 
            0, 
            1, 
            0
        ]
    }, 
    "4": {
        "silhouette_score": 0.27452568991315096, 
        "labels": [
            1, 
            0, 
            0, 
            0, 
            0, 
            2, 
            0, 
            3, 
            0, 
            0, 
            3, 
            0, 
            3, 
            2, 
            0, 
            2, 
            2, 
            2, 
            0, 
            0, 
            3, 
            0
        ]
    }, 
    "5": {
        "silhouette_score": 0.26787607180410072, 
        "labels": [
            3, 
            1, 
            1, 
            1, 
            1, 
            4, 
            1, 
            2, 
            1, 
            1, 
            2, 
            1, 
            2, 
            0, 
            1, 
            4, 
            4, 
            0, 
            1, 
            1, 
            2, 
            1
        ]
    }, 
    "6": {
        "silhouette_score": 0.20038827861213068, 
        "labels": [
            3, 
            0, 
            0, 
            0, 
            1, 
            1, 
            2, 
            2, 
            2, 
            0, 
            2, 
            2, 
            4, 
            5, 
            0, 
            1, 
            1, 
            5, 
            0, 
            0, 
            2, 
            0
        ]
    }, 
    "7": {
        "silhouette_score": 0.2029105670811038, 
        "labels": [
            4, 
            0, 
            0, 
            1, 
            1, 
            2, 
            0, 
            6, 
            0, 
            1, 
            6, 
            0, 
            3, 
            5, 
            1, 
            2, 
            2, 
            2, 
            1, 
            1, 
            6, 
            1
        ]
    }, 
    "8": {
        "silhouette_score": 0.23969098409144032, 
        "labels": [
            4, 
            0, 
            5, 
            0, 
            5, 
            1, 
            7, 
            2, 
            7, 
            5, 
            2, 
            7, 
            6, 
            3, 
            5, 
            1, 
            1, 
            3, 
            0, 
            0, 
            2, 
            0
        ]
    }, 
    "9": {
        "silhouette_score": 0.27326506876432405, 
        "labels": [
            5, 
            8, 
            8, 
            7, 
            6, 
            1, 
            0, 
            3, 
            0, 
            6, 
            3, 
            0, 
            4, 
            2, 
            6, 
            1, 
            1, 
            2, 
            7, 
            7, 
            3, 
            7
        ]
    }, 
    "10": {
        "silhouette_score": 0.2333638919898928, 
        "labels": [
            3, 
            8, 
            8, 
            4, 
            4, 
            6, 
            7, 
            5, 
            7, 
            0, 
            5, 
            7, 
            2, 
            9, 
            0, 
            6, 
            6, 
            1, 
            4, 
            4, 
            5, 
            4
        ]
    }, 
    "11": {
        "silhouette_score": 0.22468653188301574, 
        "labels": [
            4, 
            10, 
            10, 
            6, 
            0, 
            7, 
            9, 
            1, 
            9, 
            5, 
            1, 
            9, 
            3, 
            8, 
            5, 
            7, 
            2, 
            2, 
            6, 
            6, 
            1, 
            6
        ]
    }, 
    "12": {
        "silhouette_score": 0.22387608578070406, 
        "labels": [
            1, 
            9, 
            9, 
            10, 
            10, 
            8, 
            0, 
            7, 
            0, 
            5, 
            7, 
            0, 
            3, 
            4, 
            5, 
            8, 
            2, 
            11, 
            6, 
            6, 
            7, 
            6
        ]
    }, 
    "13": {
        "silhouette_score": 0.18001290782099758, 
        "labels": [
            9, 
            0, 
            0, 
            3, 
            10, 
            1, 
            7, 
            5, 
            7, 
            6, 
            5, 
            7, 
            2, 
            8, 
            6, 
            1, 
            11, 
            4, 
            12, 
            3, 
            5, 
            3
        ]
    }, 
    "14": {
        "silhouette_score": 0.15156012610220546, 
        "labels": [
            2, 
            5, 
            5, 
            8, 
            8, 
            3, 
            10, 
            4, 
            7, 
            10, 
            4, 
            7, 
            6, 
            0, 
            12, 
            3, 
            11, 
            9, 
            1, 
            1, 
            13, 
            1
        ]
    }, 
    "15": {
        "silhouette_score": 0.14398636743572354, 
        "labels": [
            6, 
            2, 
            2, 
            4, 
            12, 
            0, 
            8, 
            10, 
            13, 
            7, 
            10, 
            8, 
            5, 
            3, 
            14, 
            0, 
            11, 
            9, 
            4, 
            4, 
            1, 
            4
        ]
    }, 
    "16": {
        "silhouette_score": 0.1545661806590688, 
        "labels": [
            5, 
            8, 
            8, 
            9, 
            9, 
            1, 
            12, 
            15, 
            0, 
            7, 
            15, 
            12, 
            4, 
            10, 
            13, 
            1, 
            14, 
            6, 
            3, 
            11, 
            2, 
            11
        ]
    }, 
    "17": {
        "silhouette_score": 0.12829432595880585, 
        "labels": [
            3, 
            14, 
            14, 
            6, 
            11, 
            8, 
            9, 
            0, 
            7, 
            2, 
            0, 
            9, 
            4, 
            5, 
            15, 
            8, 
            1, 
            12, 
            10, 
            16, 
            13, 
            6
        ]
    }, 
    "18": {
        "silhouette_score": 0.11222846835671091, 
        "labels": [
            5, 
            17, 
            11, 
            3, 
            13, 
            7, 
            1, 
            0, 
            9, 
            8, 
            0, 
            1, 
            6, 
            4, 
            12, 
            7, 
            2, 
            14, 
            16, 
            10, 
            15, 
            3
        ]
    }, 
    "19": {
        "silhouette_score": 0.082069822996923752,