{
    "2": {
        "silhouette_score": 0.28433083843921664, 
        "labels": [
            1, 
            0, 
            1, 
            1, 
            0, 
            0, 
            0, 
            0, 
            0, 
            1, 
            1, 
            1, 
            1, 
            1, 
            1, 
            1, 
            0
        ]
    }, 
    "3": {
        "silhouette_score": 0.35468737237507902, 
        "labels": [
            1, 
            0, 
            1, 
            1, 
            0, 
            0, 
            0, 
            0, 
            0, 
            1, 
            1, 
            2, 
            2, 
            2, 
            1, 
            2, 
            0
        ]
    }, 
    "4": {
        "silhouette_score": 0.35929443560164992, 
        "labels": [
            0, 
            3, 
            0, 
            0, 
            3, 
            1, 
            1, 
            3, 
            1, 
            0, 
            0, 
            2, 
            2, 
            2, 
            0, 
            2, 
            1
        ]
    }, 
    "5": {
        "silhouette_score": 0.2831343117472474, 
        "labels": [
            4, 
            2, 
            3, 
            4, 
            2, 
            1, 
            2, 
            2, 
            1, 
            4, 
            3, 
            0, 
            0, 
            0, 
            3, 
            0, 
            1
        ]
    }, 
    "6": {
        "silhouette_score": 0.3039833241824641, 
        "labels": [
            4, 
            5, 
            1, 
            4, 
            5, 
            0, 
            3, 
            3, 
            0, 
            4, 
            1, 
            2, 
            2, 
            2, 
            1, 
            2, 
            0
        ]
    }, 
    "7": {
        "silhouette_score": 0.32142178228551332, 
        "labels": [
            0, 
            4, 
            3, 
            0, 
            4, 
            6, 
            1, 
            1, 
            6, 
            0, 
            3, 
            2, 
            5, 
            2, 
            3, 
            5, 
            6
        ]
    }, 
    "8": {
        "silhouette_score": 0.31148669185331535, 
        "labels": [
            4, 
            5, 
            1, 
            4, 
            5, 
            3, 
            0, 
            0, 
            3, 
            4, 
            1, 
            7, 
            2, 
            7, 
            6, 
            2, 
            3
        ]
    }, 
    "9": {
        "silhouette_score": 0.30634576219206916, 
        "labels": [
            6, 
            0, 
            1, 
            8, 
            0, 
            2, 
            5, 
            5, 
            2, 
            6, 
            1, 
            3, 
            4, 
            3, 
            7, 
            4, 
            2
        ]
    }, 
    "10": {
        "silhouette_score": 0.29236824837548275, 
        "labels": [
            1, 
            3, 
            7, 
            9, 
            3, 
            8, 
            2, 
            2, 
            6, 
            1, 
            7, 
            4, 
            0, 
            4, 
            5, 
            0, 
            6
        ]
    }, 
    "11": {
        "silhouette_score": 0.26759305005680578, 
        "labels": [
            5, 
            0, 
            1, 
            8, 
            0, 
            10, 
            9, 
            4, 
            3, 
            5, 
            1, 
            6, 
            2, 
            6, 
            7, 
            2, 
            3
        ]
    }, 
    "12": {
        "silhouette_score": 0.2375217604231466, 
        "labels": [
            8, 
            3, 
            1, 
            6, 
            3, 
            9, 
            11, 
            5, 
            2, 
            10, 
            1, 
            4, 
            0, 
            4, 
            7, 
            0, 
            2
        ]
    }, 
    "13": {
        "silhouette_score": 0.21559488923696415, 
        "labels": [
            12, 
            3, 
            11, 
            9, 
            3, 
            8, 
            10, 
            6, 
            0, 
            4, 
            2, 
            5, 
            1, 
            5, 
            7, 
            1, 
            0
        ]
    }, 
    "14": {
        "silhouette_score": 0.16569790235320647, 
        "labels": [
            9, 
            13, 
            12, 
            7, 
            1, 
            10, 
            5, 
            11, 
            3, 
            4, 
            6, 
            8, 
            2, 
            8, 
            0, 
            2, 
            3
        ]
    }, 
    "15": {
        "silhouette_score": 0.14303377612251411, 
        "labels": [
            11, 
            13, 
            1, 
            9, 
            3, 
            8, 
            10, 
            6, 
            14, 
            4, 
            12, 
            2, 
            5, 
            2, 
            7, 
            5, 
            0
        ]
    }, 
    "16": {
        "silhouette_score": 0.084394563458944666, 
        "labels": [
            7, 
            13, 
            3, 
            1, 
            4, 
            9, 
            12, 
            6, 
            14, 
            11, 
            10, 
            5, 
            2, 
            15, 
            8, 
            2, 
            0
        ]
    }
}