{
    "2": {
        "silhouette_score": 0.36005925959181984, 
        "labels": [
            1, 
            1, 
            1, 
            1, 
            1, 
            0, 
            1, 
            1, 
            1
        ]
    }, 
    "3": {
        "silhouette_score": 0.101818676618531, 
        "labels": [
            1, 
            1, 
            0, 
            1, 
            0, 
            2, 
            1, 
            1, 
            1
        ]
    }, 
    "4": {
        "silhouette_score": 0.24408874606302156, 
        "labels": [
            1, 
            1, 
            2, 
            3, 
            2, 
            0, 
            1, 
            3, 
            1
        ]
    }, 
    "5": {
        "silhouette_score": 0.15089646992438696, 
        "labels": [
            2, 
            2, 
            0, 
            1, 
            4, 
            3, 
            0, 
            1, 
            4
        ]
    }, 
    "6": {
        "silhouette_score": 0.10382544972206381, 
        "labels": [
            1, 
            1, 
            0, 
            5, 
            2, 
            3, 
            1, 
            4, 
            1
        ]
    }, 
    "7": {
        "silhouette_score": 0.10776237598646449, 
        "labels": [
            1, 
            1, 
            4, 
            2, 
            5, 
            3, 
            6, 
            2, 
            0
        ]
    }, 
    "8": {
        "silhouette_score": 0.030428011468379795, 
        "labels": [
            2, 
            2, 
            4, 
            7, 
            5, 
            3, 
            6, 
            1, 
            0
        ]
    }
}