{
    "2": {
        "silhouette_score": 0.19066092019912056, 
        "labels": [
            1, 
            0, 
            1, 
            1, 
            0, 
            1, 
            1, 
            1, 
            1, 
            1, 
            1, 
            0, 
            0, 
            1, 
            1, 
            0, 
            1
        ]
    }, 
    "3": {
        "silhouette_score": 0.22992154247114238, 
        "labels": [
            0, 
            1, 
            2, 
            2, 
            1, 
            0, 
            0, 
            0, 
            0, 
            2, 
            2, 
            1, 
            1, 
            1, 
            2, 
            1, 
            0
        ]
    }, 
    "4": {
        "silhouette_score": 0.21071135190394666, 
        "labels": [
            1, 
            0, 
            3, 
            2, 
            0, 
            1, 
            1, 
            1, 
            1, 
            2, 
            2, 
            0, 
            0, 
            1, 
            3, 
            0, 
            1
        ]
    }, 
    "5": {
        "silhouette_score": 0.14354229119928494, 
        "labels": [
            1, 
            2, 
            0, 
            3, 
            4, 
            1, 
            1, 
            1, 
            1, 
            3, 
            3, 
            2, 
            2, 
            4, 
            0, 
            2, 
            1
        ]
    }, 
    "6": {
        "silhouette_score": 0.17458785080982259, 
        "labels": [
            1, 
            3, 
            4, 
            0, 
            3, 
            1, 
            1, 
            1, 
            1, 
            0, 
            0, 
            2, 
            2, 
            1, 
            5, 
            3, 
            1
        ]
    }, 
    "7": {
        "silhouette_score": 0.12133815692553843, 
        "labels": [
            1, 
            4, 
            0, 
            3, 
            4, 
            1, 
            5, 
            5, 
            1, 
            3, 
            3, 
            2, 
            2, 
            6, 
            6, 
            4, 
            1
        ]
    }, 
    "8": {
        "silhouette_score": 0.11619231297894424, 
        "labels": [
            0, 
            5, 
            2, 
            4, 
            5, 
            0, 
            7, 
            7, 
            0, 
            4, 
            3, 
            1, 
            1, 
            3, 
            6, 
            5, 
            0
        ]
    }, 
    "9": {
        "silhouette_score": 0.10668811051695565, 
        "labels": [
            1, 
            2, 
            0, 
            4, 
            2, 
            1, 
            3, 
            3, 
            1, 
            4, 
            8, 
            7, 
            7, 
            6, 
            5, 
            2, 
            1
        ]
    }, 
    "10": {
        "silhouette_score": 0.10323553649331077, 
        "labels": [
            0, 
            4, 
            9, 
            5, 
            8, 
            0, 
            6, 
            6, 
            0, 
            5, 
            7, 
            1, 
            1, 
            3, 
            2, 
            4, 
            0
        ]
    }, 
    "11": {
        "silhouette_score": 0.10968846208194774, 
        "labels": [
            10, 
            1, 
            2, 
            3, 
            1, 
            0, 
            6, 
            6, 
            8, 
            3, 
            4, 
            5, 
            5, 
            9, 
            7, 
            1, 
            0
        ]
    }, 
    "12": {
        "silhouette_score": 0.10623588805830288, 
        "labels": [
            8, 
            6, 
            3, 
            7, 
            0, 
            1, 
            5, 
            5, 
            11, 
            7, 
            2, 
            4, 
            4, 
            10, 
            9, 
            6, 
            1
        ]
    }, 
    "13": {
        "silhouette_score": 0.093124877177914456, 
        "labels": [
            8, 
            0, 
            10, 
            3, 
            9, 
            1, 
            6, 
            6, 
            7, 
            3, 
            11, 
            5, 
            5, 
            4, 
            2, 
            12, 
            1
        ]
    }, 
    "14": {
        "silhouette_score": 0.077587517269709805, 
        "labels": [
            5, 
            10, 
            4, 
            13, 
            6, 
            9, 
            0, 
            0, 
            11, 
            2, 
            12, 
            3, 
            3, 
            8, 
            7, 
            1, 
            9
        ]
    }, 
    "15": {
        "silhouette_score": 0.066424390835516559, 
        "labels": [
            12, 
            10, 
            3, 
            8, 
            9, 
            13, 
            2, 
            2, 
            6, 
            14, 
            5, 
            7, 
            7, 
            1, 
            0, 
            4, 
            11
        ]
    }, 
    "16": {
        "silhouette_score": 0.037367069558919025, 
        "labels": [
            11, 
            13, 
            2, 
            3, 
            8, 
            14, 
            7, 
            7, 
            12, 
            6, 
            10, 
            0, 
            15, 
            5, 
            9, 
            4, 
            1
        ]
    }
}