{
    "2": {
        "silhouette_score": 0.59999376801104243, 
        "labels": [
            1, 
            1, 
            1, 
            0, 
            1, 
            1
        ]
    }, 
    "3": {
        "silhouette_score": 0.13780156385637796, 
        "labels": [
            0, 
            2, 
            2, 
            1, 
            2, 
            2
        ]
    }, 
    "4": {
        "silhouette_score": 0.2700611343446509, 
        "labels": [
            3, 
            2, 
            0, 
            1, 
            0, 
            0
        ]
    }, 
    "5": {
        "silhouette_score": 0.09445759983737724, 
        "labels": [
            3, 
            0, 
            4, 
            1, 
            2, 
            2
        ]
    }
}