{
    "2": {
        "silhouette_score": 0.67768777630725585, 
        "labels": [
            0, 
            0, 
            0, 
            1, 
            0, 
            0
        ]
    }, 
    "3": {
        "silhouette_score": 0.22132745960111186, 
        "labels": [
            1, 
            2, 
            1, 
            0, 
            1, 
            1
        ]
    }, 
    "4": {
        "silhouette_score": 0.28896728049667747, 
        "labels": [
            3, 
            0, 
            2, 
            1, 
            2, 
            2
        ]
    }, 
    "5": {
        "silhouette_score": 0.078414788554290529, 
        "labels": [
            3, 
            2, 
            4, 
            1, 
            0, 
            0
        ]
    }
}