{
    "2": {
        "silhouette_score": 0.45185594390540695, 
        "labels": [
            1, 
            0, 
            0, 
            0, 
            0, 
            0, 
            0, 
            0, 
            0, 
            0, 
            0, 
            0, 
            0, 
            0, 
            0, 
            0, 
            0, 
            0, 
            0, 
            0, 
            0, 
            0
        ]
    }, 
    "3": {
        "silhouette_score": 0.16007928004731584, 
        "labels": [
            1, 
            2, 
            0, 
            1, 
            1, 
            1, 
            1, 
            1, 
            1, 
            2, 
            2, 
            1, 
            0, 
            1, 
            1, 
            0, 
            0, 
            1, 
            1, 
            1, 
            1, 
            1
        ]
    }, 
    "4": {
        "silhouette_score": 0.19624671218004125, 
        "labels": [
            1, 
            0, 
            0, 
            3, 
            3, 
            3, 
            0, 
            0, 
            3, 
            0, 
            2, 
            3, 
            0, 
            0, 
            3, 
            0, 
            0, 
            0, 
            0, 
            0, 
            3, 
            3
        ]
    }, 
    "5": {
        "silhouette_score": 0.20153951220393937, 
        "labels": [
            1, 
            3, 
            4, 
            1, 
            1, 
            1, 
            0, 
            0, 
            1, 
            3, 
            2, 
            0, 
            0, 
            0, 
            0, 
            4, 
            0, 
            0, 
            0, 
            0, 
            1, 
            1
        ]
    }, 
    "6": {
        "silhouette_score": 0.19867907914711908, 
        "labels": [
            3, 
            2, 
            4, 
            1, 
            1, 
            1, 
            4, 
            4, 
            1, 
            2, 
            5, 
            4, 
            0, 
            4, 
            1, 
            4, 
            4, 
            4, 
            4, 
            4, 
            1, 
            1
        ]
    }, 
    "7": {
        "silhouette_score": 0.1033224212032115, 
        "labels": [
            5, 
            4, 
            0, 
            2, 
            6, 
            6, 
            3, 
            3, 
            6, 
            4, 
            4, 
            3, 
            3, 
            3, 
            2, 
            0, 
            3, 
            1, 
            3, 
            3, 
            6, 
            2
        ]
    }, 
    "8": {
        "silhouette_score": 0.12949036257835084, 
        "labels": [
            3, 
            1, 
            6, 
            4, 
            4, 
            4, 
            5, 
            2, 
            4, 
            1, 
            7, 
            5, 
            5, 
            5, 
            0, 
            6, 
            5, 
            5, 
            2, 
            5, 
            4, 
            0
        ]
    }, 
    "9": {
        "silhouette_score": 0.1391891393680417, 
        "labels": [
            3, 
            1, 
            2, 
            0, 
            0, 
            0, 
            5, 
            8, 
            0, 
            1, 
            6, 
            0, 
            7, 
            5, 
            4, 
            2, 
            5, 
            0, 
            8, 
            5, 
            0, 
            0
        ]
    }, 
    "10": {
        "silhouette_score": 0.13408639012998411, 
        "labels": [
            3, 
            9, 
            5, 
            2, 
            2, 
            2, 
            1, 
            7, 
            2, 
            4, 
            0, 
            6, 
            8, 
            1, 
            6, 
            5, 
            1, 
            6, 
            7, 
            1, 
            2, 
            2
        ]
    }, 
    "11": {
        "silhouette_score": 0.070166696136342119, 
        "labels": [
            3, 
            1, 
            0, 
            7, 
            7, 
            4, 
            2, 
            9, 
            7, 
            1, 
            5, 
            2, 
            6, 
            2, 
            10, 
            8, 
            2, 
            2, 
            9, 
            2, 
            7, 
            7
        ]
    }, 
    "12": {
        "silhouette_score": 0.083821164461959849, 
        "labels": [
            5, 
            7, 
            6, 
            10, 
            11, 
            11, 
            4, 
            9, 
            11, 
            7, 
            3, 
            2, 
            8, 
            4, 
            2, 
            0, 
            4, 
            2, 
            9, 
            4, 
            1, 
            11
        ]
    }, 
    "13": {
        "silhouette_score": 0.071551166495926868, 
        "labels": [
            1, 
            12, 
            6, 
            2, 
            2, 
            2, 
            0, 
            7, 
            2, 
            3, 
            5, 
            0, 
            9, 
            0, 
            10, 
            8, 
            4, 
            11, 
            7, 
            0, 
            2, 
            2
        ]
    }, 
    "14": {
        "silhouette_score": 0.021043017167838633, 
        "labels": [
            3, 
            0, 
            6, 
            4, 
            4, 
            4, 
            2, 
            11, 
            4, 
            12, 
            5, 
            2, 
            7, 
            2, 
            13, 
            9, 
            2, 
            2, 
            8, 
            2, 
            10, 
            1
        ]
    }, 
    "15": {
        "silhouette_score": 0.10142747660664661, 
        "labels": [
            3, 
            11, 
            8, 
            13, 
            1, 
            1, 
            4, 
            2, 
            1, 
            5, 
            0, 
            4, 
            6, 
            4, 
            9, 
            7, 
            4, 
            10, 
            2, 
            12, 
            1, 
            14
        ]
    }, 
    "16": {
        "silhouette_score": 0.090368908470760081, 
        "labels": [
            2, 
            12, 
            9, 
            10, 
            5, 
            5, 
            1, 
            13, 
            5, 
            6, 
            4, 
            1, 
            8, 
            1, 
            11, 
            7, 
            1, 
            0, 
            13, 
            14, 
            15, 
            3
        ]
    }, 
    "17": {
        "silhouette_score": 0.059625204528409005, 
        "labels": [
            5, 
            13, 
            6, 
            14, 
            4, 
            4, 
            12, 
            10, 
            4, 
            7, 
            3, 
            12, 
            8, 
            12, 
            11, 
            9, 
            1, 
            0, 
            10, 
            15, 
            16, 
            2
        ]
    }, 
    "18": {
        "silhouette_score": 0.075601787869319217, 
        "labels": [
            3, 
            12, 
            2, 
            13, 
            10, 
            5, 
            8, 
            7, 
            10, 
            0, 
            4, 
            1, 
            9, 
            8, 
            15, 
            11, 
            8, 
            14, 
            7, 
            6, 
            16, 
            17
        ]
    }, 
    "19": {
        "silhouette_score": 0.045206287349699656,