{
    "2": {
        "silhouette_score": 0.44237991113940761, 
        "labels": [
            1, 
            1, 
            1, 
            0, 
            0, 
            1, 
            0, 
            0
        ]
    }, 
    "3": {
        "silhouette_score": 0.2179215955687796, 
        "labels": [
            1, 
            1, 
            0, 
            2, 
            2, 
            1, 
            2, 
            2
        ]
    }, 
    "4": {
        "silhouette_score": 0.17614951856553229, 
        "labels": [
            0, 
            0, 
            2, 
            1, 
            1, 
            0, 
            1, 
            3
        ]
    }, 
    "5": {
        "silhouette_score": 0.19714210027250667, 
        "labels": [
            1, 
            1, 
            2, 
            0, 
            3, 
            1, 
            0, 
            4
        ]
    }, 
    "6": {
        "silhouette_score": 0.17860519093754268, 
        "labels": [
            0, 
            5, 
            3, 
            1, 
            2, 
            0, 
            1, 
            4
        ]
    }, 
    "7": {
        "silhouette_score": 0.090901390024262368, 
        "labels": [
            2, 
            0, 
            3, 
            1, 
            5, 
            2, 
            6, 
            4
        ]
    }
}