{
    "2": {
        "silhouette_score": 0.73453755807772725, 
        "labels": [
            0, 
            0, 
            1, 
            1, 
            0, 
            0
        ]
    }, 
    "3": {
        "silhouette_score": 0.51040925121854908, 
        "labels": [
            0, 
            0, 
            1, 
            2, 
            0, 
            0
        ]
    }, 
    "4": {
        "silhouette_score": 0.38808081179213261, 
        "labels": [
            3, 
            0, 
            2, 
            1, 
            0, 
            3
        ]
    }, 
    "5": {
        "silhouette_score": 0.18437999721396278, 
        "labels": [
            4, 
            0, 
            3, 
            1, 
            0, 
            2
        ]
    }
}