{
    "2": {
        "silhouette_score": 0.21557477931844915, 
        "labels": [
            0, 
            1, 
            1, 
            0, 
            0, 
            1, 
            0, 
            1, 
            0, 
            1, 
            1, 
            0, 
            0, 
            1, 
            0, 
            0, 
            0, 
            0, 
            1, 
            1, 
            0, 
            0
        ]
    }, 
    "3": {
        "silhouette_score": 0.20394589183116346, 
        "labels": [
            1, 
            2, 
            0, 
            1, 
            1, 
            2, 
            1, 
            2, 
            1, 
            2, 
            0, 
            1, 
            1, 
            2, 
            1, 
            1, 
            1, 
            2, 
            2, 
            2, 
            1, 
            1
        ]
    }, 
    "4": {
        "silhouette_score": 0.078689697994143576, 
        "labels": [
            1, 
            2, 
            3, 
            3, 
            1, 
            0, 
            3, 
            3, 
            1, 
            2, 
            2, 
            3, 
            3, 
            3, 
            1, 
            3, 
            3, 
            3, 
            2, 
            2, 
            1, 
            1
        ]
    }, 
    "5": {
        "silhouette_score": 0.067916412545646607, 
        "labels": [
            3, 
            1, 
            2, 
            4, 
            0, 
            1, 
            4, 
            1, 
            0, 
            1, 
            2, 
            4, 
            0, 
            1, 
            0, 
            0, 
            4, 
            4, 
            1, 
            1, 
            0, 
            0
        ]
    }, 
    "6": {
        "silhouette_score": 0.077758188421612848, 
        "labels": [
            5, 
            1, 
            0, 
            3, 
            5, 
            1, 
            0, 
            1, 
            5, 
            1, 
            4, 
            2, 
            2, 
            2, 
            5, 
            3, 
            0, 
            0, 
            1, 
            1, 
            5, 
            5
        ]
    }, 
    "7": {
        "silhouette_score": 0.086893040547685152, 
        "labels": [
            6, 
            1, 
            3, 
            0, 
            0, 
            1, 
            3, 
            1, 
            4, 
            1, 
            1, 
            3, 
            5, 
            1, 
            0, 
            2, 
            3, 
            3, 
            1, 
            1, 
            0, 
            0
        ]
    }, 
    "8": {
        "silhouette_score": 0.044626174925444878, 
        "labels": [
            5, 
            7, 
            2, 
            1, 
            1, 
            7, 
            1, 
            7, 
            3, 
            7, 
            6, 
            1, 
            3, 
            4, 
            1, 
            1, 
            1, 
            7, 
            7, 
            0, 
            1, 
            1
        ]
    }, 
    "9": {
        "silhouette_score": 0.083329134041807515, 
        "labels": [
            8, 
            3, 
            5, 
            1, 
            1, 
            3, 
            5, 
            3, 
            5, 
            2, 
            0, 
            5, 
            4, 
            6, 
            1, 
            7, 
            5, 
            5, 
            3, 
            3, 
            1, 
            1
        ]
    }, 
    "10": {
        "silhouette_score": 0.062125029447887788, 
        "labels": [
            4, 
            0, 
            5, 
            2, 
            2, 
            0, 
            7, 
            0, 
            7, 
            0, 
            8, 
            9, 
            3, 
            0, 
            2, 
            6, 
            1, 
            7, 
            0, 
            0, 
            2, 
            2
        ]
    }, 
    "11": {
        "silhouette_score": 0.071669919389032749, 
        "labels": [
            6, 
            3, 
            7, 
            2, 
            0, 
            9, 
            2, 
            1, 
            0, 
            3, 
            4, 
            2, 
            5, 
            8, 
            0, 
            10, 
            2, 
            2, 
            1, 
            1, 
            0, 
            0
        ]
    }, 
    "12": {
        "silhouette_score": 0.058262344937991643, 
        "labels": [
            4, 
            3, 
            0, 
            5, 
            5, 
            8, 
            0, 
            1, 
            5, 
            3, 
            7, 
            2, 
            6, 
            9, 
            5, 
            10, 
            0, 
            0, 
            11, 
            11, 
            5, 
            5
        ]
    }, 
    "13": {
        "silhouette_score": 0.049146495124742999, 
        "labels": [
            4, 
            8, 
            7, 
            6, 
            6, 
            12, 
            0, 
            1, 
            0, 
            8, 
            10, 
            0, 
            5, 
            9, 
            3, 
            11, 
            0, 
            0, 
            2, 
            2, 
            6, 
            6
        ]
    }, 
    "14": {
        "silhouette_score": 0.039455807273997848, 
        "labels": [
            4, 
            6, 
            2, 
            7, 
            7, 
            10, 
            3, 
            0, 
            3, 
            5, 
            9, 
            13, 
            11, 
            12, 
            1, 
            8, 
            3, 
            3, 
            6, 
            6, 
            7, 
            7
        ]
    }, 
    "15": {
        "silhouette_score": 0.04848290896302021, 
        "labels": [
            3, 
            6, 
            5, 
            4, 
            4, 
            0, 
            1, 
            13, 
            12, 
            6, 
            11, 
            10, 
            7, 
            8, 
            14, 
            9, 
            1, 
            1, 
            6, 
            2, 
            4, 
            4
        ]
    }, 
    "16": {
        "silhouette_score": 0.055073326470802327, 
        "labels": [
            5, 
            1, 
            4, 
            15, 
            15, 
            12, 
            3, 
            2, 
            0, 
            1, 
            6, 
            14, 
            7, 
            9, 
            13, 
            11, 
            3, 
            3, 
            1, 
            1, 
            10, 
            8
        ]
    }, 
    "17": {
        "silhouette_score": 0.059162799159210196, 
        "labels": [
            3, 
            16, 
            8, 
            0, 
            0, 
            13, 
            1, 
            14, 
            9, 
            10, 
            4, 
            7, 
            5, 
            6, 
            12, 
            11, 
            1, 
            1, 
            2, 
            2, 
            0, 
            15
        ]
    }, 
    "18": {
        "silhouette_score": 0.040617198863805277, 
        "labels": [
            4, 
            5, 
            11, 
            9, 
            9, 
            1, 
            8, 
            16, 
            14, 
            13, 
            6, 
            0, 
            7, 
            10, 
            15, 
            12, 
            8, 
            8, 
            5, 
            3, 
            2, 
            17
        ]
    }, 
    "19": {
        "silhouette_score": 0.043455154413552251,