{
    "2": {
        "silhouette_score": 0.20862892532806956, 
        "labels": [
            0, 
            1, 
            0, 
            0, 
            0, 
            0, 
            1, 
            1, 
            0, 
            1, 
            1, 
            1, 
            1, 
            1, 
            0, 
            1, 
            1, 
            0, 
            1, 
            1, 
            0, 
            0
        ]
    }, 
    "3": {
        "silhouette_score": 0.17552273684449068, 
        "labels": [
            2, 
            1, 
            0, 
            0, 
            0, 
            0, 
            1, 
            1, 
            0, 
            2, 
            1, 
            1, 
            1, 
            2, 
            1, 
            2, 
            1, 
            0, 
            2, 
            1, 
            0, 
            0
        ]
    }, 
    "4": {
        "silhouette_score": 0.16484627517270281, 
        "labels": [
            1, 
            2, 
            0, 
            0, 
            3, 
            1, 
            2, 
            2, 
            0, 
            0, 
            2, 
            2, 
            2, 
            1, 
            2, 
            1, 
            2, 
            0, 
            1, 
            2, 
            3, 
            0
        ]
    }, 
    "5": {
        "silhouette_score": 0.072552102461253598, 
        "labels": [
            2, 
            0, 
            1, 
            3, 
            3, 
            2, 
            0, 
            0, 
            3, 
            0, 
            4, 
            0, 
            0, 
            0, 
            0, 
            0, 
            0, 
            1, 
            2, 
            0, 
            3, 
            3
        ]
    }, 
    "6": {
        "silhouette_score": 0.053691704241385335, 
        "labels": [
            4, 
            3, 
            2, 
            2, 
            1, 
            1, 
            3, 
            4, 
            1, 
            2, 
            3, 
            0, 
            3, 
            3, 
            5, 
            3, 
            3, 
            0, 
            3, 
            4, 
            1, 
            2
        ]
    }, 
    "7": {
        "silhouette_score": 0.11292002876785658, 
        "labels": [
            2, 
            2, 
            3, 
            3, 
            0, 
            3, 
            2, 
            6, 
            0, 
            3, 
            4, 
            2, 
            2, 
            1, 
            5, 
            1, 
            2, 
            0, 
            1, 
            2, 
            0, 
            3
        ]
    }, 
    "8": {
        "silhouette_score": 0.17015839241179853, 
        "labels": [
            6, 
            1, 
            5, 
            5, 
            0, 
            6, 
            1, 
            1, 
            0, 
            5, 
            2, 
            1, 
            7, 
            3, 
            4, 
            3, 
            1, 
            5, 
            3, 
            1, 
            0, 
            5
        ]
    }, 
    "9": {
        "silhouette_score": 0.083717667231253859, 
        "labels": [
            3, 
            1, 
            0, 
            6, 
            2, 
            2, 
            1, 
            7, 
            2, 
            3, 
            8, 
            7, 
            1, 
            3, 
            4, 
            3, 
            1, 
            5, 
            3, 
            7, 
            2, 
            6
        ]
    }, 
    "10": {
        "silhouette_score": 0.084566976899194221, 
        "labels": [
            6, 
            4, 
            7, 
            8, 
            3, 
            3, 
            4, 
            1, 
            3, 
            2, 
            5, 
            4, 
            4, 
            6, 
            9, 
            6, 
            4, 
            0, 
            6, 
            1, 
            3, 
            8
        ]
    }, 
    "11": {
        "silhouette_score": 0.087393575443954485, 
        "labels": [
            6, 
            2, 
            5, 
            5, 
            0, 
            6, 
            2, 
            10, 
            0, 
            5, 
            7, 
            2, 
            2, 
            8, 
            3, 
            1, 
            2, 
            5, 
            1, 
            2, 
            9, 
            4
        ]
    }, 
    "12": {
        "silhouette_score": 0.069804986853191975, 
        "labels": [
            9, 
            3, 
            5, 
            5, 
            4, 
            10, 
            3, 
            11, 
            4, 
            0, 
            1, 
            3, 
            3, 
            0, 
            7, 
            0, 
            3, 
            2, 
            0, 
            6, 
            8, 
            5
        ]
    }, 
    "13": {
        "silhouette_score": 0.085316412448089463, 
        "labels": [
            4, 
            1, 
            9, 
            6, 
            3, 
            2, 
            0, 
            1, 
            3, 
            4, 
            5, 
            1, 
            10, 
            12, 
            8, 
            4, 
            1, 
            7, 
            4, 
            1, 
            11, 
            6
        ]
    }, 
    "14": {
        "silhouette_score": 0.086892649449313922, 
        "labels": [
            7, 
            4, 
            12, 
            3, 
            10, 
            9, 
            13, 
            8, 
            10, 
            7, 
            2, 
            4, 
            11, 
            0, 
            6, 
            7, 
            4, 
            1, 
            7, 
            8, 
            5, 
            3
        ]
    }, 
    "15": {
        "silhouette_score": 0.078880973205255903, 
        "labels": [
            12, 
            1, 
            3, 
            4, 
            8, 
            0, 
            1, 
            5, 
            8, 
            11, 
            10, 
            1, 
            9, 
            2, 
            7, 
            2, 
            1, 
            13, 
            2, 
            14, 
            6, 
            4
        ]
    }, 
    "16": {
        "silhouette_score": 0.086493199165783491, 
        "labels": [
            8, 
            11, 
            6, 
            12, 
            0, 
            14, 
            11, 
            3, 
            0, 
            1, 
            9, 
            5, 
            2, 
            10, 
            4, 
            7, 
            11, 
            13, 
            7, 
            5, 
            15, 
            12
        ]
    }, 
    "17": {
        "silhouette_score": 0.077279722878452958, 
        "labels": [
            1, 
            3, 
            11, 
            2, 
            14, 
            12, 
            15, 
            8, 
            14, 
            13, 
            7, 
            16, 
            6, 
            10, 
            5, 
            4, 
            16, 
            9, 
            4, 
            16, 
            0, 
            2
        ]
    }, 
    "18": {
        "silhouette_score": 0.048055001859821526, 
        "labels": [
            11, 
            1, 
            12, 
            5, 
            2, 
            3, 
            14, 
            7, 
            2, 
            10, 
            9, 
            15, 
            8, 
            13, 
            6, 
            4, 
            15, 
            16, 
            4, 
            15, 
            0, 
            17
        ]
    }, 
    "19": {
        "silhouette_score": 0.029873651096776102,