{
    "2": {
        "silhouette_score": 0.15349056175336853, 
        "labels": [
            0, 
            1, 
            0, 
            1, 
            1, 
            1, 
            1, 
            1, 
            1
        ]
    }, 
    "3": {
        "silhouette_score": 0.069011446528568568, 
        "labels": [
            2, 
            1, 
            0, 
            1, 
            2, 
            1, 
            1, 
            1, 
            2
        ]
    }, 
    "4": {
        "silhouette_score": 0.027004173526895537, 
        "labels": [
            0, 
            1, 
            3, 
            1, 
            2, 
            2, 
            2, 
            2, 
            2
        ]
    }, 
    "5": {
        "silhouette_score": 0.028855665364811434, 
        "labels": [
            2, 
            1, 
            3, 
            0, 
            4, 
            1, 
            1, 
            4, 
            4
        ]
    }, 
    "6": {
        "silhouette_score": 0.036386703725012091, 
        "labels": [
            3, 
            0, 
            1, 
            4, 
            2, 
            0, 
            0, 
            2, 
            5
        ]
    }, 
    "7": {
        "silhouette_score": 0.021026869214159215, 
        "labels": [
            5, 
            6, 
            2, 
            1, 
            4, 
            3, 
            3, 
            4, 
            0
        ]
    }, 
    "8": {
        "silhouette_score": 0.017081902729537642, 
        "labels": [
            0, 
            1, 
            3, 
            5, 
            2, 
            6, 
            7, 
            2, 
            4
        ]
    }
}