{
    "2": {
        "silhouette_score": 0.29423234129034154, 
        "labels": [
            0, 
            1, 
            1, 
            0, 
            0, 
            0, 
            0, 
            0, 
            0, 
            0, 
            0, 
            0, 
            1, 
            1, 
            0, 
            0, 
            0, 
            1, 
            1, 
            1, 
            0, 
            0
        ]
    }, 
    "3": {
        "silhouette_score": 0.31881889666322771, 
        "labels": [
            2, 
            1, 
            0, 
            0, 
            0, 
            0, 
            0, 
            0, 
            0, 
            0, 
            0, 
            0, 
            0, 
            1, 
            0, 
            0, 
            0, 
            1, 
            1, 
            1, 
            0, 
            0
        ]
    }, 
    "4": {
        "silhouette_score": 0.2024228664122675, 
        "labels": [
            2, 
            1, 
            1, 
            3, 
            3, 
            3, 
            1, 
            1, 
            3, 
            1, 
            1, 
            3, 
            1, 
            0, 
            1, 
            3, 
            3, 
            0, 
            0, 
            1, 
            1, 
            3
        ]
    }, 
    "5": {
        "silhouette_score": 0.22573849331061097, 
        "labels": [
            2, 
            4, 
            4, 
            4, 
            3, 
            3, 
            0, 
            0, 
            0, 
            0, 
            0, 
            0, 
            4, 
            1, 
            0, 
            3, 
            3, 
            1, 
            1, 
            4, 
            0, 
            4
        ]
    }, 
    "6": {
        "silhouette_score": 0.22556343547535887, 
        "labels": [
            2, 
            1, 
            1, 
            4, 
            4, 
            4, 
            0, 
            0, 
            4, 
            0, 
            0, 
            4, 
            5, 
            3, 
            0, 
            4, 
            4, 
            3, 
            1, 
            1, 
            0, 
            1
        ]
    }, 
    "7": {
        "silhouette_score": 0.24525619383352873, 
        "labels": [
            2, 
            3, 
            3, 
            3, 
            6, 
            6, 
            1, 
            1, 
            1, 
            1, 
            1, 
            1, 
            4, 
            0, 
            1, 
            6, 
            6, 
            5, 
            3, 
            3, 
            1, 
            3
        ]
    }, 
    "8": {
        "silhouette_score": 0.25709505082099943, 
        "labels": [
            2, 
            7, 
            7, 
            6, 
            3, 
            3, 
            0, 
            0, 
            0, 
            0, 
            0, 
            0, 
            4, 
            5, 
            0, 
            3, 
            3, 
            1, 
            6, 
            6, 
            0, 
            6
        ]
    }, 
    "9": {
        "silhouette_score": 0.21817655504448721, 
        "labels": [
            3, 
            7, 
            7, 
            1, 
            0, 
            0, 
            1, 
            6, 
            1, 
            6, 
            6, 
            1, 
            4, 
            2, 
            6, 
            0, 
            0, 
            8, 
            5, 
            5, 
            6, 
            1
        ]
    }, 
    "10": {
        "silhouette_score": 0.22804634211952471, 
        "labels": [
            2, 
            5, 
            5, 
            7, 
            7, 
            3, 
            8, 
            0, 
            8, 
            0, 
            0, 
            8, 
            4, 
            6, 
            0, 
            3, 
            3, 
            9, 
            1, 
            1, 
            0, 
            7
        ]
    }, 
    "11": {
        "silhouette_score": 0.23279623471555705, 
        "labels": [
            2, 
            0, 
            0, 
            6, 
            6, 
            6, 
            1, 
            7, 
            1, 
            10, 
            7, 
            1, 
            5, 
            3, 
            10, 
            4, 
            4, 
            8, 
            9, 
            9, 
            7, 
            6
        ]
    }, 
    "12": {
        "silhouette_score": 0.20615273179435095, 
        "labels": [
            3, 
            1, 
            1, 
            11, 
            4, 
            4, 
            2, 
            8, 
            2, 
            10, 
            8, 
            2, 
            5, 
            6, 
            10, 
            0, 
            0, 
            9, 
            7, 
            7, 
            10, 
            11
        ]
    }, 
    "13": {
        "silhouette_score": 0.18758544221769535, 
        "labels": [
            5, 
            8, 
            8, 
            1, 
            1, 
            12, 
            4, 
            10, 
            4, 
            7, 
            10, 
            4, 
            2, 
            6, 
            7, 
            11, 
            0, 
            9, 
            3, 
            3, 
            7, 
            1
        ]
    }, 
    "14": {
        "silhouette_score": 0.15662100751767197, 
        "labels": [
            4, 
            8, 
            8, 
            0, 
            0, 
            13, 
            11, 
            2, 
            5, 
            11, 
            2, 
            5, 
            6, 
            3, 
            9, 
            1, 
            12, 
            10, 
            7, 
            7, 
            2, 
            0
        ]
    }, 
    "15": {
        "silhouette_score": 0.15737553870837662, 
        "labels": [
            3, 
            2, 
            2, 
            6, 
            0, 
            0, 
            8, 
            13, 
            8, 
            1, 
            13, 
            8, 
            5, 
            4, 
            12, 
            11, 
            10, 
            7, 
            9, 
            14, 
            1, 
            6
        ]
    }, 
    "16": {
        "silhouette_score": 0.12994561653292516, 
        "labels": [
            2, 
            13, 
            8, 
            4, 
            12, 
            12, 
            3, 
            10, 
            3, 
            15, 
            10, 
            3, 
            5, 
            6, 
            0, 
            11, 
            7, 
            9, 
            1, 
            14, 
            15, 
            4
        ]
    }, 
    "17": {
        "silhouette_score": 0.11410198339943912, 
        "labels": [
            4, 
            0, 
            15, 
            2, 
            9, 
            9, 
            8, 
            14, 
            12, 
            3, 
            14, 
            12, 
            7, 
            6, 
            11, 
            1, 
            13, 
            10, 
            5, 
            16, 
            3, 
            2
        ]
    }, 
    "18": {
        "silhouette_score": 0.091159007875121698, 
        "labels": [
            1, 
            2, 
            15, 
            6, 
            17, 
            11, 
            0, 
            7, 
            13, 
            16, 
            7, 
            13, 
            9, 
            5, 
            10, 
            4, 
            14, 
            8, 
            3, 
            12, 
            16, 
            6
        ]
    }, 
    "19": {
        "silhouette_score": 0.072730297127473933,