{
    "2": {
        "silhouette_score": 0.27479087356647475, 
        "labels": [
            1, 
            1, 
            1, 
            1, 
            1, 
            1, 
            0, 
            1, 
            0, 
            1, 
            1, 
            1, 
            0, 
            1, 
            0, 
            1, 
            0, 
            0, 
            1, 
            1, 
            0, 
            0
        ]
    }, 
    "3": {
        "silhouette_score": 0.26934034238266608, 
        "labels": [
            0, 
            1, 
            0, 
            1, 
            2, 
            1, 
            2, 
            1, 
            2, 
            1, 
            0, 
            0, 
            2, 
            1, 
            2, 
            1, 
            2, 
            2, 
            1, 
            1, 
            2, 
            2
        ]
    }, 
    "4": {
        "silhouette_score": 0.15396682918320362, 
        "labels": [
            0, 
            2, 
            0, 
            0, 
            0, 
            2, 
            0, 
            2, 
            1, 
            2, 
            2, 
            0, 
            3, 
            2, 
            0, 
            2, 
            0, 
            0, 
            2, 
            2, 
            0, 
            1
        ]
    }, 
    "5": {
        "silhouette_score": 0.1669847699207373, 
        "labels": [
            2, 
            0, 
            2, 
            3, 
            1, 
            3, 
            1, 
            3, 
            1, 
            3, 
            2, 
            2, 
            4, 
            3, 
            1, 
            3, 
            1, 
            1, 
            3, 
            0, 
            1, 
            1
        ]
    }, 
    "6": {
        "silhouette_score": 0.1791560332892656, 
        "labels": [
            5, 
            1, 
            2, 
            1, 
            0, 
            5, 
            0, 
            5, 
            0, 
            1, 
            2, 
            2, 
            3, 
            4, 
            0, 
            1, 
            0, 
            0, 
            1, 
            5, 
            0, 
            0
        ]
    }, 
    "7": {
        "silhouette_score": 0.12978663651773806, 
        "labels": [
            1, 
            3, 
            4, 
            5, 
            5, 
            1, 
            0, 
            1, 
            0, 
            3, 
            4, 
            4, 
            2, 
            6, 
            5, 
            3, 
            5, 
            0, 
            3, 
            3, 
            0, 
            0
        ]
    }, 
    "8": {
        "silhouette_score": 0.10180771902647839, 
        "labels": [
            6, 
            0, 
            6, 
            4, 
            1, 
            0, 
            1, 
            0, 
            7, 
            4, 
            2, 
            6, 
            7, 
            3, 
            1, 
            4, 
            5, 
            1, 
            4, 
            0, 
            1, 
            5
        ]
    }, 
    "9": {
        "silhouette_score": 0.11205370429418897, 
        "labels": [
            8, 
            0, 
            2, 
            3, 
            1, 
            0, 
            1, 
            0, 
            7, 
            3, 
            2, 
            2, 
            4, 
            6, 
            1, 
            3, 
            5, 
            1, 
            3, 
            0, 
            1, 
            5
        ]
    }, 
    "10": {
        "silhouette_score": 0.14382018202292682, 
        "labels": [
            8, 
            2, 
            6, 
            1, 
            1, 
            1, 
            3, 
            1, 
            0, 
            9, 
            4, 
            6, 
            7, 
            5, 
            3, 
            9, 
            3, 
            3, 
            9, 
            2, 
            3, 
            3
        ]
    }, 
    "11": {
        "silhouette_score": 0.12175955634613028, 
        "labels": [
            10, 
            7, 
            5, 
            1, 
            1, 
            7, 
            6, 
            7, 
            8, 
            0, 
            5, 
            9, 
            2, 
            3, 
            4, 
            0, 
            4, 
            6, 
            0, 
            7, 
            6, 
            4
        ]
    }, 
    "12": {
        "silhouette_score": 0.095146436495229345, 
        "labels": [
            9, 
            0, 
            5, 
            4, 
            4, 
            0, 
            10, 
            0, 
            1, 
            7, 
            6, 
            5, 
            3, 
            2, 
            11, 
            0, 
            1, 
            10, 
            4, 
            0, 
            8, 
            1
        ]
    }, 
    "13": {
        "silhouette_score": 0.12284858194449808, 
        "labels": [
            9, 
            1, 
            7, 
            6, 
            0, 
            3, 
            2, 
            3, 
            8, 
            6, 
            10, 
            7, 
            4, 
            5, 
            12, 
            6, 
            11, 
            2, 
            6, 
            1, 
            2, 
            11
        ]
    }, 
    "14": {
        "silhouette_score": 0.12649900707205436, 
        "labels": [
            7, 
            11, 
            12, 
            0, 
            3, 
            5, 
            10, 
            5, 
            9, 
            0, 
            8, 
            2, 
            6, 
            4, 
            13, 
            0, 
            1, 
            10, 
            0, 
            11, 
            3, 
            1
        ]
    }, 
    "15": {
        "silhouette_score": 0.11666866337126906, 
        "labels": [
            9, 
            10, 
            2, 
            11, 
            11, 
            0, 
            1, 
            0, 
            6, 
            12, 
            8, 
            14, 
            3, 
            5, 
            13, 
            4, 
            7, 
            1, 
            4, 
            10, 
            1, 
            7
        ]
    }, 
    "16": {
        "silhouette_score": 0.13194854771757178, 
        "labels": [
            7, 
            12, 
            8, 
            3, 
            3, 
            2, 
            1, 
            2, 
            9, 
            5, 
            0, 
            13, 
            4, 
            6, 
            11, 
            5, 
            14, 
            1, 
            5, 
            12, 
            15, 
            10
        ]
    }, 
    "17": {
        "silhouette_score": 0.075747911303092316, 
        "labels": [
            10, 
            1, 
            14, 
            8, 
            16, 
            12, 
            2, 
            12, 
            0, 
            8, 
            3, 
            7, 
            9, 
            6, 
            15, 
            4, 
            11, 
            2, 
            8, 
            1, 
            5, 
            13
        ]
    }, 
    "18": {
        "silhouette_score": 0.096709657490578277, 
        "labels": [
            8, 
            13, 
            1, 
            17, 
            15, 
            0, 
            10, 
            0, 
            6, 
            16, 
            12, 
            11, 
            4, 
            3, 
            2, 
            5, 
            7, 
            10, 
            5, 
            13, 
            9, 
            14
        ]
    }, 
    "19": {
        "silhouette_score": 0.080872341214623084,