{
    "2": {
        "silhouette_score": 0.24433957874019974, 
        "labels": [
            0, 
            1, 
            1, 
            1, 
            1, 
            0, 
            1, 
            1, 
            0, 
            0, 
            1, 
            1, 
            1, 
            1, 
            0, 
            1, 
            1
        ]
    }, 
    "3": {
        "silhouette_score": 0.15453893709223782, 
        "labels": [
            2, 
            0, 
            2, 
            2, 
            2, 
            1, 
            0, 
            0, 
            2, 
            1, 
            0, 
            2, 
            2, 
            2, 
            1, 
            0, 
            2
        ]
    }, 
    "4": {
        "silhouette_score": 0.016910919059934484, 
        "labels": [
            3, 
            2, 
            0, 
            2, 
            2, 
            1, 
            2, 
            2, 
            3, 
            1, 
            2, 
            2, 
            2, 
            2, 
            3, 
            2, 
            2
        ]
    }, 
    "5": {
        "silhouette_score": 0.11233068477553614, 
        "labels": [
            0, 
            4, 
            1, 
            1, 
            1, 
            3, 
            4, 
            4, 
            0, 
            0, 
            2, 
            1, 
            1, 
            1, 
            0, 
            4, 
            1
        ]
    }, 
    "6": {
        "silhouette_score": 0.1653734982880968, 
        "labels": [
            0, 
            1, 
            5, 
            0, 
            1, 
            4, 
            3, 
            3, 
            2, 
            4, 
            0, 
            5, 
            5, 
            0, 
            2, 
            5, 
            5
        ]
    }, 
    "7": {
        "silhouette_score": 0.10241694083855409, 
        "labels": [
            3, 
            6, 
            0, 
            3, 
            1, 
            2, 
            5, 
            5, 
            4, 
            2, 
            5, 
            3, 
            3, 
            3, 
            4, 
            5, 
            0
        ]
    }, 
    "8": {
        "silhouette_score": 0.022404921801535912, 
        "labels": [
            7, 
            4, 
            1, 
            0, 
            6, 
            3, 
            5, 
            5, 
            2, 
            3, 
            5, 
            1, 
            1, 
            7, 
            7, 
            5, 
            1
        ]
    }, 
    "9": {
        "silhouette_score": 0.055565095782612511, 
        "labels": [
            2, 
            6, 
            5, 
            8, 
            3, 
            4, 
            0, 
            0, 
            1, 
            1, 
            7, 
            8, 
            8, 
            2, 
            1, 
            8, 
            8
        ]
    }, 
    "10": {
        "silhouette_score": 0.087818702691867215, 
        "labels": [
            8, 
            3, 
            1, 
            1, 
            6, 
            0, 
            4, 
            4, 
            2, 
            9, 
            5, 
            1, 
            1, 
            8, 
            7, 
            1, 
            1
        ]
    }, 
    "11": {
        "silhouette_score": 0.037636652477874497, 
        "labels": [
            3, 
            4, 
            8, 
            8, 
            7, 
            6, 
            1, 
            5, 
            2, 
            9, 
            10, 
            0, 
            8, 
            3, 
            2, 
            8, 
            8
        ]
    }, 
    "12": {
        "silhouette_score": 0.072796997522696111, 
        "labels": [
            0, 
            5, 
            3, 
            0, 
            6, 
            2, 
            11, 
            1, 
            4, 
            7, 
            8, 
            3, 
            3, 
            0, 
            9, 
            10, 
            3
        ]
    }, 
    "13": {
        "silhouette_score": 0.082141258525054384, 
        "labels": [
            1, 
            8, 
            5, 
            1, 
            4, 
            3, 
            11, 
            2, 
            7, 
            6, 
            9, 
            12, 
            5, 
            1, 
            10, 
            0, 
            5
        ]
    }, 
    "14": {
        "silhouette_score": 0.052474686934351283, 
        "labels": [
            12, 
            9, 
            6, 
            3, 
            8, 
            7, 
            13, 
            5, 
            10, 
            11, 
            1, 
            0, 
            6, 
            12, 
            2, 
            4, 
            6
        ]
    }, 
    "15": {
        "silhouette_score": 0.041479947518272095, 
        "labels": [
            7, 
            8, 
            0, 
            12, 
            1, 
            2, 
            3, 
            9, 
            11, 
            10, 
            6, 
            13, 
            0, 
            14, 
            4, 
            5, 
            0
        ]
    }, 
    "16": {
        "silhouette_score": 0.039016345976433699, 
        "labels": [
            0, 
            5, 
            15, 
            12, 
            2, 
            3, 
            10, 
            1, 
            11, 
            8, 
            9, 
            13, 
            4, 
            14, 
            6, 
            7, 
            4
        ]
    }
}