{
    "2": {
        "silhouette_score": 0.37829361235542297, 
        "labels": [
            0, 
            0, 
            0, 
            1, 
            0, 
            0, 
            1, 
            1
        ]
    }, 
    "3": {
        "silhouette_score": 0.28912197214486235, 
        "labels": [
            0, 
            0, 
            2, 
            1, 
            0, 
            2, 
            1, 
            1
        ]
    }, 
    "4": {
        "silhouette_score": 0.15848097592461546, 
        "labels": [
            2, 
            2, 
            1, 
            0, 
            2, 
            1, 
            3, 
            3
        ]
    }, 
    "5": {
        "silhouette_score": 0.13511440668947922, 
        "labels": [
            2, 
            2, 
            0, 
            3, 
            2, 
            0, 
            4, 
            1
        ]
    }, 
    "6": {
        "silhouette_score": 0.11048564834527423, 
        "labels": [
            0, 
            0, 
            2, 
            4, 
            5, 
            2, 
            1, 
            3
        ]
    }, 
    "7": {
        "silhouette_score": 0.053477773801137586, 
        "labels": [
            2, 
            6, 
            3, 
            4, 
            0, 
            3, 
            1, 
            5
        ]
    }
}