{
    "2": {
        "silhouette_score": 0.2820163327690301, 
        "labels": [
            0, 
            0, 
            0, 
            1, 
            0, 
            0
        ]
    }, 
    "3": {
        "silhouette_score": 0.11192542515341893, 
        "labels": [
            2, 
            1, 
            1, 
            0, 
            1, 
            1
        ]
    }, 
    "4": {
        "silhouette_score": 0.086486480623682124, 
        "labels": [
            3, 
            1, 
            2, 
            0, 
            1, 
            1
        ]
    }, 
    "5": {
        "silhouette_score": 0.040723185877664471, 
        "labels": [
            3, 
            2, 
            0, 
            1, 
            4, 
            2
        ]
    }
}