{
    "2": {
        "silhouette_score": 0.28893810657267127, 
        "labels": [
            0, 
            0, 
            0, 
            1, 
            0, 
            0, 
            1, 
            1
        ]
    }, 
    "3": {
        "silhouette_score": 0.2559602653063604, 
        "labels": [
            0, 
            0, 
            2, 
            1, 
            0, 
            2, 
            1, 
            1
        ]
    }, 
    "4": {
        "silhouette_score": 0.19243364666330731, 
        "labels": [
            1, 
            1, 
            2, 
            0, 
            1, 
            2, 
            3, 
            0
        ]
    }, 
    "5": {
        "silhouette_score": 0.13732940555135681, 
        "labels": [
            4, 
            0, 
            2, 
            1, 
            0, 
            2, 
            3, 
            1
        ]
    }, 
    "6": {
        "silhouette_score": 0.071236676529881415, 
        "labels": [
            3, 
            4, 
            2, 
            1, 
            0, 
            4, 
            5, 
            1
        ]
    }, 
    "7": {
        "silhouette_score": 0.062902075817010294, 
        "labels": [
            0, 
            6, 
            5, 
            1, 
            4, 
            2, 
            3, 
            1
        ]
    }
}