{
    "2": {
        "silhouette_score": 0.30771017869353162, 
        "labels": [
            0, 
            0, 
            0, 
            0, 
            0, 
            1, 
            0, 
            0, 
            0
        ]
    }, 
    "3": {
        "silhouette_score": 0.1247992057026558, 
        "labels": [
            0, 
            1, 
            0, 
            0, 
            0, 
            2, 
            1, 
            1, 
            1
        ]
    }, 
    "4": {
        "silhouette_score": 0.11497083804457166, 
        "labels": [
            2, 
            1, 
            2, 
            2, 
            2, 
            3, 
            0, 
            1, 
            1
        ]
    }, 
    "5": {
        "silhouette_score": 0.097225772490725032, 
        "labels": [
            2, 
            1, 
            2, 
            4, 
            2, 
            0, 
            3, 
            1, 
            1
        ]
    }, 
    "6": {
        "silhouette_score": 0.086195897658166473, 
        "labels": [
            3, 
            0, 
            3, 
            1, 
            0, 
            2, 
            4, 
            0, 
            5
        ]
    }, 
    "7": {
        "silhouette_score": 0.081464324224951964, 
        "labels": [
            3, 
            5, 
            3, 
            6, 
            3, 
            2, 
            0, 
            1, 
            4
        ]
    }, 
    "8": {
        "silhouette_score": 0.0029116802516901282, 
        "labels": [
            7, 
            5, 
            7, 
            1, 
            0, 
            2, 
            3, 
            6, 
            4
        ]
    }
}