{
    "2": {
        "silhouette_score": 0.3213585842724096, 
        "labels": [
            1, 
            1, 
            1, 
            1, 
            1, 
            1, 
            1, 
            1, 
            0, 
            1, 
            1, 
            1, 
            1, 
            1, 
            1, 
            1, 
            1
        ]
    }, 
    "3": {
        "silhouette_score": 0.21013231548957018, 
        "labels": [
            0, 
            0, 
            0, 
            0, 
            2, 
            2, 
            2, 
            0, 
            1, 
            0, 
            0, 
            0, 
            0, 
            0, 
            2, 
            0, 
            0
        ]
    }, 
    "4": {
        "silhouette_score": 0.1148063753212039, 
        "labels": [
            1, 
            3, 
            0, 
            2, 
            3, 
            1, 
            3, 
            1, 
            0, 
            1, 
            1, 
            1, 
            1, 
            1, 
            3, 
            1, 
            1
        ]
    }, 
    "5": {
        "silhouette_score": 0.081850211422934971, 
        "labels": [
            2, 
            0, 
            1, 
            4, 
            0, 
            2, 
            0, 
            4, 
            1, 
            2, 
            2, 
            2, 
            2, 
            2, 
            3, 
            2, 
            2
        ]
    }, 
    "6": {
        "silhouette_score": 0.071353783243531171, 
        "labels": [
            0, 
            3, 
            0, 
            4, 
            3, 
            1, 
            0, 
            0, 
            5, 
            0, 
            0, 
            0, 
            0, 
            0, 
            2, 
            0, 
            0
        ]
    }, 
    "7": {
        "silhouette_score": 0.044697444949928576, 
        "labels": [
            1, 
            0, 
            4, 
            1, 
            0, 
            5, 
            1, 
            1, 
            2, 
            1, 
            6, 
            1, 
            1, 
            1, 
            3, 
            1, 
            1
        ]
    }, 
    "8": {
        "silhouette_score": 0.014821322720952287, 
        "labels": [
            5, 
            0, 
            3, 
            6, 
            1, 
            0, 
            0, 
            5, 
            2, 
            5, 
            7, 
            5, 
            0, 
            5, 
            4, 
            0, 
            5
        ]
    }, 
    "9": {
        "silhouette_score": 0.028114295411969234, 
        "labels": [
            0, 
            1, 
            6, 
            4, 
            3, 
            8, 
            1, 
            5, 
            2, 
            4, 
            5, 
            4, 
            1, 
            1, 
            7, 
            1, 
            1
        ]
    }, 
    "10": {
        "silhouette_score": 0.03385758716896442, 
        "labels": [
            1, 
            5, 
            0, 
            9, 
            2, 
            6, 
            4, 
            1, 
            3, 
            1, 
            8, 
            1, 
            1, 
            1, 
            7, 
            5, 
            1
        ]
    }, 
    "11": {
        "silhouette_score": 0.04896163570433619, 
        "labels": [
            10, 
            1, 
            6, 
            7, 
            0, 
            8, 
            9, 
            4, 
            2, 
            7, 
            5, 
            10, 
            1, 
            10, 
            3, 
            1, 
            10
        ]
    }, 
    "12": {
        "silhouette_score": -0.0076997567652793437, 
        "labels": [
            2, 
            3, 
            5, 
            9, 
            1, 
            7, 
            10, 
            11, 
            4, 
            8, 
            0, 
            8, 
            7, 
            3, 
            6, 
            3, 
            7
        ]
    }, 
    "13": {
        "silhouette_score": -0.0027206419816485344, 
        "labels": [
            12, 
            0, 
            4, 
            6, 
            7, 
            3, 
            11, 
            10, 
            2, 
            5, 
            9, 
            5, 
            1, 
            5, 
            8, 
            0, 
            5
        ]
    }, 
    "14": {
        "silhouette_score": 0.022197823638945565, 
        "labels": [
            13, 
            4, 
            3, 
            9, 
            11, 
            5, 
            6, 
            10, 
            2, 
            8, 
            7, 
            0, 
            12, 
            0, 
            1, 
            12, 
            0
        ]
    }, 
    "15": {
        "silhouette_score": 0.011018265949315664, 
        "labels": [
            8, 
            14, 
            6, 
            10, 
            3, 
            7, 
            2, 
            9, 
            0, 
            12, 
            11, 
            4, 
            1, 
            13, 
            5, 
            1, 
            4
        ]
    }, 
    "16": {
        "silhouette_score": 0.0076542352394932201, 
        "labels": [
            10, 
            1, 
            8, 
            5, 
            11, 
            9, 
            7, 
            12, 
            2, 
            13, 
            6, 
            0, 
            4, 
            15, 
            3, 
            14, 
            0
        ]
    }
}