{
    "2": {
        "silhouette_score": 0.35100243401733128, 
        "labels": [
            0, 
            0, 
            0, 
            0, 
            0, 
            0, 
            0, 
            0, 
            0, 
            0, 
            0, 
            0, 
            0, 
            0, 
            0, 
            0, 
            1, 
            1, 
            0, 
            0, 
            0, 
            0
        ]
    }, 
    "3": {
        "silhouette_score": 0.1390651298178435, 
        "labels": [
            2, 
            0, 
            2, 
            2, 
            2, 
            2, 
            0, 
            0, 
            2, 
            2, 
            0, 
            2, 
            2, 
            2, 
            2, 
            2, 
            1, 
            1, 
            0, 
            0, 
            2, 
            2
        ]
    }, 
    "4": {
        "silhouette_score": 0.1447633625365822, 
        "labels": [
            0, 
            1, 
            0, 
            0, 
            0, 
            2, 
            1, 
            2, 
            2, 
            0, 
            1, 
            2, 
            2, 
            0, 
            0, 
            2, 
            3, 
            3, 
            1, 
            1, 
            0, 
            2
        ]
    }, 
    "5": {
        "silhouette_score": 0.16613697158222654, 
        "labels": [
            3, 
            2, 
            3, 
            3, 
            3, 
            2, 
            2, 
            2, 
            0, 
            3, 
            2, 
            0, 
            4, 
            3, 
            3, 
            4, 
            1, 
            1, 
            2, 
            2, 
            3, 
            0
        ]
    }, 
    "6": {
        "silhouette_score": 0.13856156990807811, 
        "labels": [
            3, 
            4, 
            3, 
            3, 
            3, 
            4, 
            4, 
            2, 
            5, 
            3, 
            2, 
            5, 
            3, 
            3, 
            3, 
            3, 
            0, 
            0, 
            1, 
            1, 
            3, 
            5
        ]
    }, 
    "7": {
        "silhouette_score": 0.15722531133262485, 
        "labels": [
            2, 
            2, 
            2, 
            2, 
            2, 
            0, 
            5, 
            5, 
            3, 
            2, 
            5, 
            3, 
            1, 
            2, 
            2, 
            1, 
            4, 
            4, 
            6, 
            6, 
            2, 
            3
        ]
    }, 
    "8": {
        "silhouette_score": 0.13185158531875255, 
        "labels": [
            2, 
            7, 
            2, 
            1, 
            1, 
            0, 
            7, 
            4, 
            5, 
            2, 
            4, 
            2, 
            6, 
            2, 
            1, 
            6, 
            3, 
            3, 
            7, 
            7, 
            1, 
            5
        ]
    }, 
    "9": {
        "silhouette_score": 0.13411459972455539, 
        "labels": [
            0, 
            3, 
            0, 
            0, 
            2, 
            7, 
            3, 
            6, 
            5, 
            0, 
            6, 
            5, 
            4, 
            0, 
            2, 
            8, 
            1, 
            1, 
            3, 
            3, 
            2, 
            5
        ]
    }, 
    "10": {
        "silhouette_score": 0.13152538733411562, 
        "labels": [
            1, 
            0, 
            1, 
            1, 
            9, 
            4, 
            0, 
            5, 
            2, 
            1, 
            5, 
            2, 
            8, 
            7, 
            9, 
            6, 
            3, 
            3, 
            0, 
            0, 
            9, 
            2
        ]
    }, 
    "11": {
        "silhouette_score": 0.10931498375314924, 
        "labels": [
            2, 
            5, 
            2, 
            2, 
            10, 
            8, 
            5, 
            7, 
            4, 
            2, 
            7, 
            4, 
            1, 
            9, 
            10, 
            6, 
            3, 
            3, 
            5, 
            0, 
            10, 
            4
        ]
    }, 
    "12": {
        "silhouette_score": 0.10619562506112262, 
        "labels": [
            0, 
            3, 
            0, 
            0, 
            8, 
            5, 
            4, 
            9, 
            2, 
            0, 
            9, 
            10, 
            7, 
            11, 
            8, 
            6, 
            1, 
            1, 
            3, 
            3, 
            8, 
            10
        ]
    }, 
    "13": {
        "silhouette_score": 0.091672079359526648, 
        "labels": [
            1, 
            2, 
            3, 
            3, 
            7, 
            6, 
            11, 
            5, 
            4, 
            3, 
            5, 
            12, 
            9, 
            8, 
            7, 
            10, 
            0, 
            0, 
            2, 
            2, 
            7, 
            12
        ]
    }, 
    "14": {
        "silhouette_score": 0.086008641491388524, 
        "labels": [
            1, 
            4, 
            1, 
            1, 
            11, 
            10, 
            3, 
            6, 
            0, 
            1, 
            13, 
            12, 
            5, 
            7, 
            11, 
            8, 
            2, 
            2, 
            4, 
            9, 
            11, 
            12
        ]
    }, 
    "15": {
        "silhouette_score": 0.069961379402346993, 
        "labels": [
            0, 
            2, 
            0, 
            0, 
            6, 
            4, 
            14, 
            3, 
            10, 
            0, 
            12, 
            7, 
            11, 
            5, 
            13, 
            8, 
            1, 
            1, 
            2, 
            9, 
            13, 
            7
        ]
    }, 
    "16": {
        "silhouette_score": 0.06465286059169352, 
        "labels": [
            13, 
            14, 
            9, 
            9, 
            9, 
            7, 
            3, 
            11, 
            15, 
            0, 
            5, 
            2, 
            10, 
            8, 
            4, 
            12, 
            1, 
            1, 
            14, 
            6, 
            4, 
            2
        ]
    }, 
    "17": {
        "silhouette_score": 0.034201583809667396, 
        "labels": [
            15, 
            7, 
            2, 
            4, 
            4, 
            6, 
            16, 
            3, 
            5, 
            2, 
            12, 
            1, 
            8, 
            10, 
            11, 
            9, 
            13, 
            0, 
            7, 
            14, 
            11, 
            1
        ]
    }, 
    "18": {
        "silhouette_score": 0.026336801067725932, 
        "labels": [
            15, 
            5, 
            0, 
            0, 
            14, 
            6, 
            11, 
            2, 
            12, 
            16, 
            13, 
            3, 
            7, 
            10, 
            9, 
            8, 
            17, 
            4, 
            5, 
            1, 
            9, 
            3
        ]
    }, 
    "19": {
        "silhouette_score": 0.018379446839203797,