{
    "2": {
        "silhouette_score": 0.6009792008791629, 
        "labels": [
            0, 
            0, 
            1, 
            1, 
            0, 
            0
        ]
    }, 
    "3": {
        "silhouette_score": 0.42421014317892486, 
        "labels": [
            1, 
            1, 
            0, 
            2, 
            1, 
            1
        ]
    }, 
    "4": {
        "silhouette_score": 0.23857383146805078, 
        "labels": [
            3, 
            1, 
            0, 
            2, 
            1, 
            3
        ]
    }, 
    "5": {
        "silhouette_score": 0.11943482819679985, 
        "labels": [
            1, 
            4, 
            2, 
            0, 
            3, 
            1
        ]
    }
}