{
    "2": {
        "silhouette_score": 0.21180658607252523, 
        "labels": [
            0, 
            1, 
            0, 
            0, 
            0, 
            1, 
            0, 
            1, 
            0, 
            1, 
            1, 
            0, 
            0, 
            1, 
            0, 
            0, 
            0, 
            1, 
            1, 
            1, 
            0, 
            0
        ]
    }, 
    "3": {
        "silhouette_score": 0.14577515179636366, 
        "labels": [
            0, 
            2, 
            2, 
            0, 
            0, 
            1, 
            0, 
            2, 
            0, 
            2, 
            2, 
            0, 
            0, 
            2, 
            0, 
            0, 
            0, 
            2, 
            2, 
            2, 
            0, 
            0
        ]
    }, 
    "4": {
        "silhouette_score": 0.094080243497089322, 
        "labels": [
            3, 
            2, 
            1, 
            1, 
            0, 
            2, 
            1, 
            2, 
            1, 
            2, 
            2, 
            1, 
            0, 
            2, 
            0, 
            0, 
            1, 
            1, 
            2, 
            2, 
            0, 
            0
        ]
    }, 
    "5": {
        "silhouette_score": 0.10425380920181805, 
        "labels": [
            0, 
            4, 
            1, 
            2, 
            2, 
            4, 
            1, 
            4, 
            1, 
            4, 
            3, 
            2, 
            2, 
            4, 
            2, 
            2, 
            1, 
            1, 
            4, 
            4, 
            2, 
            2
        ]
    }, 
    "6": {
        "silhouette_score": 0.11038573076961425, 
        "labels": [
            4, 
            3, 
            2, 
            1, 
            1, 
            3, 
            0, 
            3, 
            0, 
            3, 
            2, 
            1, 
            5, 
            3, 
            1, 
            1, 
            0, 
            0, 
            3, 
            3, 
            1, 
            1
        ]
    }, 
    "7": {
        "silhouette_score": 0.014662784044434014, 
        "labels": [
            3, 
            6, 
            2, 
            3, 
            3, 
            4, 
            5, 
            6, 
            3, 
            0, 
            2, 
            3, 
            1, 
            6, 
            3, 
            3, 
            5, 
            5, 
            6, 
            6, 
            1, 
            3
        ]
    }, 
    "8": {
        "silhouette_score": 0.057521301741843597, 
        "labels": [
            2, 
            1, 
            0, 
            3, 
            3, 
            4, 
            2, 
            1, 
            2, 
            1, 
            7, 
            3, 
            5, 
            6, 
            2, 
            3, 
            2, 
            3, 
            1, 
            1, 
            2, 
            2
        ]
    }, 
    "9": {
        "silhouette_score": 0.064913164994196845, 
        "labels": [
            5, 
            1, 
            4, 
            2, 
            2, 
            7, 
            4, 
            4, 
            4, 
            1, 
            6, 
            4, 
            0, 
            8, 
            2, 
            4, 
            4, 
            4, 
            3, 
            3, 
            2, 
            2
        ]
    }, 
    "10": {
        "silhouette_score": 0.076362766094571238, 
        "labels": [
            4, 
            2, 
            9, 
            0, 
            5, 
            1, 
            3, 
            2, 
            5, 
            2, 
            7, 
            0, 
            6, 
            2, 
            5, 
            8, 
            3, 
            3, 
            2, 
            2, 
            5, 
            5
        ]
    }, 
    "11": {
        "silhouette_score": 0.081064495273371673, 
        "labels": [
            3, 
            10, 
            7, 
            0, 
            0, 
            9, 
            5, 
            5, 
            5, 
            10, 
            1, 
            0, 
            4, 
            6, 
            0, 
            8, 
            5, 
            5, 
            2, 
            2, 
            0, 
            0
        ]
    }, 
    "12": {
        "silhouette_score": 0.060745937127873635, 
        "labels": [
            4, 
            2, 
            8, 
            1, 
            1, 
            9, 
            3, 
            0, 
            3, 
            2, 
            6, 
            11, 
            5, 
            10, 
            1, 
            7, 
            3, 
            0, 
            2, 
            2, 
            1, 
            1
        ]
    }, 
    "13": {
        "silhouette_score": 0.088007828561150928, 
        "labels": [
            6, 
            3, 
            4, 
            10, 
            10, 
            11, 
            1, 
            12, 
            2, 
            3, 
            9, 
            8, 
            5, 
            0, 
            10, 
            7, 
            1, 
            1, 
            12, 
            12, 
            10, 
            2
        ]
    }, 
    "14": {
        "silhouette_score": 0.082154119813676374, 
        "labels": [
            6, 
            3, 
            10, 
            7, 
            2, 
            11, 
            0, 
            12, 
            1, 
            3, 
            5, 
            7, 
            4, 
            9, 
            2, 
            13, 
            0, 
            0, 
            8, 
            8, 
            2, 
            2
        ]
    }, 
    "15": {
        "silhouette_score": 0.037974931555737383, 
        "labels": [
            2, 
            14, 
            11, 
            4, 
            4, 
            6, 
            12, 
            14, 
            13, 
            3, 
            5, 
            0, 
            7, 
            8, 
            4, 
            9, 
            1, 
            12, 
            14, 
            10, 
            4, 
            4
        ]
    }, 
    "16": {
        "silhouette_score": 0.066452612554219359, 
        "labels": [
            6, 
            1, 
            9, 
            14, 
            14, 
            10, 
            4, 
            3, 
            13, 
            1, 
            7, 
            0, 
            5, 
            8, 
            15, 
            11, 
            4, 
            4, 
            3, 
            3, 
            12, 
            2
        ]
    }, 
    "17": {
        "silhouette_score": 0.015352944884244213, 
        "labels": [
            2, 
            14, 
            5, 
            3, 
            3, 
            12, 
            0, 
            0, 
            13, 
            8, 
            9, 
            3, 
            4, 
            7, 
            1, 
            11, 
            16, 
            0, 
            6, 
            6, 
            15, 
            10
        ]
    }, 
    "18": {
        "silhouette_score": 0.039014965652247907, 
        "labels": [
            6, 
            8, 
            12, 
            11, 
            11, 
            5, 
            7, 
            16, 
            17, 
            3, 
            4, 
            13, 
            9, 
            0, 
            15, 
            10, 
            2, 
            7, 
            8, 
            8, 
            14, 
            1
        ]
    }, 
    "19": {
        "silhouette_score": 0.039592857537819229,