{
    "2": {
        "silhouette_score": 0.080781305204919079, 
        "labels": [
            0, 
            0, 
            1, 
            1, 
            0, 
            0, 
            0, 
            0
        ]
    }, 
    "3": {
        "silhouette_score": 0.13575103004744693, 
        "labels": [
            1, 
            2, 
            2, 
            0, 
            2, 
            2, 
            0, 
            0
        ]
    }, 
    "4": {
        "silhouette_score": 0.018184635582093905, 
        "labels": [
            2, 
            2, 
            2, 
            3, 
            0, 
            2, 
            3, 
            1
        ]
    }, 
    "5": {
        "silhouette_score": 0.11004189389776045, 
        "labels": [
            4, 
            1, 
            3, 
            0, 
            1, 
            1, 
            0, 
            2
        ]
    }, 
    "6": {
        "silhouette_score": 0.081138165137114901, 
        "labels": [
            0, 
            1, 
            3, 
            2, 
            4, 
            1, 
            2, 
            5
        ]
    }, 
    "7": {
        "silhouette_score": 0.051083174527852528, 
        "labels": [
            4, 
            1, 
            3, 
            2, 
            5, 
            6, 
            2, 
            0
        ]
    }
}