{
    "2": {
        "silhouette_score": 0.50545592434702735, 
        "labels": [
            1, 
            1, 
            1, 
            0, 
            1, 
            1
        ]
    }, 
    "3": {
        "silhouette_score": 0.21201052785699726, 
        "labels": [
            0, 
            2, 
            0, 
            1, 
            0, 
            0
        ]
    }, 
    "4": {
        "silhouette_score": 0.14437049698877472, 
        "labels": [
            0, 
            3, 
            2, 
            1, 
            0, 
            2
        ]
    }, 
    "5": {
        "silhouette_score": 0.026167745441108548, 
        "labels": [
            3, 
            2, 
            0, 
            1, 
            4, 
            4
        ]
    }
}