{
    "2": {
        "silhouette_score": 0.29492067943923622, 
        "labels": [
            0, 
            0, 
            1, 
            0, 
            0, 
            0, 
            0, 
            0
        ]
    }, 
    "3": {
        "silhouette_score": 0.12685998473595617, 
        "labels": [
            0, 
            1, 
            1, 
            2, 
            0, 
            0, 
            1, 
            0
        ]
    }, 
    "4": {
        "silhouette_score": 0.13365013125169137, 
        "labels": [
            0, 
            2, 
            3, 
            1, 
            0, 
            2, 
            2, 
            0
        ]
    }, 
    "5": {
        "silhouette_score": 0.010373851123870181, 
        "labels": [
            4, 
            2, 
            3, 
            0, 
            1, 
            1, 
            0, 
            4
        ]
    }, 
    "6": {
        "silhouette_score": 0.073209589882433465, 
        "labels": [
            1, 
            0, 
            3, 
            2, 
            5, 
            0, 
            2, 
            4
        ]
    }, 
    "7": {
        "silhouette_score": 0.034617480681628184, 
        "labels": [
            5, 
            0, 
            1, 
            6, 
            4, 
            0, 
            3, 
            2
        ]
    }
}