{
    "2": {
        "silhouette_score": 0.28982698686590846, 
        "labels": [
            1, 
            0, 
            0, 
            1, 
            1, 
            1, 
            0, 
            0, 
            1, 
            0, 
            0, 
            0, 
            0, 
            0, 
            1, 
            0, 
            0, 
            0, 
            0, 
            0, 
            1, 
            1
        ]
    }, 
    "3": {
        "silhouette_score": 0.25781581385637459, 
        "labels": [
            1, 
            2, 
            2, 
            1, 
            1, 
            1, 
            1, 
            2, 
            1, 
            2, 
            2, 
            1, 
            0, 
            1, 
            0, 
            2, 
            2, 
            1, 
            2, 
            2, 
            1, 
            1
        ]
    }, 
    "4": {
        "silhouette_score": 0.25267043498638964, 
        "labels": [
            0, 
            1, 
            2, 
            2, 
            0, 
            0, 
            2, 
            1, 
            0, 
            2, 
            1, 
            2, 
            3, 
            2, 
            3, 
            2, 
            2, 
            2, 
            1, 
            2, 
            0, 
            0
        ]
    }, 
    "5": {
        "silhouette_score": 0.28475593324351645, 
        "labels": [
            0, 
            2, 
            2, 
            0, 
            0, 
            0, 
            1, 
            1, 
            0, 
            2, 
            4, 
            1, 
            3, 
            1, 
            3, 
            2, 
            1, 
            1, 
            1, 
            1, 
            0, 
            0
        ]
    }, 
    "6": {
        "silhouette_score": 0.18207320409009276, 
        "labels": [
            5, 
            4, 
            3, 
            1, 
            2, 
            2, 
            1, 
            4, 
            2, 
            3, 
            0, 
            1, 
            2, 
            1, 
            2, 
            1, 
            1, 
            1, 
            4, 
            1, 
            2, 
            2
        ]
    }, 
    "7": {
        "silhouette_score": 0.22438988717228925, 
        "labels": [
            0, 
            3, 
            5, 
            0, 
            0, 
            0, 
            2, 
            1, 
            0, 
            5, 
            6, 
            2, 
            4, 
            2, 
            4, 
            5, 
            2, 
            2, 
            1, 
            2, 
            0, 
            0
        ]
    }, 
    "8": {
        "silhouette_score": 0.26429483488094463, 
        "labels": [
            5, 
            6, 
            1, 
            0, 
            0, 
            0, 
            3, 
            6, 
            0, 
            1, 
            4, 
            3, 
            7, 
            3, 
            2, 
            1, 
            3, 
            3, 
            6, 
            3, 
            0, 
            0
        ]
    }, 
    "9": {
        "silhouette_score": 0.1764583828446657, 
        "labels": [
            7, 
            2, 
            4, 
            3, 
            3, 
            0, 
            1, 
            2, 
            3, 
            4, 
            6, 
            1, 
            5, 
            1, 
            5, 
            8, 
            1, 
            1, 
            1, 
            1, 
            0, 
            3
        ]
    }, 
    "10": {
        "silhouette_score": 0.22579948128289892, 
        "labels": [
            6, 
            2, 
            4, 
            8, 
            9, 
            3, 
            0, 
            2, 
            9, 
            4, 
            1, 
            0, 
            7, 
            0, 
            5, 
            4, 
            0, 
            0, 
            2, 
            0, 
            3, 
            9
        ]
    }, 
    "11": {
        "silhouette_score": 0.10843659646365822, 
        "labels": [
            5, 
            8, 
            2, 
            10, 
            7, 
            0, 
            9, 
            9, 
            7, 
            2, 
            3, 
            9, 
            4, 
            9, 
            6, 
            2, 
            1, 
            9, 
            9, 
            1, 
            0, 
            7
        ]
    }, 
    "12": {
        "silhouette_score": 0.094078495579755353, 
        "labels": [
            6, 
            5, 
            11, 
            10, 
            8, 
            8, 
            9, 
            5, 
            8, 
            11, 
            2, 
            9, 
            4, 
            9, 
            7, 
            3, 
            9, 
            0, 
            5, 
            9, 
            8, 
            1
        ]
    }, 
    "13": {
        "silhouette_score": 0.090272301735893387, 
        "labels": [
            5, 
            11, 
            0, 
            10, 
            1, 
            9, 
            8, 
            11, 
            1, 
            0, 
            4, 
            3, 
            7, 
            8, 
            6, 
            12, 
            8, 
            8, 
            2, 
            8, 
            9, 
            1
        ]
    }, 
    "14": {
        "silhouette_score": 0.13387418446473778, 
        "labels": [
            9, 
            4, 
            2, 
            7, 
            6, 
            3, 
            0, 
            11, 
            6, 
            12, 
            1, 
            0, 
            8, 
            0, 
            5, 
            10, 
            13, 
            0, 
            11, 
            13, 
            3, 
            6
        ]
    }, 
    "15": {
        "silhouette_score": 0.11139858788861695, 
        "labels": [
            6, 
            4, 
            1, 
            12, 
            5, 
            2, 
            11, 
            9, 
            5, 
            1, 
            3, 
            0, 
            7, 
            11, 
            10, 
            8, 
            14, 
            11, 
            13, 
            14, 
            2, 
            5
        ]
    }, 
    "16": {
        "silhouette_score": 0.096838397349575403, 
        "labels": [
            5, 
            12, 
            4, 
            11, 
            13, 
            1, 
            7, 
            8, 
            13, 
            4, 
            2, 
            7, 
            3, 
            7, 
            6, 
            10, 
            0, 
            7, 
            15, 
            0, 
            14, 
            9
        ]
    }, 
    "17": {
        "silhouette_score": 0.058183239429407195, 
        "labels": [
            7, 
            14, 
            11, 
            13, 
            6, 
            6, 
            10, 
            2, 
            6, 
            8, 
            3, 
            10, 
            5, 
            10, 
            9, 
            1, 
            4, 
            16, 
            15, 
            4, 
            12, 
            0
        ]
    }, 
    "18": {
        "silhouette_score": 0.073030724213503706, 
        "labels": [
            7, 
            4, 
            0, 
            9, 
            1, 
            17, 
            2, 
            10, 
            1, 
            12, 
            3, 
            2, 
            5, 
            2, 
            6, 
            8, 
            13, 
            15, 
            16, 
            13, 
            11, 
            14
        ]
    }, 
    "19": {
        "silhouette_score": 0.059715164777921152,