{
    "2": {
        "silhouette_score": 0.30162782966600549, 
        "labels": [
            1, 
            1, 
            1, 
            0, 
            1, 
            1, 
            1, 
            1, 
            1, 
            1, 
            1, 
            1, 
            1, 
            1, 
            1, 
            1, 
            1
        ]
    }, 
    "3": {
        "silhouette_score": 0.27306979005033361, 
        "labels": [
            1, 
            1, 
            2, 
            0, 
            0, 
            1, 
            1, 
            1, 
            1, 
            0, 
            1, 
            1, 
            1, 
            1, 
            0, 
            1, 
            1
        ]
    }, 
    "4": {
        "silhouette_score": 0.12905715390755743, 
        "labels": [
            1, 
            2, 
            3, 
            2, 
            2, 
            2, 
            2, 
            1, 
            1, 
            2, 
            1, 
            1, 
            1, 
            1, 
            0, 
            1, 
            1
        ]
    }, 
    "5": {
        "silhouette_score": 0.37094229911465915, 
        "labels": [
            1, 
            1, 
            4, 
            0, 
            1, 
            1, 
            1, 
            1, 
            3, 
            1, 
            1, 
            1, 
            1, 
            1, 
            2, 
            1, 
            1
        ]
    }, 
    "6": {
        "silhouette_score": 0.18048265408569281, 
        "labels": [
            5, 
            5, 
            1, 
            0, 
            2, 
            5, 
            5, 
            5, 
            4, 
            5, 
            5, 
            5, 
            5, 
            5, 
            3, 
            5, 
            5
        ]
    }, 
    "7": {
        "silhouette_score": 0.15739772724274514, 
        "labels": [
            5, 
            5, 
            2, 
            0, 
            0, 
            1, 
            5, 
            5, 
            4, 
            0, 
            6, 
            5, 
            5, 
            5, 
            3, 
            5, 
            1
        ]
    }, 
    "8": {
        "silhouette_score": 0.13466220303254606, 
        "labels": [
            0, 
            5, 
            3, 
            7, 
            1, 
            0, 
            5, 
            5, 
            2, 
            5, 
            6, 
            5, 
            5, 
            5, 
            4, 
            5, 
            0
        ]
    }, 
    "9": {
        "silhouette_score": 0.093793726102080102, 
        "labels": [
            8, 
            1, 
            3, 
            4, 
            6, 
            7, 
            1, 
            8, 
            0, 
            1, 
            5, 
            8, 
            8, 
            8, 
            2, 
            1, 
            1
        ]
    }, 
    "10": {
        "silhouette_score": 0.10207064123468529, 
        "labels": [
            7, 
            2, 
            3, 
            6, 
            8, 
            0, 
            2, 
            7, 
            5, 
            2, 
            1, 
            7, 
            7, 
            7, 
            4, 
            2, 
            9
        ]
    }, 
    "11": {
        "silhouette_score": 0.056742322027028329, 
        "labels": [
            8, 
            10, 
            3, 
            5, 
            9, 
            6, 
            10, 
            1, 
            4, 
            7, 
            0, 
            8, 
            1, 
            8, 
            2, 
            10, 
            10
        ]
    }, 
    "12": {
        "silhouette_score": 0.084305050815862342, 
        "labels": [
            9, 
            8, 
            3, 
            7, 
            4, 
            6, 
            8, 
            0, 
            1, 
            11, 
            5, 
            9, 
            0, 
            9, 
            2, 
            8, 
            10
        ]
    }, 
    "13": {
        "silhouette_score": 0.098256491127773599, 
        "labels": [
            8, 
            3, 
            2, 
            6, 
            10, 
            11, 
            9, 
            12, 
            4, 
            1, 
            0, 
            8, 
            12, 
            8, 
            5, 
            3, 
            7
        ]
    }, 
    "14": {
        "silhouette_score": 0.090461936125834752, 
        "labels": [
            13, 
            0, 
            1, 
            5, 
            8, 
            10, 
            11, 
            12, 
            3, 
            9, 
            6, 
            7, 
            12, 
            7, 
            2, 
            0, 
            4
        ]
    }, 
    "15": {
        "silhouette_score": 0.060601831900330451, 
        "labels": [
            12, 
            11, 
            1, 
            4, 
            5, 
            10, 
            13, 
            9, 
            3, 
            8, 
            6, 
            14, 
            9, 
            0, 
            2, 
            11, 
            7
        ]
    }, 
    "16": {
        "silhouette_score": 0.038060085719803405, 
        "labels": [
            10, 
            7, 
            1, 
            6, 
            0, 
            8, 
            12, 
            2, 
            5, 
            14, 
            4, 
            13, 
            15, 
            9, 
            3, 
            7, 
            11
        ]
    }
}