{
    "2": {
        "silhouette_score": 0.057088856302595227, 
        "labels": [
            0, 
            1, 
            1, 
            1, 
            1, 
            1, 
            1, 
            1
        ]
    }, 
    "3": {
        "silhouette_score": 0.1405043891937155, 
        "labels": [
            2, 
            1, 
            1, 
            0, 
            1, 
            1, 
            0, 
            0
        ]
    }, 
    "4": {
        "silhouette_score": 0.094687299451393009, 
        "labels": [
            3, 
            0, 
            0, 
            1, 
            0, 
            0, 
            1, 
            2
        ]
    }, 
    "5": {
        "silhouette_score": 0.095007550304113439, 
        "labels": [
            0, 
            3, 
            1, 
            2, 
            4, 
            3, 
            2, 
            2
        ]
    }, 
    "6": {
        "silhouette_score": 0.04242048411652425, 
        "labels": [
            5, 
            4, 
            3, 
            2, 
            1, 
            1, 
            2, 
            0
        ]
    }, 
    "7": {
        "silhouette_score": 0.053680235378622668, 
        "labels": [
            0, 
            6, 
            3, 
            1, 
            5, 
            2, 
            1, 
            4
        ]
    }
}