{
    "2": {
        "silhouette_score": 0.30771017869353146, 
        "labels": [
            0, 
            0, 
            0, 
            0, 
            0, 
            1, 
            0, 
            0, 
            0
        ]
    }, 
    "3": {
        "silhouette_score": 0.1188759109040088, 
        "labels": [
            1, 
            0, 
            1, 
            1, 
            1, 
            2, 
            1, 
            0, 
            0
        ]
    }, 
    "4": {
        "silhouette_score": 0.11497083804457173, 
        "labels": [
            1, 
            2, 
            1, 
            1, 
            1, 
            0, 
            3, 
            2, 
            2
        ]
    }, 
    "5": {
        "silhouette_score": 0.13021076011741306, 
        "labels": [
            1, 
            4, 
            1, 
            0, 
            1, 
            3, 
            2, 
            4, 
            2
        ]
    }, 
    "6": {
        "silhouette_score": 0.11018312727445174, 
        "labels": [
            3, 
            1, 
            3, 
            4, 
            3, 
            0, 
            2, 
            1, 
            5
        ]
    }, 
    "7": {
        "silhouette_score": 0.081464324224951798, 
        "labels": [
            1, 
            5, 
            1, 
            2, 
            1, 
            3, 
            4, 
            6, 
            0
        ]
    }, 
    "8": {
        "silhouette_score": 0.0029116802516903173, 
        "labels": [
            1, 
            3, 
            1, 
            4, 
            7, 
            2, 
            5, 
            0, 
            6
        ]
    }
}