{
    "2": {
        "silhouette_score": 0.27851114715724767, 
        "labels": [
            0, 
            1, 
            1, 
            1, 
            1, 
            0, 
            0, 
            0, 
            0, 
            1, 
            1, 
            1, 
            1, 
            1, 
            1, 
            1, 
            0
        ]
    }, 
    "3": {
        "silhouette_score": 0.33756806960296432, 
        "labels": [
            1, 
            0, 
            2, 
            2, 
            0, 
            1, 
            1, 
            1, 
            1, 
            2, 
            2, 
            0, 
            0, 
            0, 
            2, 
            0, 
            1
        ]
    }, 
    "4": {
        "silhouette_score": 0.33752440823596297, 
        "labels": [
            0, 
            1, 
            2, 
            2, 
            1, 
            0, 
            0, 
            0, 
            0, 
            2, 
            2, 
            1, 
            1, 
            1, 
            3, 
            1, 
            0
        ]
    }, 
    "5": {
        "silhouette_score": 0.28480348582598758, 
        "labels": [
            4, 
            1, 
            0, 
            0, 
            1, 
            4, 
            2, 
            2, 
            4, 
            0, 
            0, 
            1, 
            1, 
            1, 
            3, 
            1, 
            2
        ]
    }, 
    "6": {
        "silhouette_score": 0.24896064475906954, 
        "labels": [
            0, 
            1, 
            2, 
            5, 
            1, 
            0, 
            3, 
            3, 
            0, 
            5, 
            2, 
            1, 
            1, 
            1, 
            4, 
            1, 
            3
        ]
    }, 
    "7": {
        "silhouette_score": 0.23436584951124736, 
        "labels": [
            5, 
            2, 
            6, 
            1, 
            2, 
            4, 
            0, 
            0, 
            5, 
            1, 
            1, 
            2, 
            2, 
            2, 
            3, 
            2, 
            0
        ]
    }, 
    "8": {
        "silhouette_score": 0.21805192383885505, 
        "labels": [
            5, 
            1, 
            7, 
            6, 
            1, 
            4, 
            0, 
            0, 
            5, 
            2, 
            2, 
            1, 
            1, 
            1, 
            3, 
            1, 
            0
        ]
    }, 
    "9": {
        "silhouette_score": 0.11822071406551886, 
        "labels": [
            4, 
            3, 
            7, 
            8, 
            3, 
            5, 
            0, 
            0, 
            4, 
            1, 
            1, 
            6, 
            6, 
            6, 
            2, 
            6, 
            0
        ]
    }, 
    "10": {
        "silhouette_score": 0.12310106889588134, 
        "labels": [
            3, 
            1, 
            0, 
            5, 
            8, 
            9, 
            2, 
            2, 
            3, 
            6, 
            6, 
            1, 
            1, 
            1, 
            4, 
            1, 
            7
        ]
    }, 
    "11": {
        "silhouette_score": 0.1129304202028764, 
        "labels": [
            5, 
            3, 
            2, 
            7, 
            0, 
            8, 
            1, 
            1, 
            9, 
            4, 
            4, 
            3, 
            3, 
            3, 
            6, 
            3, 
            10
        ]
    }, 
    "12": {
        "silhouette_score": 0.10914470109799328, 
        "labels": [
            0, 
            1, 
            3, 
            2, 
            9, 
            6, 
            4, 
            4, 
            11, 
            10, 
            7, 
            1, 
            1, 
            1, 
            5, 
            1, 
            8
        ]
    }, 
    "13": {
        "silhouette_score": 0.068571340865437924, 
        "labels": [
            9, 
            12, 
            6, 
            7, 
            8, 
            0, 
            3, 
            3, 
            4, 
            2, 
            11, 
            1, 
            1, 
            1, 
            5, 
            1, 
            10
        ]
    }, 
    "14": {
        "silhouette_score": 0.07361247810406113, 
        "labels": [
            5, 
            13, 
            10, 
            2, 
            12, 
            8, 
            6, 
            6, 
            11, 
            9, 
            4, 
            7, 
            7, 
            0, 
            3, 
            7, 
            1
        ]
    }, 
    "15": {
        "silhouette_score": 0.051758185076218884, 
        "labels": [
            8, 
            14, 
            9, 
            11, 
            1, 
            7, 
            0, 
            10, 
            4, 
            2, 
            12, 
            5, 
            5, 
            3, 
            6, 
            5, 
            13
        ]
    }, 
    "16": {
        "silhouette_score": 0.0083424647640371347, 
        "labels": [
            2, 
            14, 
            3, 
            6, 
            13, 
            5, 
            12, 
            8, 
            9, 
            10, 
            11, 
            7, 
            7, 
            1, 
            0, 
            15, 
            4
        ]
    }
}