{
    "2": {
        "silhouette_score": 0.37828285076748003, 
        "labels": [
            1, 
            1, 
            1, 
            0, 
            1, 
            1, 
            0, 
            0
        ]
    }, 
    "3": {
        "silhouette_score": 0.17613603016328019, 
        "labels": [
            1, 
            1, 
            1, 
            2, 
            1, 
            1, 
            0, 
            0
        ]
    }, 
    "4": {
        "silhouette_score": 0.15840711695811463, 
        "labels": [
            0, 
            0, 
            3, 
            1, 
            0, 
            3, 
            2, 
            2
        ]
    }, 
    "5": {
        "silhouette_score": 0.13384028506028472, 
        "labels": [
            4, 
            4, 
            1, 
            0, 
            2, 
            1, 
            3, 
            3
        ]
    }, 
    "6": {
        "silhouette_score": 0.1104830738182753, 
        "labels": [
            1, 
            1, 
            3, 
            0, 
            4, 
            3, 
            5, 
            2
        ]
    }, 
    "7": {
        "silhouette_score": 0.053458287470350682, 
        "labels": [
            2, 
            4, 
            0, 
            3, 
            5, 
            0, 
            1, 
            6
        ]
    }
}