{
    "2": {
        "silhouette_score": 0.28230539757401374, 
        "labels": [
            1, 
            0, 
            1, 
            1, 
            0, 
            0, 
            1, 
            1
        ]
    }, 
    "3": {
        "silhouette_score": 0.33673434297033733, 
        "labels": [
            0, 
            1, 
            2, 
            0, 
            1, 
            1, 
            0, 
            0
        ]
    }, 
    "4": {
        "silhouette_score": 0.25652787052575171, 
        "labels": [
            1, 
            2, 
            0, 
            3, 
            2, 
            2, 
            1, 
            1
        ]
    }, 
    "5": {
        "silhouette_score": 0.23207141016572916, 
        "labels": [
            1, 
            3, 
            0, 
            4, 
            2, 
            3, 
            1, 
            1
        ]
    }, 
    "6": {
        "silhouette_score": 0.18472615184926228, 
        "labels": [
            4, 
            2, 
            1, 
            5, 
            3, 
            2, 
            4, 
            0
        ]
    }, 
    "7": {
        "silhouette_score": 0.12300173078706775, 
        "labels": [
            0, 
            1, 
            2, 
            3, 
            4, 
            1, 
            6, 
            5
        ]
    }
}