{
    "2": {
        "silhouette_score": 0.11226517427605517, 
        "labels": [
            0, 
            1, 
            0, 
            1, 
            1, 
            1, 
            0, 
            1, 
            0
        ]
    }, 
    "3": {
        "silhouette_score": 0.11147043254590591, 
        "labels": [
            0, 
            2, 
            0, 
            1, 
            1, 
            2, 
            1, 
            1, 
            1
        ]
    }, 
    "4": {
        "silhouette_score": 0.10053089301249711, 
        "labels": [
            0, 
            3, 
            0, 
            1, 
            1, 
            3, 
            2, 
            1, 
            2
        ]
    }, 
    "5": {
        "silhouette_score": 0.071996361937152906, 
        "labels": [
            3, 
            4, 
            3, 
            1, 
            1, 
            2, 
            0, 
            1, 
            0
        ]
    }, 
    "6": {
        "silhouette_score": 0.057817502940575048, 
        "labels": [
            1, 
            5, 
            1, 
            0, 
            0, 
            2, 
            3, 
            0, 
            4
        ]
    }, 
    "7": {
        "silhouette_score": 0.036657951627525102, 
        "labels": [
            2, 
            3, 
            4, 
            1, 
            1, 
            0, 
            5, 
            1, 
            6
        ]
    }, 
    "8": {
        "silhouette_score": 0.021120585280469943, 
        "labels": [
            3, 
            0, 
            4, 
            7, 
            1, 
            2, 
            5, 
            1, 
            6
        ]
    }
}