{
    "2": {
        "silhouette_score": 0.41250388562634555, 
        "labels": [
            1, 
            1, 
            0, 
            0, 
            0, 
            1, 
            0, 
            0
        ]
    }, 
    "3": {
        "silhouette_score": 0.25029444022398112, 
        "labels": [
            1, 
            1, 
            1, 
            0, 
            2, 
            1, 
            0, 
            2
        ]
    }, 
    "4": {
        "silhouette_score": 0.12233296493812273, 
        "labels": [
            2, 
            2, 
            0, 
            1, 
            3, 
            2, 
            1, 
            1
        ]
    }, 
    "5": {
        "silhouette_score": 0.17178502044541902, 
        "labels": [
            1, 
            4, 
            3, 
            0, 
            2, 
            1, 
            0, 
            2
        ]
    }, 
    "6": {
        "silhouette_score": 0.17744383488963236, 
        "labels": [
            0, 
            5, 
            3, 
            1, 
            2, 
            0, 
            1, 
            4
        ]
    }, 
    "7": {
        "silhouette_score": 0.089124320152621173, 
        "labels": [
            2, 
            0, 
            3, 
            1, 
            4, 
            2, 
            6, 
            5
        ]
    }
}