{
    "2": {
        "silhouette_score": 0.11716708780558044, 
        "labels": [
            0, 
            1, 
            1, 
            0, 
            0, 
            0, 
            1, 
            1, 
            0, 
            1, 
            1, 
            1, 
            1, 
            0, 
            0, 
            0, 
            0, 
            0, 
            0, 
            0, 
            0, 
            0
        ]
    }, 
    "3": {
        "silhouette_score": 0.1247167506123779, 
        "labels": [
            0, 
            0, 
            2, 
            2, 
            2, 
            0, 
            0, 
            0, 
            0, 
            2, 
            0, 
            0, 
            2, 
            1, 
            2, 
            0, 
            1, 
            1, 
            0, 
            1, 
            2, 
            0
        ]
    }, 
    "4": {
        "silhouette_score": 0.14234005615080053, 
        "labels": [
            0, 
            3, 
            2, 
            1, 
            1, 
            3, 
            3, 
            3, 
            3, 
            2, 
            3, 
            3, 
            2, 
            1, 
            2, 
            3, 
            1, 
            1, 
            1, 
            1, 
            2, 
            3
        ]
    }, 
    "5": {
        "silhouette_score": 0.15775291810026795, 
        "labels": [
            4, 
            1, 
            0, 
            0, 
            0, 
            1, 
            1, 
            1, 
            1, 
            0, 
            1, 
            1, 
            2, 
            0, 
            0, 
            1, 
            3, 
            3, 
            0, 
            0, 
            0, 
            1
        ]
    }, 
    "6": {
        "silhouette_score": 0.15180262166500189, 
        "labels": [
            2, 
            4, 
            1, 
            3, 
            3, 
            2, 
            4, 
            4, 
            2, 
            1, 
            4, 
            2, 
            5, 
            3, 
            1, 
            3, 
            0, 
            0, 
            3, 
            3, 
            1, 
            2
        ]
    }, 
    "7": {
        "silhouette_score": 0.16633055314954695, 
        "labels": [
            3, 
            1, 
            1, 
            4, 
            4, 
            2, 
            1, 
            1, 
            2, 
            1, 
            1, 
            1, 
            5, 
            4, 
            6, 
            1, 
            0, 
            0, 
            4, 
            4, 
            6, 
            2
        ]
    }, 
    "8": {
        "silhouette_score": 0.16792036964652993, 
        "labels": [
            6, 
            1, 
            2, 
            0, 
            0, 
            5, 
            1, 
            1, 
            3, 
            1, 
            1, 
            1, 
            4, 
            0, 
            2, 
            1, 
            7, 
            7, 
            0, 
            0, 
            2, 
            3
        ]
    }, 
    "9": {
        "silhouette_score": 0.17550231748147971, 
        "labels": [
            6, 
            7, 
            5, 
            1, 
            1, 
            8, 
            7, 
            7, 
            2, 
            5, 
            7, 
            2, 
            4, 
            1, 
            0, 
            5, 
            3, 
            3, 
            1, 
            1, 
            0, 
            2
        ]
    }, 
    "10": {
        "silhouette_score": 0.1782545978451541, 
        "labels": [
            4, 
            2, 
            9, 
            1, 
            1, 
            7, 
            2, 
            2, 
            6, 
            9, 
            2, 
            6, 
            0, 
            1, 
            8, 
            5, 
            3, 
            3, 
            1, 
            1, 
            8, 
            6
        ]
    }, 
    "11": {
        "silhouette_score": 0.18270261110999675, 
        "labels": [
            7, 
            1, 
            8, 
            2, 
            2, 
            3, 
            1, 
            1, 
            4, 
            8, 
            1, 
            4, 
            9, 
            10, 
            0, 
            5, 
            6, 
            6, 
            2, 
            2, 
            0, 
            4
        ]
    }, 
    "12": {
        "silhouette_score": 0.17325263370446556, 
        "labels": [
            5, 
            2, 
            8, 
            0, 
            0, 
            7, 
            2, 
            2, 
            1, 
            8, 
            2, 
            1, 
            4, 
            11, 
            10, 
            6, 
            3, 
            3, 
            9, 
            9, 
            10, 
            1
        ]
    }, 
    "13": {
        "silhouette_score": 0.15920779176625446, 
        "labels": [
            5, 
            4, 
            1, 
            2, 
            2, 
            12, 
            4, 
            7, 
            0, 
            1, 
            7, 
            0, 
            8, 
            11, 
            6, 
            9, 
            3, 
            3, 
            10, 
            10, 
            6, 
            0
        ]
    }, 
    "14": {
        "silhouette_score": 0.14873300932434319, 
        "labels": [
            7, 
            13, 
            2, 
            4, 
            4, 
            6, 
            13, 
            9, 
            10, 
            2, 
            9, 
            0, 
            8, 
            12, 
            5, 
            11, 
            1, 
            1, 
            3, 
            3, 
            5, 
            10
        ]
    }, 
    "15": {
        "silhouette_score": 0.14244080686742053, 
        "labels": [
            5, 
            10, 
            3, 
            4, 
            4, 
            6, 
            10, 
            14, 
            11, 
            3, 
            13, 
            1, 
            0, 
            12, 
            9, 
            8, 
            7, 
            7, 
            2, 
            2, 
            9, 
            11
        ]
    }, 
    "16": {
        "silhouette_score": 0.12177681561860747, 
        "labels": [
            3, 
            5, 
            0, 
            1, 
            1, 
            7, 
            5, 
            13, 
            2, 
            0, 
            14, 
            11, 
            9, 
            12, 
            8, 
            6, 
            4, 
            4, 
            10, 
            10, 
            15, 
            2
        ]
    }, 
    "17": {
        "silhouette_score": 0.1088246285366116, 
        "labels": [
            6, 
            0, 
            12, 
            1, 
            1, 
            3, 
            0, 
            16, 
            4, 
            12, 
            15, 
            10, 
            8, 
            11, 
            14, 
            5, 
            2, 
            2, 
            7, 
            7, 
            9, 
            13
        ]
    }, 
    "18": {
        "silhouette_score": 0.095752216648329794, 
        "labels": [
            4, 
            1, 
            5, 
            0, 
            0, 
            10, 
            1, 
            14, 
            2, 
            5, 
            15, 
            11, 
            8, 
            12, 
            9, 
            7, 
            3, 
            3, 
            6, 
            16, 
            13, 
            17
        ]
    }, 
    "19": {
        "silhouette_score": 0.081031805337485316,