{
    "2": {
        "silhouette_score": 0.24338187144781712, 
        "labels": [
            0, 
            0, 
            1, 
            0, 
            0, 
            0, 
            0, 
            0
        ]
    }, 
    "3": {
        "silhouette_score": 0.12425260955429751, 
        "labels": [
            0, 
            0, 
            2, 
            0, 
            1, 
            1, 
            0, 
            1
        ]
    }, 
    "4": {
        "silhouette_score": 0.042841179266203344, 
        "labels": [
            2, 
            0, 
            1, 
            2, 
            3, 
            0, 
            2, 
            3
        ]
    }, 
    "5": {
        "silhouette_score": 0.093885864298891342, 
        "labels": [
            4, 
            2, 
            1, 
            2, 
            3, 
            3, 
            2, 
            0
        ]
    }, 
    "6": {
        "silhouette_score": 0.053560557346005871, 
        "labels": [
            3, 
            1, 
            2, 
            1, 
            0, 
            5, 
            1, 
            4
        ]
    }, 
    "7": {
        "silhouette_score": 0.047389041118454781, 
        "labels": [
            5, 
            0, 
            4, 
            1, 
            3, 
            6, 
            1, 
            2
        ]
    }
}