{
    "2": {
        "silhouette_score": 0.2443394765021025, 
        "labels": [
            0, 
            1, 
            1, 
            1, 
            1, 
            0, 
            1, 
            1, 
            0, 
            0, 
            1, 
            1, 
            1, 
            1, 
            0, 
            1, 
            1
        ]
    }, 
    "3": {
        "silhouette_score": 0.18903344677132483, 
        "labels": [
            2, 
            1, 
            1, 
            1, 
            1, 
            0, 
            1, 
            1, 
            2, 
            0, 
            1, 
            1, 
            1, 
            1, 
            2, 
            1, 
            1
        ]
    }, 
    "4": {
        "silhouette_score": 0.14089979555703436, 
        "labels": [
            1, 
            3, 
            2, 
            0, 
            3, 
            1, 
            2, 
            2, 
            1, 
            1, 
            0, 
            2, 
            2, 
            0, 
            1, 
            0, 
            2
        ]
    }, 
    "5": {
        "silhouette_score": 0.12658630200649731, 
        "labels": [
            3, 
            2, 
            1, 
            1, 
            2, 
            0, 
            1, 
            1, 
            3, 
            3, 
            4, 
            1, 
            1, 
            1, 
            3, 
            1, 
            1
        ]
    }, 
    "6": {
        "silhouette_score": 0.17272788575152737, 
        "labels": [
            0, 
            5, 
            0, 
            0, 
            4, 
            2, 
            1, 
            1, 
            3, 
            2, 
            1, 
            0, 
            0, 
            0, 
            3, 
            0, 
            0
        ]
    }, 
    "7": {
        "silhouette_score": 0.050402290725100052, 
        "labels": [
            2, 
            1, 
            5, 
            3, 
            1, 
            6, 
            5, 
            5, 
            0, 
            0, 
            3, 
            5, 
            5, 
            2, 
            0, 
            4, 
            5
        ]
    }, 
    "8": {
        "silhouette_score": 0.047353873397656981, 
        "labels": [
            3, 
            4, 
            3, 
            3, 
            6, 
            5, 
            2, 
            2, 
            0, 
            7, 
            2, 
            1, 
            3, 
            3, 
            0, 
            3, 
            3
        ]
    }, 
    "9": {
        "silhouette_score": 0.062746794127052127, 
        "labels": [
            5, 
            1, 
            2, 
            2, 
            7, 
            6, 
            8, 
            8, 
            5, 
            3, 
            4, 
            2, 
            2, 
            0, 
            5, 
            2, 
            2
        ]
    }, 
    "10": {
        "silhouette_score": 0.067642996518373452, 
        "labels": [
            7, 
            5, 
            6, 
            1, 
            4, 
            2, 
            0, 
            0, 
            3, 
            2, 
            9, 
            6, 
            6, 
            7, 
            7, 
            8, 
            6
        ]
    }, 
    "11": {
        "silhouette_score": 0.051905961824530673, 
        "labels": [
            1, 
            0, 
            5, 
            1, 
            6, 
            3, 
            2, 
            4, 
            9, 
            8, 
            7, 
            5, 
            5, 
            1, 
            1, 
            10, 
            5
        ]
    }, 
    "12": {
        "silhouette_score": 0.025439191086315673, 
        "labels": [
            9, 
            6, 
            4, 
            4, 
            5, 
            2, 
            10, 
            3, 
            1, 
            7, 
            8, 
            11, 
            4, 
            9, 
            9, 
            0, 
            4
        ]
    }, 
    "13": {
        "silhouette_score": 0.082141052746900339, 
        "labels": [
            10, 
            6, 
            1, 
            10, 
            8, 
            4, 
            9, 
            12, 
            0, 
            11, 
            5, 
            2, 
            1, 
            10, 
            3, 
            7, 
            1
        ]
    }, 
    "14": {
        "silhouette_score": 0.052474435397055798, 
        "labels": [
            1, 
            6, 
            4, 
            12, 
            3, 
            8, 
            9, 
            2, 
            7, 
            11, 
            10, 
            13, 
            4, 
            1, 
            5, 
            0, 
            4
        ]
    }, 
    "15": {
        "silhouette_score": 0.018113344671501969, 
        "labels": [
            1, 
            2, 
            12, 
            4, 
            6, 
            8, 
            13, 
            0, 
            9, 
            3, 
            5, 
            11, 
            4, 
            14, 
            10, 
            7, 
            4
        ]
    }, 
    "16": {
        "silhouette_score": 0.03901623229198143, 
        "labels": [
            14, 
            4, 
            6, 
            0, 
            3, 
            5, 
            13, 
            2, 
            12, 
            11, 
            7, 
            15, 
            9, 
            10, 
            1, 
            8, 
            9
        ]
    }
}