{
    "2": {
        "silhouette_score": 0.11195134040585998, 
        "labels": [
            0, 
            1, 
            0, 
            1, 
            1, 
            1, 
            0, 
            1, 
            0
        ]
    }, 
    "3": {
        "silhouette_score": 0.11010447587545062, 
        "labels": [
            2, 
            1, 
            2, 
            0, 
            0, 
            1, 
            0, 
            0, 
            0
        ]
    }, 
    "4": {
        "silhouette_score": 0.10123380301886706, 
        "labels": [
            2, 
            3, 
            2, 
            1, 
            1, 
            3, 
            0, 
            1, 
            0
        ]
    }, 
    "5": {
        "silhouette_score": 0.072289968469018695, 
        "labels": [
            0, 
            3, 
            0, 
            1, 
            1, 
            4, 
            2, 
            1, 
            2
        ]
    }, 
    "6": {
        "silhouette_score": 0.064601912600906239, 
        "labels": [
            0, 
            2, 
            5, 
            1, 
            1, 
            2, 
            3, 
            1, 
            4
        ]
    }, 
    "7": {
        "silhouette_score": 0.037979787411842512, 
        "labels": [
            3, 
            5, 
            4, 
            1, 
            1, 
            2, 
            6, 
            1, 
            0
        ]
    }, 
    "8": {
        "silhouette_score": 0.021512454746460883, 
        "labels": [
            6, 
            2, 
            0, 
            1, 
            3, 
            4, 
            5, 
            3, 
            7
        ]
    }
}