{
    "2": {
        "silhouette_score": 0.33350501671092919, 
        "labels": [
            0, 
            1, 
            1, 
            1, 
            1, 
            0, 
            0, 
            0, 
            0, 
            1, 
            1, 
            1, 
            1, 
            1, 
            1, 
            1, 
            0
        ]
    }, 
    "3": {
        "silhouette_score": 0.33395241145026061, 
        "labels": [
            0, 
            1, 
            2, 
            2, 
            1, 
            0, 
            0, 
            0, 
            0, 
            2, 
            2, 
            1, 
            1, 
            1, 
            2, 
            1, 
            0
        ]
    }, 
    "4": {
        "silhouette_score": 0.37757194148412504, 
        "labels": [
            1, 
            2, 
            3, 
            0, 
            2, 
            1, 
            1, 
            1, 
            1, 
            0, 
            0, 
            2, 
            2, 
            2, 
            3, 
            2, 
            1
        ]
    }, 
    "5": {
        "silhouette_score": 0.3553140373627155, 
        "labels": [
            1, 
            2, 
            4, 
            3, 
            2, 
            1, 
            0, 
            0, 
            1, 
            3, 
            3, 
            2, 
            2, 
            2, 
            4, 
            2, 
            0
        ]
    }, 
    "6": {
        "silhouette_score": 0.34142841084761738, 
        "labels": [
            0, 
            2, 
            3, 
            1, 
            2, 
            5, 
            4, 
            4, 
            0, 
            1, 
            1, 
            2, 
            2, 
            2, 
            3, 
            2, 
            4
        ]
    }, 
    "7": {
        "silhouette_score": 0.299768685153736, 
        "labels": [
            4, 
            1, 
            3, 
            2, 
            1, 
            5, 
            0, 
            0, 
            4, 
            2, 
            6, 
            1, 
            1, 
            1, 
            3, 
            1, 
            0
        ]
    }, 
    "8": {
        "silhouette_score": 0.26630583003595837, 
        "labels": [
            4, 
            1, 
            3, 
            0, 
            1, 
            6, 
            2, 
            2, 
            4, 
            0, 
            5, 
            1, 
            1, 
            1, 
            7, 
            1, 
            2
        ]
    }, 
    "9": {
        "silhouette_score": 0.23142636349701745, 
        "labels": [
            7, 
            1, 
            2, 
            3, 
            1, 
            6, 
            0, 
            0, 
            4, 
            3, 
            5, 
            1, 
            1, 
            1, 
            8, 
            1, 
            0
        ]
    }, 
    "10": {
        "silhouette_score": 0.1731823250539625, 
        "labels": [
            0, 
            4, 
            6, 
            2, 
            1, 
            7, 
            3, 
            3, 
            9, 
            2, 
            8, 
            4, 
            4, 
            4, 
            5, 
            4, 
            3
        ]
    }, 
    "11": {
        "silhouette_score": 0.1596393831658266, 
        "labels": [
            6, 
            5, 
            2, 
            7, 
            0, 
            1, 
            3, 
            3, 
            9, 
            8, 
            4, 
            5, 
            5, 
            5, 
            10, 
            5, 
            3
        ]
    }, 
    "12": {
        "silhouette_score": 0.12220291437234658, 
        "labels": [
            6, 
            0, 
            8, 
            4, 
            11, 
            1, 
            3, 
            3, 
            7, 
            5, 
            10, 
            0, 
            0, 
            0, 
            2, 
            0, 
            9
        ]
    }, 
    "13": {
        "silhouette_score": 0.12165378821210335, 
        "labels": [
            7, 
            11, 
            1, 
            9, 
            12, 
            5, 
            0, 
            0, 
            4, 
            6, 
            3, 
            2, 
            2, 
            2, 
            8, 
            2, 
            10
        ]
    }, 
    "14": {
        "silhouette_score": 0.10784802790999599, 
        "labels": [
            5, 
            13, 
            6, 
            11, 
            10, 
            0, 
            12, 
            8, 
            7, 
            2, 
            9, 
            1, 
            1, 
            1, 
            4, 
            1, 
            3
        ]
    }, 
    "15": {
        "silhouette_score": 0.030653115692977712, 
        "labels": [
            4, 
            13, 
            3, 
            2, 
            11, 
            8, 
            9, 
            12, 
            6, 
            10, 
            7, 
            14, 
            14, 
            1, 
            5, 
            14, 
            0
        ]
    }, 
    "16": {
        "silhouette_score": 0.031844069227401954, 
        "labels": [
            4, 
            13, 
            3, 
            2, 
            11, 
            7, 
            12, 
            1, 
            9, 
            5, 
            8, 
            14, 
            0, 
            15, 
            6, 
            0, 
            10
        ]
    }
}