{
    "2": {
        "silhouette_score": 0.41962661758215281, 
        "labels": [
            0, 
            1, 
            0, 
            1, 
            0, 
            0
        ]
    }, 
    "3": {
        "silhouette_score": 0.29954727933462749, 
        "labels": [
            0, 
            1, 
            0, 
            2, 
            0, 
            0
        ]
    }, 
    "4": {
        "silhouette_score": 0.1628855006352212, 
        "labels": [
            3, 
            2, 
            0, 
            1, 
            0, 
            0
        ]
    }, 
    "5": {
        "silhouette_score": 0.087312501654429497, 
        "labels": [
            3, 
            2, 
            4, 
            0, 
            1, 
            4
        ]
    }
}