{
    "2": {
        "silhouette_score": 0.28972111578922838, 
        "labels": [
            1, 
            1, 
            1, 
            0, 
            1, 
            1
        ]
    }, 
    "3": {
        "silhouette_score": 0.1088068997087205, 
        "labels": [
            1, 
            0, 
            0, 
            2, 
            0, 
            0
        ]
    }, 
    "4": {
        "silhouette_score": 0.080035999629102531, 
        "labels": [
            0, 
            1, 
            3, 
            2, 
            1, 
            1
        ]
    }, 
    "5": {
        "silhouette_score": 0.038697807320850229, 
        "labels": [
            4, 
            2, 
            0, 
            1, 
            3, 
            2
        ]
    }
}