{
    "2": {
        "silhouette_score": 0.3540222466397569, 
        "labels": [
            0, 
            0, 
            0, 
            0, 
            0, 
            1, 
            0, 
            0, 
            0
        ]
    }, 
    "3": {
        "silhouette_score": 0.15488329955189586, 
        "labels": [
            1, 
            0, 
            1, 
            1, 
            1, 
            2, 
            1, 
            0, 
            0
        ]
    }, 
    "4": {
        "silhouette_score": 0.184810767748225, 
        "labels": [
            0, 
            2, 
            0, 
            0, 
            0, 
            1, 
            3, 
            2, 
            3
        ]
    }, 
    "5": {
        "silhouette_score": 0.16371087506005455, 
        "labels": [
            0, 
            1, 
            0, 
            4, 
            0, 
            2, 
            3, 
            1, 
            3
        ]
    }, 
    "6": {
        "silhouette_score": 0.14152554730653888, 
        "labels": [
            2, 
            0, 
            2, 
            1, 
            2, 
            3, 
            4, 
            0, 
            5
        ]
    }, 
    "7": {
        "silhouette_score": 0.12142898086088302, 
        "labels": [
            1, 
            5, 
            1, 
            4, 
            1, 
            0, 
            2, 
            6, 
            3
        ]
    }, 
    "8": {
        "silhouette_score": 0.012518895084319978, 
        "labels": [
            2, 
            6, 
            2, 
            0, 
            7, 
            3, 
            4, 
            1, 
            5
        ]
    }
}