{
    "2": {
        "silhouette_score": 0.3776225852173401, 
        "labels": [
            0, 
            1, 
            0, 
            0, 
            0, 
            1, 
            0, 
            0
        ]
    }, 
    "3": {
        "silhouette_score": 0.35999985672193729, 
        "labels": [
            1, 
            2, 
            0, 
            1, 
            1, 
            2, 
            1, 
            1
        ]
    }, 
    "4": {
        "silhouette_score": 0.30274503444380885, 
        "labels": [
            0, 
            1, 
            3, 
            0, 
            2, 
            1, 
            0, 
            0
        ]
    }, 
    "5": {
        "silhouette_score": 0.30769885339053965, 
        "labels": [
            0, 
            1, 
            2, 
            4, 
            3, 
            1, 
            0, 
            4
        ]
    }, 
    "6": {
        "silhouette_score": 0.23225308193018335, 
        "labels": [
            1, 
            0, 
            4, 
            3, 
            2, 
            0, 
            1, 
            5
        ]
    }, 
    "7": {
        "silhouette_score": 0.164509671267345, 
        "labels": [
            1, 
            0, 
            3, 
            5, 
            2, 
            0, 
            6, 
            4
        ]
    }
}