{
    "2": {
        "silhouette_score": 0.4886354563653299, 
        "labels": [
            1, 
            0, 
            1, 
            1, 
            1, 
            0, 
            0, 
            1, 
            1
        ]
    }, 
    "3": {
        "silhouette_score": 0.38806621083111109, 
        "labels": [
            2, 
            1, 
            0, 
            0, 
            0, 
            2, 
            2, 
            0, 
            0
        ]
    }, 
    "4": {
        "silhouette_score": 0.16616485816067886, 
        "labels": [
            2, 
            2, 
            1, 
            1, 
            3, 
            0, 
            2, 
            3, 
            1
        ]
    }, 
    "5": {
        "silhouette_score": 0.13497715954735623, 
        "labels": [
            2, 
            3, 
            0, 
            0, 
            0, 
            1, 
            2, 
            4, 
            0
        ]
    }, 
    "6": {
        "silhouette_score": 0.16356192582437207, 
        "labels": [
            2, 
            0, 
            4, 
            4, 
            1, 
            3, 
            5, 
            1, 
            4
        ]
    }, 
    "7": {
        "silhouette_score": 0.10321005473430175, 
        "labels": [
            2, 
            3, 
            0, 
            0, 
            6, 
            1, 
            5, 
            4, 
            0
        ]
    }, 
    "8": {
        "silhouette_score": 0.020609861579067936, 
        "labels": [
            5, 
            4, 
            7, 
            7, 
            6, 
            2, 
            1, 
            3, 
            0
        ]
    }
}