{
    "2": {
        "silhouette_score": 0.28433083843921658, 
        "labels": [
            0, 
            1, 
            0, 
            0, 
            1, 
            1, 
            1, 
            1, 
            1, 
            0, 
            0, 
            0, 
            0, 
            0, 
            0, 
            0, 
            1
        ]
    }, 
    "3": {
        "silhouette_score": 0.35468737237507897, 
        "labels": [
            2, 
            1, 
            2, 
            2, 
            1, 
            1, 
            1, 
            1, 
            1, 
            2, 
            2, 
            0, 
            0, 
            0, 
            2, 
            0, 
            1
        ]
    }, 
    "4": {
        "silhouette_score": 0.3592944356016497, 
        "labels": [
            2, 
            3, 
            2, 
            2, 
            3, 
            0, 
            0, 
            3, 
            0, 
            2, 
            2, 
            1, 
            1, 
            1, 
            2, 
            1, 
            0
        ]
    }, 
    "5": {
        "silhouette_score": 0.30593618070709033, 
        "labels": [
            0, 
            3, 
            4, 
            0, 
            3, 
            1, 
            1, 
            3, 
            1, 
            0, 
            4, 
            2, 
            2, 
            2, 
            4, 
            2, 
            1
        ]
    }, 
    "6": {
        "silhouette_score": 0.28568827268859037, 
        "labels": [
            1, 
            5, 
            4, 
            1, 
            5, 
            3, 
            0, 
            0, 
            3, 
            1, 
            1, 
            2, 
            2, 
            2, 
            4, 
            2, 
            3
        ]
    }, 
    "7": {
        "silhouette_score": 0.288070443944906, 
        "labels": [
            0, 
            4, 
            5, 
            0, 
            4, 
            3, 
            1, 
            1, 
            3, 
            0, 
            5, 
            2, 
            2, 
            2, 
            6, 
            2, 
            3
        ]
    }, 
    "8": {
        "silhouette_score": 0.31148669185331479, 
        "labels": [
            5, 
            0, 
            1, 
            5, 
            0, 
            3, 
            4, 
            4, 
            3, 
            5, 
            1, 
            2, 
            7, 
            2, 
            6, 
            7, 
            3
        ]
    }, 
    "9": {
        "silhouette_score": 0.30634576219206855, 
        "labels": [
            1, 
            4, 
            6, 
            8, 
            4, 
            2, 
            3, 
            3, 
            2, 
            1, 
            6, 
            7, 
            0, 
            7, 
            5, 
            0, 
            2
        ]
    }, 
    "10": {
        "silhouette_score": 0.2923682483754822, 
        "labels": [
            2, 
            4, 
            7, 
            9, 
            4, 
            3, 
            1, 
            1, 
            8, 
            2, 
            7, 
            0, 
            6, 
            0, 
            5, 
            6, 
            8
        ]
    }, 
    "11": {
        "silhouette_score": 0.26759305005680517, 
        "labels": [
            2, 
            0, 
            6, 
            8, 
            0, 
            1, 
            5, 
            10, 
            9, 
            2, 
            6, 
            7, 
            3, 
            7, 
            4, 
            3, 
            9
        ]
    }, 
    "12": {
        "silhouette_score": 0.23752176042314599, 
        "labels": [
            10, 
            3, 
            1, 
            9, 
            3, 
            7, 
            11, 
            6, 
            2, 
            5, 
            1, 
            4, 
            0, 
            4, 
            8, 
            0, 
            2
        ]
    }, 
    "13": {
        "silhouette_score": 0.21559488923696374, 
        "labels": [
            8, 
            3, 
            2, 
            6, 
            3, 
            0, 
            11, 
            4, 
            5, 
            9, 
            12, 
            7, 
            1, 
            7, 
            10, 
            1, 
            5
        ]
    }, 
    "14": {
        "silhouette_score": 0.16569790235320619, 
        "labels": [
            3, 
            1, 
            5, 
            9, 
            13, 
            6, 
            4, 
            10, 
            8, 
            11, 
            12, 
            7, 
            2, 
            7, 
            0, 
            2, 
            8
        ]
    }, 
    "15": {
        "silhouette_score": 0.14303377612251378, 
        "labels": [
            7, 
            13, 
            12, 
            8, 
            5, 
            9, 
            10, 
            4, 
            14, 
            11, 
            3, 
            1, 
            6, 
            1, 
            0, 
            6, 
            2
        ]
    }, 
    "16": {
        "silhouette_score": 0.084394563458943667, 
        "labels": [
            1, 
            13, 
            12, 
            10, 
            4, 
            5, 
            2, 
            11, 
            9, 
            8, 
            0, 
            6, 
            3, 
            15, 
            7, 
            3, 
            14
        ]
    }
}