{
    "2": {
        "silhouette_score": 0.19066092019912056, 
        "labels": [
            1, 
            0, 
            1, 
            1, 
            0, 
            1, 
            1, 
            1, 
            1, 
            1, 
            1, 
            0, 
            0, 
            1, 
            1, 
            0, 
            1
        ]
    }, 
    "3": {
        "silhouette_score": 0.22992154247114249, 
        "labels": [
            2, 
            1, 
            0, 
            0, 
            1, 
            2, 
            2, 
            2, 
            2, 
            0, 
            0, 
            1, 
            1, 
            1, 
            0, 
            1, 
            2
        ]
    }, 
    "4": {
        "silhouette_score": 0.21071135190394685, 
        "labels": [
            0, 
            1, 
            3, 
            2, 
            1, 
            0, 
            0, 
            0, 
            0, 
            2, 
            2, 
            1, 
            1, 
            0, 
            3, 
            1, 
            0
        ]
    }, 
    "5": {
        "silhouette_score": 0.16375296090181934, 
        "labels": [
            2, 
            1, 
            0, 
            0, 
            1, 
            2, 
            2, 
            2, 
            2, 
            0, 
            0, 
            3, 
            3, 
            3, 
            4, 
            1, 
            2
        ]
    }, 
    "6": {
        "silhouette_score": 0.17458785080982281, 
        "labels": [
            1, 
            3, 
            2, 
            5, 
            3, 
            1, 
            1, 
            1, 
            1, 
            5, 
            5, 
            0, 
            0, 
            1, 
            4, 
            3, 
            1
        ]
    }, 
    "7": {
        "silhouette_score": 0.1092984704704897, 
        "labels": [
            0, 
            1, 
            2, 
            5, 
            1, 
            0, 
            4, 
            4, 
            0, 
            5, 
            6, 
            3, 
            3, 
            0, 
            6, 
            1, 
            0
        ]
    }, 
    "8": {
        "silhouette_score": 0.12054586121221637, 
        "labels": [
            7, 
            2, 
            6, 
            1, 
            2, 
            5, 
            0, 
            0, 
            5, 
            1, 
            1, 
            3, 
            3, 
            7, 
            4, 
            2, 
            5
        ]
    }, 
    "9": {
        "silhouette_score": 0.10668811051695556, 
        "labels": [
            4, 
            6, 
            0, 
            3, 
            6, 
            4, 
            2, 
            2, 
            4, 
            3, 
            8, 
            5, 
            5, 
            1, 
            7, 
            6, 
            4
        ]
    }, 
    "10": {
        "silhouette_score": 0.10690461143747701, 
        "labels": [
            8, 
            4, 
            5, 
            3, 
            4, 
            2, 
            6, 
            6, 
            2, 
            3, 
            9, 
            0, 
            0, 
            1, 
            7, 
            4, 
            2
        ]
    }, 
    "11": {
        "silhouette_score": 0.10422378523378335, 
        "labels": [
            6, 
            0, 
            5, 
            2, 
            10, 
            6, 
            4, 
            4, 
            3, 
            2, 
            8, 
            7, 
            7, 
            1, 
            9, 
            0, 
            6
        ]
    }, 
    "12": {
        "silhouette_score": 0.10623588805830315, 
        "labels": [
            10, 
            0, 
            6, 
            1, 
            9, 
            2, 
            4, 
            4, 
            7, 
            1, 
            11, 
            5, 
            5, 
            8, 
            3, 
            0, 
            2
        ]
    }, 
    "13": {
        "silhouette_score": 0.093124877177914553, 
        "labels": [
            1, 
            12, 
            9, 
            5, 
            11, 
            6, 
            4, 
            4, 
            0, 
            5, 
            10, 
            7, 
            7, 
            8, 
            3, 
            2, 
            6
        ]
    }, 
    "14": {
        "silhouette_score": 0.077587517269710068, 
        "labels": [
            10, 
            1, 
            2, 
            3, 
            9, 
            13, 
            0, 
            0, 
            8, 
            12, 
            6, 
            5, 
            5, 
            7, 
            4, 
            11, 
            13
        ]
    }, 
    "15": {
        "silhouette_score": 0.066424390835516919, 
        "labels": [
            11, 
            8, 
            4, 
            5, 
            9, 
            14, 
            2, 
            2, 
            6, 
            13, 
            0, 
            1, 
            1, 
            10, 
            7, 
            12, 
            3
        ]
    }, 
    "16": {
        "silhouette_score": 0.037367069558919171, 
        "labels": [
            10, 
            13, 
            5, 
            3, 
            8, 
            14, 
            9, 
            9, 
            7, 
            12, 
            0, 
            15, 
            2, 
            4, 
            6, 
            11, 
            1
        ]
    }
}