{
    "2": {
        "silhouette_score": 0.29396221672777628, 
        "labels": [
            1, 
            1, 
            0, 
            1, 
            0, 
            1, 
            0, 
            1, 
            0, 
            1, 
            1, 
            0, 
            0, 
            1, 
            0, 
            1, 
            0, 
            0, 
            1, 
            1, 
            0, 
            0
        ]
    }, 
    "3": {
        "silhouette_score": 0.19729630427679606, 
        "labels": [
            1, 
            1, 
            0, 
            0, 
            0, 
            1, 
            0, 
            1, 
            2, 
            1, 
            1, 
            0, 
            2, 
            0, 
            0, 
            1, 
            0, 
            0, 
            1, 
            1, 
            0, 
            2
        ]
    }, 
    "4": {
        "silhouette_score": 0.18158259755386882, 
        "labels": [
            0, 
            1, 
            0, 
            0, 
            0, 
            1, 
            2, 
            1, 
            3, 
            1, 
            1, 
            0, 
            3, 
            2, 
            0, 
            1, 
            0, 
            2, 
            1, 
            1, 
            2, 
            0
        ]
    }, 
    "5": {
        "silhouette_score": 0.1375115791085986, 
        "labels": [
            0, 
            0, 
            2, 
            2, 
            2, 
            0, 
            4, 
            0, 
            1, 
            2, 
            0, 
            2, 
            1, 
            3, 
            4, 
            0, 
            4, 
            4, 
            2, 
            0, 
            4, 
            4
        ]
    }, 
    "6": {
        "silhouette_score": 0.17310548575609855, 
        "labels": [
            4, 
            1, 
            4, 
            2, 
            2, 
            1, 
            2, 
            1, 
            3, 
            1, 
            4, 
            2, 
            3, 
            5, 
            0, 
            1, 
            0, 
            2, 
            1, 
            1, 
            2, 
            0
        ]
    }, 
    "7": {
        "silhouette_score": 0.10497771664171132, 
        "labels": [
            0, 
            4, 
            6, 
            2, 
            2, 
            0, 
            1, 
            0, 
            1, 
            4, 
            5, 
            6, 
            3, 
            4, 
            1, 
            4, 
            1, 
            2, 
            4, 
            0, 
            2, 
            1
        ]
    }, 
    "8": {
        "silhouette_score": 0.097256528497143183, 
        "labels": [
            2, 
            6, 
            5, 
            2, 
            0, 
            2, 
            3, 
            2, 
            3, 
            7, 
            2, 
            5, 
            4, 
            1, 
            0, 
            2, 
            0, 
            3, 
            7, 
            6, 
            3, 
            0
        ]
    }, 
    "9": {
        "silhouette_score": 0.10896835826482185, 
        "labels": [
            8, 
            2, 
            6, 
            0, 
            0, 
            2, 
            3, 
            2, 
            7, 
            1, 
            2, 
            6, 
            4, 
            5, 
            3, 
            2, 
            3, 
            3, 
            1, 
            2, 
            0, 
            3
        ]
    }, 
    "10": {
        "silhouette_score": 0.082589535815944803, 
        "labels": [
            9, 
            2, 
            4, 
            2, 
            0, 
            8, 
            7, 
            8, 
            3, 
            1, 
            4, 
            4, 
            6, 
            5, 
            0, 
            2, 
            0, 
            7, 
            2, 
            8, 
            7, 
            0
        ]
    }, 
    "11": {
        "silhouette_score": 0.09913538977259552, 
        "labels": [
            4, 
            10, 
            6, 
            0, 
            0, 
            0, 
            8, 
            2, 
            7, 
            9, 
            6, 
            6, 
            5, 
            3, 
            1, 
            2, 
            1, 
            8, 
            2, 
            10, 
            8, 
            1
        ]
    }, 
    "12": {
        "silhouette_score": 0.15401891128166009, 
        "labels": [
            0, 
            4, 
            6, 
            2, 
            2, 
            8, 
            9, 
            8, 
            11, 
            10, 
            7, 
            6, 
            3, 
            5, 
            1, 
            10, 
            1, 
            9, 
            10, 
            4, 
            9, 
            1
        ]
    }, 
    "13": {
        "silhouette_score": 0.14893035313524502, 
        "labels": [
            11, 
            7, 
            9, 
            2, 
            2, 
            5, 
            8, 
            5, 
            4, 
            10, 
            0, 
            9, 
            6, 
            3, 
            1, 
            10, 
            12, 
            8, 
            10, 
            7, 
            8, 
            12
        ]
    }, 
    "14": {
        "silhouette_score": 0.096183884815409015, 
        "labels": [
            12, 
            2, 
            8, 
            11, 
            11, 
            6, 
            9, 
            6, 
            3, 
            1, 
            4, 
            8, 
            7, 
            5, 
            0, 
            6, 
            10, 
            9, 
            11, 
            2, 
            0, 
            13
        ]
    }, 
    "15": {
        "silhouette_score": 0.10324208326405217, 
        "labels": [
            11, 
            13, 
            4, 
            8, 
            1, 
            6, 
            5, 
            6, 
            9, 
            8, 
            7, 
            4, 
            3, 
            0, 
            10, 
            2, 
            14, 
            5, 
            8, 
            13, 
            1, 
            12
        ]
    }, 
    "16": {
        "silhouette_score": 0.13016378133958081, 
        "labels": [
            9, 
            11, 
            0, 
            12, 
            12, 
            6, 
            7, 
            6, 
            4, 
            10, 
            8, 
            0, 
            3, 
            5, 
            2, 
            1, 
            13, 
            7, 
            1, 
            11, 
            15, 
            14
        ]
    }, 
    "17": {
        "silhouette_score": 0.11452574757328766, 
        "labels": [
            10, 
            1, 
            3, 
            2, 
            2, 
            7, 
            5, 
            7, 
            9, 
            6, 
            11, 
            14, 
            0, 
            4, 
            12, 
            15, 
            8, 
            5, 
            15, 
            1, 
            16, 
            13
        ]
    }, 
    "18": {
        "silhouette_score": 0.09542112886579289, 
        "labels": [
            7, 
            10, 
            9, 
            17, 
            12, 
            0, 
            8, 
            0, 
            11, 
            5, 
            6, 
            14, 
            4, 
            3, 
            13, 
            16, 
            15, 
            8, 
            16, 
            10, 
            2, 
            1
        ]
    }, 
    "19": {
        "silhouette_score": 0.079368900803305886,