{
    "2": {
        "silhouette_score": 0.24483827054506041, 
        "labels": [
            1, 
            0, 
            0, 
            1, 
            1, 
            1, 
            0, 
            0, 
            1, 
            0, 
            0, 
            1, 
            0, 
            0, 
            1, 
            0, 
            0, 
            0, 
            0, 
            0, 
            1, 
            1
        ]
    }, 
    "3": {
        "silhouette_score": 0.11427742095770185, 
        "labels": [
            0, 
            0, 
            2, 
            0, 
            0, 
            0, 
            0, 
            0, 
            0, 
            0, 
            1, 
            0, 
            0, 
            0, 
            0, 
            2, 
            0, 
            0, 
            0, 
            0, 
            0, 
            0
        ]
    }, 
    "4": {
        "silhouette_score": 0.20209862065595283, 
        "labels": [
            3, 
            1, 
            2, 
            0, 
            0, 
            0, 
            2, 
            2, 
            0, 
            1, 
            1, 
            2, 
            2, 
            2, 
            2, 
            2, 
            2, 
            2, 
            2, 
            2, 
            0, 
            0
        ]
    }, 
    "5": {
        "silhouette_score": 0.051542715772753246, 
        "labels": [
            2, 
            0, 
            0, 
            3, 
            3, 
            3, 
            0, 
            0, 
            3, 
            0, 
            0, 
            3, 
            4, 
            0, 
            3, 
            0, 
            0, 
            3, 
            0, 
            0, 
            1, 
            3
        ]
    }, 
    "6": {
        "silhouette_score": 0.12932149221470859, 
        "labels": [
            3, 
            0, 
            2, 
            1, 
            4, 
            4, 
            2, 
            2, 
            4, 
            0, 
            5, 
            1, 
            2, 
            2, 
            1, 
            2, 
            2, 
            2, 
            2, 
            2, 
            4, 
            1
        ]
    }, 
    "7": {
        "silhouette_score": 0.10972307149401414, 
        "labels": [
            4, 
            2, 
            3, 
            6, 
            6, 
            6, 
            2, 
            2, 
            6, 
            2, 
            5, 
            6, 
            1, 
            2, 
            1, 
            3, 
            2, 
            2, 
            2, 
            2, 
            6, 
            0
        ]
    }, 
    "8": {
        "silhouette_score": 0.14164194676183361, 
        "labels": [
            1, 
            5, 
            2, 
            3, 
            3, 
            3, 
            4, 
            0, 
            3, 
            5, 
            6, 
            7, 
            4, 
            4, 
            7, 
            2, 
            4, 
            0, 
            4, 
            4, 
            3, 
            3
        ]
    }, 
    "9": {
        "silhouette_score": 0.15500622860089933, 
        "labels": [
            3, 
            5, 
            8, 
            0, 
            0, 
            0, 
            1, 
            4, 
            0, 
            5, 
            2, 
            0, 
            6, 
            1, 
            7, 
            8, 
            1, 
            4, 
            4, 
            1, 
            0, 
            0
        ]
    }, 
    "10": {
        "silhouette_score": 0.14338803406141198, 
        "labels": [
            2, 
            4, 
            6, 
            9, 
            3, 
            3, 
            1, 
            1, 
            3, 
            7, 
            5, 
            0, 
            8, 
            1, 
            0, 
            6, 
            1, 
            0, 
            1, 
            1, 
            3, 
            3
        ]
    }, 
    "11": {
        "silhouette_score": 0.10352392697044398, 
        "labels": [
            3, 
            2, 
            9, 
            0, 
            0, 
            0, 
            7, 
            7, 
            0, 
            10, 
            5, 
            1, 
            6, 
            7, 
            8, 
            4, 
            7, 
            1, 
            7, 
            7, 
            0, 
            0
        ]
    }, 
    "12": {
        "silhouette_score": 0.1411377970362549, 
        "labels": [
            3, 
            4, 
            8, 
            2, 
            2, 
            2, 
            5, 
            9, 
            2, 
            11, 
            6, 
            5, 
            7, 
            5, 
            10, 
            8, 
            5, 
            0, 
            9, 
            1, 
            2, 
            2
        ]
    }, 
    "13": {
        "silhouette_score": 0.081947264078424023, 
        "labels": [
            7, 
            0, 
            10, 
            12, 
            11, 
            11, 
            4, 
            4, 
            11, 
            8, 
            6, 
            4, 
            9, 
            4, 
            2, 
            3, 
            4, 
            4, 
            4, 
            4, 
            1, 
            5
        ]
    }, 
    "14": {
        "silhouette_score": 0.059995659007130928, 
        "labels": [
            3, 
            7, 
            5, 
            11, 
            11, 
            8, 
            2, 
            0, 
            11, 
            13, 
            4, 
            2, 
            6, 
            2, 
            12, 
            9, 
            2, 
            10, 
            0, 
            2, 
            11, 
            1
        ]
    }, 
    "15": {
        "silhouette_score": 0.093767213275696329, 
        "labels": [
            6, 
            3, 
            5, 
            8, 
            7, 
            7, 
            1, 
            9, 
            7, 
            10, 
            4, 
            1, 
            11, 
            1, 
            12, 
            13, 
            1, 
            14, 
            9, 
            1, 
            0, 
            2
        ]
    }, 
    "16": {
        "silhouette_score": 0.051465566799135061, 
        "labels": [
            3, 
            11, 
            12, 
            9, 
            8, 
            8, 
            10, 
            4, 
            8, 
            0, 
            7, 
            1, 
            6, 
            1, 
            14, 
            5, 
            10, 
            15, 
            4, 
            13, 
            2, 
            8
        ]
    }, 
    "17": {
        "silhouette_score": 0.050412600265159126, 
        "labels": [
            2, 
            3, 
            6, 
            10, 
            7, 
            4, 
            1, 
            11, 
            7, 
            8, 
            5, 
            1, 
            9, 
            1, 
            0, 
            12, 
            16, 
            13, 
            11, 
            14, 
            7, 
            15
        ]
    }, 
    "18": {
        "silhouette_score": 0.046916336797021257, 
        "labels": [
            4, 
            10, 
            7, 
            13, 
            2, 
            2, 
            12, 
            8, 
            2, 
            3, 
            6, 
            12, 
            11, 
            12, 
            9, 
            15, 
            5, 
            0, 
            17, 
            1, 
            14, 
            16
        ]
    }, 
    "19": {
        "silhouette_score": 0.066741406898376057,