{
    "2": {
        "silhouette_score": 0.27565275873418743, 
        "labels": [
            1, 
            0, 
            0, 
            1, 
            1, 
            1, 
            0, 
            0, 
            1, 
            0, 
            0, 
            1, 
            1, 
            1, 
            1, 
            0, 
            0, 
            0, 
            0, 
            0, 
            1, 
            1
        ]
    }, 
    "3": {
        "silhouette_score": 0.27767627120366728, 
        "labels": [
            2, 
            1, 
            1, 
            2, 
            2, 
            2, 
            1, 
            1, 
            2, 
            1, 
            1, 
            2, 
            0, 
            2, 
            0, 
            1, 
            1, 
            1, 
            1, 
            1, 
            2, 
            2
        ]
    }, 
    "4": {
        "silhouette_score": 0.27331223432138929, 
        "labels": [
            2, 
            3, 
            1, 
            2, 
            2, 
            2, 
            3, 
            3, 
            2, 
            1, 
            3, 
            3, 
            0, 
            3, 
            0, 
            1, 
            3, 
            3, 
            3, 
            3, 
            2, 
            2
        ]
    }, 
    "5": {
        "silhouette_score": 0.24840751209631556, 
        "labels": [
            1, 
            2, 
            0, 
            1, 
            1, 
            1, 
            4, 
            2, 
            1, 
            0, 
            3, 
            4, 
            4, 
            4, 
            4, 
            0, 
            4, 
            4, 
            2, 
            4, 
            1, 
            1
        ]
    }, 
    "6": {
        "silhouette_score": 0.25908220290732553, 
        "labels": [
            1, 
            0, 
            3, 
            1, 
            1, 
            1, 
            4, 
            0, 
            1, 
            3, 
            2, 
            4, 
            5, 
            4, 
            5, 
            3, 
            4, 
            4, 
            0, 
            4, 
            1, 
            1
        ]
    }, 
    "7": {
        "silhouette_score": 0.23120346489073029, 
        "labels": [
            5, 
            4, 
            2, 
            6, 
            6, 
            6, 
            3, 
            3, 
            6, 
            2, 
            4, 
            3, 
            1, 
            3, 
            1, 
            0, 
            3, 
            3, 
            3, 
            3, 
            6, 
            6
        ]
    }, 
    "8": {
        "silhouette_score": 0.26429396522407095, 
        "labels": [
            7, 
            5, 
            0, 
            2, 
            2, 
            2, 
            1, 
            5, 
            2, 
            0, 
            3, 
            1, 
            4, 
            1, 
            6, 
            0, 
            1, 
            1, 
            5, 
            1, 
            2, 
            2
        ]
    }, 
    "9": {
        "silhouette_score": 0.14654811621647534, 
        "labels": [
            6, 
            3, 
            0, 
            2, 
            2, 
            2, 
            8, 
            8, 
            2, 
            0, 
            5, 
            8, 
            7, 
            8, 
            4, 
            0, 
            1, 
            8, 
            8, 
            1, 
            2, 
            2
        ]
    }, 
    "10": {
        "silhouette_score": 0.1934327455319152, 
        "labels": [
            6, 
            0, 
            9, 
            7, 
            2, 
            2, 
            1, 
            0, 
            2, 
            3, 
            4, 
            1, 
            8, 
            1, 
            5, 
            9, 
            1, 
            1, 
            0, 
            1, 
            2, 
            2
        ]
    }, 
    "11": {
        "silhouette_score": 0.17448297298820251, 
        "labels": [
            6, 
            10, 
            2, 
            8, 
            0, 
            0, 
            9, 
            1, 
            0, 
            2, 
            5, 
            9, 
            7, 
            9, 
            4, 
            2, 
            3, 
            9, 
            1, 
            3, 
            0, 
            0
        ]
    }, 
    "12": {
        "silhouette_score": 0.14470846814529914, 
        "labels": [
            7, 
            8, 
            4, 
            9, 
            9, 
            2, 
            11, 
            6, 
            9, 
            4, 
            1, 
            11, 
            3, 
            11, 
            5, 
            0, 
            10, 
            0, 
            6, 
            10, 
            2, 
            9
        ]
    }, 
    "13": {
        "silhouette_score": 0.091549373171298451, 
        "labels": [
            7, 
            10, 
            3, 
            6, 
            6, 
            6, 
            4, 
            2, 
            6, 
            3, 
            0, 
            4, 
            5, 
            4, 
            9, 
            8, 
            11, 
            4, 
            12, 
            11, 
            1, 
            6
        ]
    }, 
    "14": {
        "silhouette_score": 0.097069855162022822, 
        "labels": [
            4, 
            1, 
            3, 
            11, 
            6, 
            6, 
            8, 
            12, 
            6, 
            3, 
            5, 
            2, 
            7, 
            8, 
            9, 
            13, 
            8, 
            10, 
            12, 
            8, 
            0, 
            6
        ]
    }, 
    "15": {
        "silhouette_score": 0.09915181559709775, 
        "labels": [
            9, 
            14, 
            12, 
            10, 
            7, 
            7, 
            0, 
            6, 
            7, 
            1, 
            4, 
            0, 
            5, 
            0, 
            3, 
            8, 
            13, 
            11, 
            6, 
            13, 
            2, 
            7
        ]
    }, 
    "16": {
        "silhouette_score": 0.020593400608187578, 
        "labels": [
            4, 
            12, 
            15, 
            10, 
            10, 
            10, 
            13, 
            8, 
            10, 
            2, 
            3, 
            13, 
            5, 
            1, 
            6, 
            9, 
            14, 
            1, 
            11, 
            14, 
            7, 
            0
        ]
    }, 
    "17": {
        "silhouette_score": 0.061808635093408996, 
        "labels": [
            8, 
            10, 
            3, 
            9, 
            12, 
            12, 
            13, 
            5, 
            12, 
            3, 
            2, 
            15, 
            7, 
            13, 
            6, 
            14, 
            1, 
            11, 
            16, 
            1, 
            0, 
            4
        ]
    }, 
    "18": {
        "silhouette_score": 0.075828799910180891, 
        "labels": [
            5, 
            9, 
            17, 
            11, 
            1, 
            7, 
            10, 
            15, 
            1, 
            4, 
            3, 
            2, 
            6, 
            10, 
            8, 
            13, 
            14, 
            12, 
            0, 
            14, 
            7, 
            16
        ]
    }, 
    "19": {
        "silhouette_score": 0.059716728120321534,