{
    "2": {
        "silhouette_score": 0.36682125952785882, 
        "labels": [
            0, 
            0, 
            0, 
            0, 
            0, 
            1, 
            0, 
            0, 
            0
        ]
    }, 
    "3": {
        "silhouette_score": 0.1748060841962856, 
        "labels": [
            1, 
            0, 
            1, 
            1, 
            1, 
            2, 
            1, 
            0, 
            0
        ]
    }, 
    "4": {
        "silhouette_score": 0.1807051713049774, 
        "labels": [
            1, 
            0, 
            1, 
            1, 
            1, 
            2, 
            3, 
            0, 
            0
        ]
    }, 
    "5": {
        "silhouette_score": 0.17890176674518141, 
        "labels": [
            3, 
            2, 
            3, 
            1, 
            3, 
            4, 
            0, 
            2, 
            0
        ]
    }, 
    "6": {
        "silhouette_score": 0.17803645370024368, 
        "labels": [
            2, 
            0, 
            2, 
            1, 
            2, 
            4, 
            5, 
            3, 
            3
        ]
    }, 
    "7": {
        "silhouette_score": 0.13668337280512582, 
        "labels": [
            0, 
            6, 
            0, 
            5, 
            0, 
            1, 
            2, 
            3, 
            4
        ]
    }, 
    "8": {
        "silhouette_score": 0.032603511791591336, 
        "labels": [
            7, 
            4, 
            7, 
            5, 
            0, 
            1, 
            2, 
            3, 
            6
        ]
    }
}