{
    "2": {
        "silhouette_score": 0.29007444030315821, 
        "labels": [
            0, 
            0, 
            0, 
            1, 
            0, 
            0, 
            1, 
            1
        ]
    }, 
    "3": {
        "silhouette_score": 0.27211456744348295, 
        "labels": [
            0, 
            0, 
            2, 
            1, 
            0, 
            2, 
            1, 
            1
        ]
    }, 
    "4": {
        "silhouette_score": 0.091064633924799285, 
        "labels": [
            2, 
            1, 
            3, 
            0, 
            1, 
            1, 
            0, 
            0
        ]
    }, 
    "5": {
        "silhouette_score": 0.13231287331237368, 
        "labels": [
            1, 
            1, 
            0, 
            2, 
            1, 
            4, 
            3, 
            2
        ]
    }, 
    "6": {
        "silhouette_score": 0.067646148204228401, 
        "labels": [
            1, 
            5, 
            2, 
            0, 
            1, 
            3, 
            4, 
            0
        ]
    }, 
    "7": {
        "silhouette_score": 0.069482659074659628, 
        "labels": [
            4, 
            5, 
            2, 
            3, 
            0, 
            6, 
            1, 
            3
        ]
    }
}