{
    "2": {
        "silhouette_score": 0.089039220256023968, 
        "labels": [
            0, 
            1, 
            0, 
            0, 
            0, 
            0, 
            1, 
            1, 
            1, 
            0, 
            1, 
            0, 
            1, 
            1, 
            0, 
            1, 
            0
        ]
    }, 
    "3": {
        "silhouette_score": 0.13764839477353027, 
        "labels": [
            1, 
            2, 
            0, 
            0, 
            2, 
            1, 
            0, 
            0, 
            0, 
            1, 
            0, 
            1, 
            0, 
            0, 
            0, 
            0, 
            0
        ]
    }, 
    "4": {
        "silhouette_score": 0.11888419830147604, 
        "labels": [
            1, 
            0, 
            2, 
            1, 
            0, 
            3, 
            2, 
            2, 
            3, 
            1, 
            1, 
            1, 
            1, 
            1, 
            3, 
            1, 
            1
        ]
    }, 
    "5": {
        "silhouette_score": 0.15026279527195061, 
        "labels": [
            4, 
            1, 
            4, 
            4, 
            1, 
            0, 
            4, 
            4, 
            2, 
            0, 
            4, 
            4, 
            4, 
            4, 
            3, 
            1, 
            4
        ]
    }, 
    "6": {
        "silhouette_score": 0.080039883024201633, 
        "labels": [
            2, 
            0, 
            2, 
            1, 
            0, 
            5, 
            2, 
            2, 
            3, 
            2, 
            4, 
            2, 
            1, 
            4, 
            5, 
            1, 
            2
        ]
    }, 
    "7": {
        "silhouette_score": 0.11001197742052263, 
        "labels": [
            6, 
            5, 
            1, 
            3, 
            5, 
            0, 
            1, 
            1, 
            4, 
            0, 
            1, 
            0, 
            3, 
            3, 
            2, 
            5, 
            3
        ]
    }, 
    "8": {
        "silhouette_score": 0.1108858760065875, 
        "labels": [
            1, 
            2, 
            1, 
            3, 
            2, 
            5, 
            7, 
            7, 
            4, 
            5, 
            7, 
            5, 
            3, 
            0, 
            6, 
            3, 
            3
        ]
    }, 
    "9": {
        "silhouette_score": 0.05818812977504851, 
        "labels": [
            6, 
            5, 
            2, 
            4, 
            5, 
            6, 
            2, 
            2, 
            3, 
            6, 
            1, 
            0, 
            4, 
            4, 
            7, 
            8, 
            4
        ]
    }, 
    "10": {
        "silhouette_score": 0.10064797403548696, 
        "labels": [
            8, 
            9, 
            8, 
            2, 
            5, 
            1, 
            4, 
            4, 
            3, 
            1, 
            7, 
            1, 
            2, 
            2, 
            6, 
            0, 
            2
        ]
    }, 
    "11": {
        "silhouette_score": 0.056089403517971197, 
        "labels": [
            8, 
            3, 
            2, 
            1, 
            3, 
            6, 
            7, 
            7, 
            4, 
            6, 
            0, 
            8, 
            8, 
            9, 
            5, 
            10, 
            8
        ]
    }, 
    "12": {
        "silhouette_score": 0.050008575303237914, 
        "labels": [
            6, 
            2, 
            10, 
            0, 
            11, 
            7, 
            3, 
            3, 
            4, 
            7, 
            9, 
            1, 
            0, 
            8, 
            5, 
            0, 
            0
        ]
    }, 
    "13": {
        "silhouette_score": 0.037987402182084136, 
        "labels": [
            7, 
            3, 
            11, 
            1, 
            12, 
            10, 
            0, 
            0, 
            2, 
            4, 
            0, 
            9, 
            11, 
            5, 
            6, 
            8, 
            11
        ]
    }, 
    "14": {
        "silhouette_score": 0.06100988693630751, 
        "labels": [
            7, 
            3, 
            2, 
            10, 
            9, 
            1, 
            8, 
            8, 
            4, 
            11, 
            0, 
            13, 
            2, 
            12, 
            5, 
            6, 
            2
        ]
    }, 
    "15": {
        "silhouette_score": 0.068695370351999796, 
        "labels": [
            6, 
            3, 
            14, 
            9, 
            8, 
            4, 
            1, 
            1, 
            5, 
            12, 
            13, 
            10, 
            7, 
            2, 
            0, 
            11, 
            7
        ]
    }, 
    "16": {
        "silhouette_score": 0.030423403624293337, 
        "labels": [
            6, 
            9, 
            10, 
            14, 
            4, 
            5, 
            0, 
            0, 
            3, 
            12, 
            8, 
            7, 
            1, 
            13, 
            2, 
            11, 
            15
        ]
    }
}