{
    "2": {
        "silhouette_score": 0.28230539757401363, 
        "labels": [
            1, 
            0, 
            1, 
            1, 
            0, 
            0, 
            1, 
            1
        ]
    }, 
    "3": {
        "silhouette_score": 0.33673434297033722, 
        "labels": [
            0, 
            1, 
            2, 
            0, 
            1, 
            1, 
            0, 
            0
        ]
    }, 
    "4": {
        "silhouette_score": 0.25652787052575104, 
        "labels": [
            3, 
            1, 
            2, 
            0, 
            1, 
            1, 
            3, 
            3
        ]
    }, 
    "5": {
        "silhouette_score": 0.23207141016572838, 
        "labels": [
            0, 
            1, 
            2, 
            4, 
            3, 
            1, 
            0, 
            0
        ]
    }, 
    "6": {
        "silhouette_score": 0.18472615184926158, 
        "labels": [
            4, 
            3, 
            2, 
            5, 
            0, 
            3, 
            4, 
            1
        ]
    }, 
    "7": {
        "silhouette_score": 0.12300173078706744, 
        "labels": [
            6, 
            1, 
            3, 
            5, 
            2, 
            1, 
            4, 
            0
        ]
    }
}