{
    "2": {
        "silhouette_score": 0.30833016610536185, 
        "labels": [
            0, 
            0, 
            0, 
            0, 
            0, 
            1, 
            0, 
            0, 
            0
        ]
    }, 
    "3": {
        "silhouette_score": 0.28209390460037748, 
        "labels": [
            0, 
            0, 
            0, 
            0, 
            0, 
            1, 
            0, 
            0, 
            2
        ]
    }, 
    "4": {
        "silhouette_score": 0.089607887173325587, 
        "labels": [
            1, 
            2, 
            2, 
            1, 
            1, 
            0, 
            2, 
            2, 
            3
        ]
    }, 
    "5": {
        "silhouette_score": 0.066113278736654596, 
        "labels": [
            2, 
            3, 
            2, 
            0, 
            3, 
            4, 
            3, 
            3, 
            1
        ]
    }, 
    "6": {
        "silhouette_score": 0.066835792034081229, 
        "labels": [
            1, 
            2, 
            2, 
            0, 
            1, 
            5, 
            4, 
            2, 
            3
        ]
    }, 
    "7": {
        "silhouette_score": 0.076246590816930609, 
        "labels": [
            1, 
            2, 
            4, 
            5, 
            1, 
            3, 
            6, 
            2, 
            0
        ]
    }, 
    "8": {
        "silhouette_score": 0.018570891843686054, 
        "labels": [
            3, 
            6, 
            5, 
            4, 
            0, 
            2, 
            7, 
            0, 
            1
        ]
    }
}