{
    "2": {
        "silhouette_score": 0.35333716261849918, 
        "labels": [
            0, 
            0, 
            0, 
            0, 
            0, 
            0, 
            0, 
            0, 
            0, 
            0, 
            0, 
            0, 
            0, 
            0, 
            0, 
            0, 
            1, 
            1, 
            0, 
            0, 
            0, 
            0
        ]
    }, 
    "3": {
        "silhouette_score": 0.10833175513007567, 
        "labels": [
            1, 
            0, 
            1, 
            1, 
            0, 
            1, 
            0, 
            1, 
            1, 
            1, 
            0, 
            1, 
            1, 
            1, 
            1, 
            1, 
            2, 
            2, 
            0, 
            0, 
            1, 
            1
        ]
    }, 
    "4": {
        "silhouette_score": 0.14562326852871971, 
        "labels": [
            1, 
            2, 
            1, 
            1, 
            1, 
            0, 
            2, 
            1, 
            0, 
            1, 
            2, 
            0, 
            1, 
            1, 
            1, 
            1, 
            3, 
            3, 
            2, 
            2, 
            1, 
            0
        ]
    }, 
    "5": {
        "silhouette_score": 0.14199972290620988, 
        "labels": [
            2, 
            1, 
            2, 
            2, 
            2, 
            1, 
            1, 
            4, 
            3, 
            2, 
            4, 
            3, 
            3, 
            2, 
            2, 
            2, 
            0, 
            0, 
            1, 
            2, 
            2, 
            3
        ]
    }, 
    "6": {
        "silhouette_score": 0.14498744425214191, 
        "labels": [
            1, 
            3, 
            1, 
            1, 
            1, 
            2, 
            5, 
            5, 
            2, 
            1, 
            5, 
            2, 
            1, 
            1, 
            1, 
            4, 
            0, 
            0, 
            3, 
            3, 
            1, 
            2
        ]
    }, 
    "7": {
        "silhouette_score": 0.15496381512917043, 
        "labels": [
            1, 
            5, 
            1, 
            1, 
            1, 
            6, 
            5, 
            3, 
            4, 
            1, 
            3, 
            1, 
            1, 
            1, 
            1, 
            0, 
            2, 
            2, 
            5, 
            5, 
            1, 
            4
        ]
    }, 
    "8": {
        "silhouette_score": 0.13173785096989166, 
        "labels": [
            1, 
            7, 
            1, 
            0, 
            0, 
            5, 
            7, 
            4, 
            3, 
            1, 
            4, 
            1, 
            6, 
            1, 
            0, 
            6, 
            2, 
            2, 
            7, 
            7, 
            0, 
            3
        ]
    }, 
    "9": {
        "silhouette_score": 0.121090163454756, 
        "labels": [
            4, 
            3, 
            4, 
            4, 
            1, 
            6, 
            3, 
            3, 
            5, 
            4, 
            3, 
            5, 
            8, 
            4, 
            1, 
            0, 
            2, 
            2, 
            7, 
            7, 
            1, 
            5
        ]
    }, 
    "10": {
        "silhouette_score": 0.12767639444171489, 
        "labels": [
            3, 
            7, 
            3, 
            3, 
            3, 
            6, 
            7, 
            4, 
            8, 
            3, 
            4, 
            1, 
            5, 
            3, 
            3, 
            9, 
            2, 
            2, 
            0, 
            0, 
            3, 
            1
        ]
    }, 
    "11": {
        "silhouette_score": 0.11895292947204372, 
        "labels": [
            2, 
            9, 
            2, 
            2, 
            1, 
            7, 
            3, 
            6, 
            0, 
            2, 
            6, 
            0, 
            8, 
            10, 
            1, 
            5, 
            4, 
            4, 
            9, 
            9, 
            1, 
            0
        ]
    }, 
    "12": {
        "silhouette_score": 0.10671142676934152, 
        "labels": [
            1, 
            3, 
            1, 
            1, 
            8, 
            7, 
            4, 
            11, 
            0, 
            1, 
            11, 
            9, 
            5, 
            10, 
            8, 
            6, 
            2, 
            2, 
            3, 
            3, 
            8, 
            9
        ]
    }, 
    "13": {
        "silhouette_score": 0.096653053858275675, 
        "labels": [
            6, 
            5, 
            6, 
            6, 
            0, 
            7, 
            10, 
            8, 
            12, 
            6, 
            2, 
            1, 
            11, 
            4, 
            0, 
            9, 
            3, 
            3, 
            5, 
            5, 
            0, 
            1
        ]
    }, 
    "14": {
        "silhouette_score": 0.086686600785676013, 
        "labels": [
            0, 
            1, 
            0, 
            0, 
            6, 
            2, 
            7, 
            13, 
            12, 
            0, 
            9, 
            3, 
            11, 
            8, 
            6, 
            10, 
            5, 
            5, 
            1, 
            4, 
            6, 
            3
        ]
    }, 
    "15": {
        "silhouette_score": 0.052737168495007938, 
        "labels": [
            0, 
            14, 
            0, 
            0, 
            6, 
            7, 
            3, 
            11, 
            4, 
            0, 
            8, 
            12, 
            5, 
            9, 
            6, 
            10, 
            1, 
            13, 
            14, 
            2, 
            6, 
            12
        ]
    }, 
    "16": {
        "silhouette_score": 0.066951028998270865, 
        "labels": [
            10, 
            4, 
            5, 
            1, 
            1, 
            7, 
            13, 
            12, 
            14, 
            5, 
            2, 
            0, 
            11, 
            6, 
            15, 
            8, 
            3, 
            3, 
            4, 
            9, 
            15, 
            0
        ]
    }, 
    "17": {
        "silhouette_score": 0.031315870120908119, 
        "labels": [
            0, 
            2, 
            5, 
            5, 
            8, 
            10, 
            4, 
            11, 
            3, 
            15, 
            6, 
            13, 
            9, 
            12, 
            8, 
            7, 
            1, 
            16, 
            2, 
            14, 
            8, 
            13
        ]
    }, 
    "18": {
        "silhouette_score": 0.026446984961340989, 
        "labels": [
            1, 
            4, 
            5, 
            5, 
            17, 
            10, 
            14, 
            3, 
            15, 
            16, 
            11, 
            7, 
            9, 
            13, 
            8, 
            6, 
            12, 
            2, 
            4, 
            0, 
            8, 
            7
        ]
    }, 
    "19": {
        "silhouette_score": 0.019223640548702053,