{
    "2": {
        "silhouette_score": 0.117137879989946, 
        "labels": [
            1, 
            0, 
            1, 
            0, 
            1, 
            0, 
            1, 
            0, 
            1
        ]
    }, 
    "3": {
        "silhouette_score": 0.11147430852901219, 
        "labels": [
            0, 
            2, 
            0, 
            1, 
            1, 
            2, 
            1, 
            1, 
            1
        ]
    }, 
    "4": {
        "silhouette_score": 0.10052845398314131, 
        "labels": [
            3, 
            2, 
            3, 
            1, 
            1, 
            2, 
            0, 
            1, 
            0
        ]
    }, 
    "5": {
        "silhouette_score": 0.072003920476880187, 
        "labels": [
            0, 
            3, 
            0, 
            1, 
            1, 
            4, 
            2, 
            1, 
            2
        ]
    }, 
    "6": {
        "silhouette_score": 0.057829650315474761, 
        "labels": [
            0, 
            1, 
            0, 
            2, 
            2, 
            5, 
            3, 
            2, 
            4
        ]
    }, 
    "7": {
        "silhouette_score": 0.036659956746094423, 
        "labels": [
            3, 
            5, 
            4, 
            1, 
            1, 
            0, 
            2, 
            1, 
            6
        ]
    }, 
    "8": {
        "silhouette_score": 0.021120876935857364, 
        "labels": [
            2, 
            3, 
            4, 
            7, 
            0, 
            1, 
            5, 
            0, 
            6
        ]
    }
}