{
    "2": {
        "silhouette_score": 0.43849098087467314, 
        "labels": [
            1, 
            0, 
            1, 
            0, 
            1, 
            1
        ]
    }, 
    "3": {
        "silhouette_score": 0.26819220376160852, 
        "labels": [
            1, 
            0, 
            1, 
            2, 
            1, 
            1
        ]
    }, 
    "4": {
        "silhouette_score": 0.21305428643485988, 
        "labels": [
            2, 
            1, 
            0, 
            1, 
            3, 
            0
        ]
    }, 
    "5": {
        "silhouette_score": 0.088078475654946323, 
        "labels": [
            2, 
            0, 
            1, 
            3, 
            4, 
            1
        ]
    }
}