{
    "2": {
        "silhouette_score": 0.15469525038630988, 
        "labels": [
            0, 
            0, 
            0, 
            1, 
            0, 
            0
        ]
    }, 
    "3": {
        "silhouette_score": 0.11438000123523794, 
        "labels": [
            2, 
            1, 
            1, 
            0, 
            1, 
            1
        ]
    }, 
    "4": {
        "silhouette_score": 0.10479111235579079, 
        "labels": [
            2, 
            0, 
            3, 
            1, 
            0, 
            0
        ]
    }, 
    "5": {
        "silhouette_score": 0.091172562099996302, 
        "labels": [
            4, 
            2, 
            1, 
            3, 
            0, 
            2
        ]
    }
}