{
    "2": {
        "silhouette_score": 0.22407007807524937, 
        "labels": [
            1, 
            0, 
            0, 
            0, 
            1, 
            0, 
            0, 
            1
        ]
    }, 
    "3": {
        "silhouette_score": 0.20459424400268506, 
        "labels": [
            1, 
            0, 
            2, 
            0, 
            1, 
            0, 
            0, 
            1
        ]
    }, 
    "4": {
        "silhouette_score": 0.065486911031930842, 
        "labels": [
            0, 
            1, 
            2, 
            3, 
            1, 
            1, 
            1, 
            0
        ]
    }, 
    "5": {
        "silhouette_score": 0.077418985676445312, 
        "labels": [
            1, 
            0, 
            2, 
            4, 
            1, 
            0, 
            3, 
            1
        ]
    }, 
    "6": {
        "silhouette_score": 0.067757481641648964, 
        "labels": [
            0, 
            2, 
            1, 
            3, 
            4, 
            2, 
            2, 
            5
        ]
    }, 
    "7": {
        "silhouette_score": 0.033775741162067004, 
        "labels": [
            1, 
            0, 
            3, 
            4, 
            6, 
            0, 
            5, 
            2
        ]
    }
}