{
    "2": {
        "silhouette_score": 0.60411381267718245, 
        "labels": [
            0, 
            0, 
            0, 
            1, 
            0, 
            0
        ]
    }, 
    "3": {
        "silhouette_score": 0.14143275671440583, 
        "labels": [
            0, 
            2, 
            2, 
            1, 
            2, 
            2
        ]
    }, 
    "4": {
        "silhouette_score": 0.27981032200338934, 
        "labels": [
            3, 
            2, 
            1, 
            0, 
            1, 
            1
        ]
    }, 
    "5": {
        "silhouette_score": 0.11905490094356923, 
        "labels": [
            3, 
            2, 
            4, 
            1, 
            0, 
            0
        ]
    }
}