{
    "2": {
        "silhouette_score": 0.60411419164183178, 
        "labels": [
            0, 
            0, 
            0, 
            1, 
            0, 
            0
        ]
    }, 
    "3": {
        "silhouette_score": 0.33998113247310774, 
        "labels": [
            0, 
            2, 
            0, 
            1, 
            0, 
            0
        ]
    }, 
    "4": {
        "silhouette_score": 0.27981283133130969, 
        "labels": [
            3, 
            2, 
            0, 
            1, 
            0, 
            0
        ]
    }, 
    "5": {
        "silhouette_score": 0.11905119388982237, 
        "labels": [
            3, 
            2, 
            4, 
            1, 
            0, 
            0
        ]
    }
}