{
    "2": {
        "silhouette_score": 0.27678459844142023, 
        "labels": [
            0, 
            1, 
            0, 
            0, 
            1, 
            1, 
            0, 
            0
        ]
    }, 
    "3": {
        "silhouette_score": 0.3277516901481568, 
        "labels": [
            1, 
            0, 
            2, 
            1, 
            0, 
            0, 
            1, 
            1
        ]
    }, 
    "4": {
        "silhouette_score": 0.25109875789164965, 
        "labels": [
            1, 
            0, 
            2, 
            3, 
            0, 
            0, 
            1, 
            1
        ]
    }, 
    "5": {
        "silhouette_score": 0.23572148209341071, 
        "labels": [
            0, 
            3, 
            2, 
            4, 
            1, 
            3, 
            0, 
            0
        ]
    }, 
    "6": {
        "silhouette_score": 0.18902774811043782, 
        "labels": [
            0, 
            1, 
            2, 
            3, 
            4, 
            1, 
            0, 
            5
        ]
    }, 
    "7": {
        "silhouette_score": 0.12751671580950735, 
        "labels": [
            3, 
            2, 
            0, 
            1, 
            4, 
            2, 
            6, 
            5
        ]
    }
}