{
    "2": {
        "silhouette_score": 0.29870122353933576, 
        "labels": [
            0, 
            1, 
            1, 
            1, 
            0, 
            0, 
            1, 
            1, 
            1, 
            1, 
            1, 
            1, 
            1, 
            0, 
            1, 
            0, 
            0, 
            0, 
            1, 
            1, 
            1, 
            1
        ]
    }, 
    "3": {
        "silhouette_score": 0.21741209582066923, 
        "labels": [
            1, 
            2, 
            2, 
            2, 
            2, 
            1, 
            2, 
            0, 
            2, 
            2, 
            0, 
            2, 
            0, 
            1, 
            2, 
            1, 
            1, 
            1, 
            2, 
            2, 
            0, 
            2
        ]
    }, 
    "4": {
        "silhouette_score": 0.22132534400444046, 
        "labels": [
            0, 
            3, 
            3, 
            3, 
            3, 
            1, 
            3, 
            2, 
            3, 
            3, 
            2, 
            3, 
            2, 
            1, 
            3, 
            1, 
            1, 
            1, 
            3, 
            3, 
            2, 
            3
        ]
    }, 
    "5": {
        "silhouette_score": 0.17795015439121079, 
        "labels": [
            3, 
            0, 
            0, 
            1, 
            1, 
            1, 
            0, 
            0, 
            0, 
            0, 
            0, 
            0, 
            2, 
            4, 
            1, 
            1, 
            4, 
            4, 
            1, 
            0, 
            0, 
            0
        ]
    }, 
    "6": {
        "silhouette_score": 0.13721283711861515, 
        "labels": [
            5, 
            2, 
            2, 
            0, 
            0, 
            1, 
            2, 
            2, 
            2, 
            2, 
            2, 
            2, 
            3, 
            4, 
            2, 
            1, 
            4, 
            4, 
            0, 
            0, 
            2, 
            0
        ]
    }, 
    "7": {
        "silhouette_score": 0.18483030156686409, 
        "labels": [
            0, 
            1, 
            1, 
            1, 
            1, 
            5, 
            1, 
            3, 
            1, 
            1, 
            3, 
            1, 
            2, 
            6, 
            1, 
            5, 
            4, 
            4, 
            1, 
            1, 
            3, 
            1
        ]
    }, 
    "8": {
        "silhouette_score": 0.18145622883168591, 
        "labels": [
            6, 
            1, 
            0, 
            1, 
            0, 
            5, 
            1, 
            4, 
            1, 
            0, 
            4, 
            1, 
            7, 
            3, 
            0, 
            5, 
            2, 
            2, 
            1, 
            1, 
            4, 
            1
        ]
    }, 
    "9": {
        "silhouette_score": 0.16782644052286974, 
        "labels": [
            3, 
            5, 
            5, 
            5, 
            1, 
            6, 
            0, 
            2, 
            0, 
            5, 
            2, 
            0, 
            7, 
            8, 
            1, 
            6, 
            4, 
            4, 
            5, 
            5, 
            2, 
            5
        ]
    }, 
    "10": {
        "silhouette_score": 0.18784639373108167, 
        "labels": [
            2, 
            6, 
            9, 
            0, 
            0, 
            3, 
            6, 
            1, 
            8, 
            9, 
            1, 
            8, 
            5, 
            7, 
            9, 
            3, 
            4, 
            4, 
            0, 
            0, 
            9, 
            0
        ]
    }, 
    "11": {
        "silhouette_score": 0.17572609059713598, 
        "labels": [
            6, 
            3, 
            3, 
            10, 
            10, 
            5, 
            3, 
            7, 
            0, 
            3, 
            7, 
            0, 
            4, 
            8, 
            9, 
            5, 
            2, 
            2, 
            1, 
            1, 
            7, 
            1
        ]
    }, 
    "12": {
        "silhouette_score": 0.18010728634860357, 
        "labels": [
            3, 
            8, 
            1, 
            10, 
            10, 
            5, 
            8, 
            9, 
            7, 
            1, 
            9, 
            7, 
            4, 
            0, 
            11, 
            5, 
            2, 
            2, 
            6, 
            6, 
            1, 
            7
        ]
    }, 
    "13": {
        "silhouette_score": 0.16395542471936436, 
        "labels": [
            4, 
            1, 
            11, 
            3, 
            3, 
            7, 
            1, 
            5, 
            6, 
            11, 
            5, 
            6, 
            2, 
            8, 
            9, 
            7, 
            0, 
            0, 
            10, 
            10, 
            12, 
            3
        ]
    }, 
    "14": {
        "silhouette_score": 0.15071931447496595, 
        "labels": [
            3, 
            8, 
            2, 
            0, 
            0, 
            13, 
            8, 
            11, 
            6, 
            2, 
            11, 
            6, 
            1, 
            5, 
            9, 
            4, 
            7, 
            7, 
            10, 
            10, 
            12, 
            6
        ]
    }, 
    "15": {
        "silhouette_score": 0.10315207776885688, 
        "labels": [
            5, 
            10, 
            1, 
            3, 
            3, 
            12, 
            9, 
            6, 
            9, 
            1, 
            6, 
            9, 
            0, 
            2, 
            11, 
            7, 
            4, 
            4, 
            13, 
            13, 
            14, 
            8
        ]
    }, 
    "16": {
        "silhouette_score": 0.096915023025390845, 
        "labels": [
            7, 
            10, 
            14, 
            4, 
            4, 
            9, 
            10, 
            1, 
            2, 
            14, 
            1, 
            2, 
            8, 
            5, 
            3, 
            6, 
            0, 
            11, 
            13, 
            13, 
            12, 
            15
        ]
    }, 
    "17": {
        "silhouette_score": 0.079911499266548711, 
        "labels": [
            6, 
            1, 
            15, 
            5, 
            5, 
            11, 
            1, 
            3, 
            10, 
            7, 
            3, 
            10, 
            8, 
            9, 
            14, 
            0, 
            16, 
            4, 
            13, 
            13, 
            12, 
            2
        ]
    }, 
    "18": {
        "silhouette_score": 0.072008820373300794, 
        "labels": [
            5, 
            17, 
            16, 
            9, 
            9, 
            11, 
            1, 
            4, 
            10, 
            8, 
            4, 
            10, 
            3, 
            6, 
            12, 
            2, 
            13, 
            0, 
            14, 
            14, 
            15, 
            7
        ]
    }, 
    "19": {
        "silhouette_score": 0.058030062944671258,