{
    "2": {
        "silhouette_score": 0.11046062379408952, 
        "labels": [
            1, 
            0, 
            1, 
            0, 
            0, 
            0, 
            0, 
            0, 
            1
        ]
    }, 
    "3": {
        "silhouette_score": 0.11404766016456534, 
        "labels": [
            1, 
            1, 
            1, 
            1, 
            1, 
            0, 
            1, 
            1, 
            2
        ]
    }, 
    "4": {
        "silhouette_score": 0.087319196459261408, 
        "labels": [
            3, 
            1, 
            3, 
            1, 
            1, 
            0, 
            1, 
            1, 
            2
        ]
    }, 
    "5": {
        "silhouette_score": 0.057353203820562811, 
        "labels": [
            2, 
            3, 
            2, 
            1, 
            1, 
            4, 
            3, 
            1, 
            0
        ]
    }, 
    "6": {
        "silhouette_score": 0.040452984100702222, 
        "labels": [
            4, 
            1, 
            2, 
            5, 
            1, 
            3, 
            1, 
            1, 
            0
        ]
    }, 
    "7": {
        "silhouette_score": 0.034117011586227791, 
        "labels": [
            0, 
            6, 
            5, 
            3, 
            1, 
            2, 
            6, 
            1, 
            4
        ]
    }, 
    "8": {
        "silhouette_score": 0.028618796094910987, 
        "labels": [
            7, 
            2, 
            4, 
            6, 
            1, 
            5, 
            0, 
            1, 
            3
        ]
    }
}