{
    "2": {
        "silhouette_score": 0.17654704762843287, 
        "labels": [
            1, 
            0, 
            1, 
            0, 
            0, 
            0, 
            1, 
            0
        ]
    }, 
    "3": {
        "silhouette_score": 0.1400371313156584, 
        "labels": [
            1, 
            2, 
            1, 
            2, 
            2, 
            0, 
            1, 
            2
        ]
    }, 
    "4": {
        "silhouette_score": 0.13387815342813866, 
        "labels": [
            3, 
            0, 
            1, 
            0, 
            0, 
            2, 
            3, 
            0
        ]
    }, 
    "5": {
        "silhouette_score": 0.12649263356810833, 
        "labels": [
            2, 
            4, 
            0, 
            1, 
            4, 
            3, 
            2, 
            1
        ]
    }, 
    "6": {
        "silhouette_score": 0.12612066304165453, 
        "labels": [
            1, 
            4, 
            3, 
            0, 
            2, 
            5, 
            1, 
            0
        ]
    }, 
    "7": {
        "silhouette_score": 0.066345175862227462, 
        "labels": [
            0, 
            1, 
            3, 
            2, 
            5, 
            4, 
            6, 
            2
        ]
    }
}