{
    "2": {
        "silhouette_score": 0.38241401027399502, 
        "labels": [
            1, 
            0, 
            1, 
            0, 
            1, 
            1
        ]
    }, 
    "3": {
        "silhouette_score": 0.27442111474551667, 
        "labels": [
            0, 
            2, 
            0, 
            1, 
            0, 
            0
        ]
    }, 
    "4": {
        "silhouette_score": 0.10736112465781671, 
        "labels": [
            3, 
            2, 
            0, 
            1, 
            0, 
            0
        ]
    }, 
    "5": {
        "silhouette_score": 0.1630507263996834, 
        "labels": [
            4, 
            2, 
            3, 
            1, 
            0, 
            3
        ]
    }
}