{
    "2": {
        "silhouette_score": 0.26096198777535951, 
        "labels": [
            1, 
            0, 
            1, 
            1, 
            0, 
            0, 
            0, 
            0, 
            0, 
            1, 
            1, 
            1, 
            1, 
            1, 
            1, 
            1, 
            0
        ]
    }, 
    "3": {
        "silhouette_score": 0.33463543478801172, 
        "labels": [
            1, 
            0, 
            1, 
            1, 
            0, 
            1, 
            0, 
            0, 
            0, 
            1, 
            1, 
            2, 
            2, 
            2, 
            1, 
            2, 
            0
        ]
    }, 
    "4": {
        "silhouette_score": 0.32479504099060025, 
        "labels": [
            2, 
            3, 
            2, 
            2, 
            3, 
            1, 
            1, 
            3, 
            1, 
            2, 
            2, 
            0, 
            0, 
            0, 
            2, 
            0, 
            1
        ]
    }, 
    "5": {
        "silhouette_score": 0.26817636949440071, 
        "labels": [
            4, 
            1, 
            0, 
            4, 
            1, 
            3, 
            3, 
            1, 
            3, 
            4, 
            0, 
            2, 
            2, 
            2, 
            0, 
            2, 
            3
        ]
    }, 
    "6": {
        "silhouette_score": 0.26381353744155972, 
        "labels": [
            1, 
            3, 
            4, 
            1, 
            3, 
            0, 
            0, 
            3, 
            0, 
            1, 
            4, 
            2, 
            5, 
            2, 
            4, 
            5, 
            0
        ]
    }, 
    "7": {
        "silhouette_score": 0.23138263993164224, 
        "labels": [
            3, 
            4, 
            3, 
            3, 
            4, 
            0, 
            5, 
            5, 
            0, 
            3, 
            3, 
            1, 
            6, 
            1, 
            2, 
            6, 
            0
        ]
    }, 
    "8": {
        "silhouette_score": 0.23420020927940163, 
        "labels": [
            2, 
            3, 
            6, 
            2, 
            3, 
            0, 
            5, 
            5, 
            0, 
            2, 
            6, 
            4, 
            1, 
            4, 
            7, 
            1, 
            0
        ]
    }, 
    "9": {
        "silhouette_score": 0.22548625384866755, 
        "labels": [
            5, 
            4, 
            2, 
            8, 
            4, 
            6, 
            1, 
            1, 
            6, 
            5, 
            2, 
            0, 
            3, 
            0, 
            7, 
            3, 
            6
        ]
    }, 
    "10": {
        "silhouette_score": 0.20777102499317537, 
        "labels": [
            2, 
            3, 
            6, 
            9, 
            3, 
            8, 
            7, 
            7, 
            0, 
            2, 
            6, 
            5, 
            1, 
            5, 
            4, 
            1, 
            0
        ]
    }, 
    "11": {
        "silhouette_score": 0.19399288077274504, 
        "labels": [
            7, 
            0, 
            9, 
            5, 
            0, 
            1, 
            4, 
            4, 
            8, 
            7, 
            3, 
            2, 
            6, 
            2, 
            10, 
            6, 
            8
        ]
    }, 
    "12": {
        "silhouette_score": 0.16796983776787652, 
        "labels": [
            0, 
            3, 
            9, 
            6, 
            3, 
            11, 
            1, 
            10, 
            5, 
            0, 
            4, 
            7, 
            2, 
            7, 
            8, 
            2, 
            5
        ]
    }, 
    "13": {
        "silhouette_score": 0.13470416279378669, 
        "labels": [
            6, 
            2, 
            8, 
            3, 
            11, 
            0, 
            5, 
            10, 
            12, 
            6, 
            4, 
            7, 
            1, 
            7, 
            9, 
            1, 
            12
        ]
    }, 
    "14": {
        "silhouette_score": 0.10918539920681421, 
        "labels": [
            12, 
            9, 
            10, 
            3, 
            4, 
            11, 
            8, 
            13, 
            1, 
            5, 
            7, 
            6, 
            0, 
            6, 
            2, 
            0, 
            1
        ]
    }, 
    "15": {
        "silhouette_score": 0.070455865756961611, 
        "labels": [
            14, 
            0, 
            2, 
            9, 
            12, 
            3, 
            11, 
            8, 
            4, 
            7, 
            10, 
            13, 
            5, 
            1, 
            6, 
            5, 
            4
        ]
    }, 
    "16": {
        "silhouette_score": 0.049294532763383449, 
        "labels": [
            13, 
            7, 
            8, 
            11, 
            9, 
            10, 
            12, 
            5, 
            15, 
            3, 
            6, 
            4, 
            0, 
            14, 
            2, 
            0, 
            1
        ]
    }
}