{
    "2": {
        "silhouette_score": 0.29565944632449842, 
        "labels": [
            1, 
            1, 
            0, 
            0, 
            0, 
            1, 
            1, 
            0, 
            0
        ]
    }, 
    "3": {
        "silhouette_score": 0.25618253895917231, 
        "labels": [
            0, 
            0, 
            1, 
            2, 
            1, 
            0, 
            0, 
            2, 
            1
        ]
    }, 
    "4": {
        "silhouette_score": 0.15035243681299459, 
        "labels": [
            0, 
            0, 
            3, 
            1, 
            1, 
            0, 
            0, 
            1, 
            2
        ]
    }, 
    "5": {
        "silhouette_score": 0.21030059735978851, 
        "labels": [
            2, 
            2, 
            4, 
            3, 
            1, 
            0, 
            2, 
            3, 
            1
        ]
    }, 
    "6": {
        "silhouette_score": 0.14816685829017961, 
        "labels": [
            2, 
            2, 
            5, 
            1, 
            3, 
            0, 
            2, 
            1, 
            4
        ]
    }, 
    "7": {
        "silhouette_score": 0.11029843732782454, 
        "labels": [
            2, 
            5, 
            4, 
            0, 
            3, 
            1, 
            2, 
            0, 
            6
        ]
    }, 
    "8": {
        "silhouette_score": 0.053186011505868221, 
        "labels": [
            0, 
            7, 
            4, 
            6, 
            1, 
            2, 
            0, 
            3, 
            5
        ]
    }
}