{
    "2": {
        "silhouette_score": 0.46960917991422885, 
        "labels": [
            0, 
            0, 
            0, 
            1, 
            0, 
            0
        ]
    }, 
    "3": {
        "silhouette_score": 0.28919439250831358, 
        "labels": [
            0, 
            2, 
            0, 
            1, 
            0, 
            0
        ]
    }, 
    "4": {
        "silhouette_score": 0.13028044763931362, 
        "labels": [
            1, 
            2, 
            3, 
            0, 
            1, 
            3
        ]
    }, 
    "5": {
        "silhouette_score": 0.14184795644087758, 
        "labels": [
            1, 
            2, 
            3, 
            0, 
            4, 
            3
        ]
    }
}