{
    "2": {
        "silhouette_score": 0.38867171067427314, 
        "labels": [
            0, 
            0, 
            0, 
            1, 
            0, 
            0
        ]
    }, 
    "3": {
        "silhouette_score": 0.29433952571565797, 
        "labels": [
            0, 
            2, 
            2, 
            1, 
            2, 
            0
        ]
    }, 
    "4": {
        "silhouette_score": 0.26905353879858201, 
        "labels": [
            2, 
            0, 
            0, 
            1, 
            3, 
            2
        ]
    }, 
    "5": {
        "silhouette_score": 0.14869314162565511, 
        "labels": [
            3, 
            4, 
            0, 
            1, 
            2, 
            3
        ]
    }
}