{
    "2": {
        "silhouette_score": 0.27132311839610052, 
        "labels": [
            0, 
            1, 
            1, 
            1, 
            0, 
            0, 
            1, 
            1, 
            1, 
            1, 
            1, 
            1, 
            1, 
            0, 
            1, 
            0, 
            0, 
            0, 
            1, 
            1, 
            1, 
            1
        ]
    }, 
    "3": {
        "silhouette_score": 0.27390904502250785, 
        "labels": [
            0, 
            1, 
            1, 
            1, 
            1, 
            0, 
            1, 
            1, 
            1, 
            1, 
            1, 
            1, 
            2, 
            0, 
            1, 
            0, 
            0, 
            0, 
            1, 
            1, 
            1, 
            1
        ]
    }, 
    "4": {
        "silhouette_score": 0.19024762744813986, 
        "labels": [
            3, 
            2, 
            2, 
            2, 
            2, 
            0, 
            2, 
            1, 
            2, 
            2, 
            1, 
            2, 
            1, 
            0, 
            2, 
            0, 
            0, 
            0, 
            2, 
            2, 
            1, 
            2
        ]
    }, 
    "5": {
        "silhouette_score": 0.15700880301819153, 
        "labels": [
            0, 
            4, 
            1, 
            1, 
            1, 
            0, 
            4, 
            4, 
            4, 
            1, 
            4, 
            4, 
            2, 
            3, 
            1, 
            0, 
            3, 
            3, 
            1, 
            1, 
            1, 
            4
        ]
    }, 
    "6": {
        "silhouette_score": 0.12515588683782203, 
        "labels": [
            3, 
            0, 
            4, 
            4, 
            4, 
            1, 
            0, 
            0, 
            0, 
            4, 
            0, 
            0, 
            2, 
            5, 
            4, 
            1, 
            1, 
            1, 
            0, 
            0, 
            4, 
            0
        ]
    }, 
    "7": {
        "silhouette_score": 0.14414988455136554, 
        "labels": [
            5, 
            0, 
            2, 
            6, 
            6, 
            3, 
            0, 
            0, 
            0, 
            2, 
            0, 
            0, 
            4, 
            1, 
            2, 
            3, 
            3, 
            1, 
            6, 
            6, 
            2, 
            0
        ]
    }, 
    "8": {
        "silhouette_score": 0.18296827572960225, 
        "labels": [
            5, 
            0, 
            7, 
            1, 
            1, 
            6, 
            0, 
            4, 
            0, 
            7, 
            4, 
            0, 
            3, 
            2, 
            7, 
            6, 
            2, 
            2, 
            1, 
            1, 
            7, 
            0
        ]
    }, 
    "9": {
        "silhouette_score": 0.18676361785007781, 
        "labels": [
            3, 
            0, 
            6, 
            2, 
            2, 
            5, 
            0, 
            8, 
            0, 
            6, 
            8, 
            0, 
            4, 
            7, 
            6, 
            5, 
            1, 
            1, 
            2, 
            2, 
            6, 
            2
        ]
    }, 
    "10": {
        "silhouette_score": 0.17788655457810243, 
        "labels": [
            2, 
            7, 
            1, 
            0, 
            0, 
            5, 
            7, 
            6, 
            8, 
            1, 
            6, 
            7, 
            4, 
            9, 
            1, 
            5, 
            3, 
            3, 
            0, 
            0, 
            1, 
            8
        ]
    }, 
    "11": {
        "silhouette_score": 0.17161415403497035, 
        "labels": [
            4, 
            10, 
            0, 
            8, 
            8, 
            7, 
            10, 
            6, 
            1, 
            0, 
            6, 
            10, 
            3, 
            5, 
            8, 
            7, 
            2, 
            2, 
            9, 
            9, 
            0, 
            1
        ]
    }, 
    "12": {
        "silhouette_score": 0.18829479469155433, 
        "labels": [
            5, 
            11, 
            6, 
            2, 
            2, 
            4, 
            11, 
            7, 
            0, 
            6, 
            7, 
            0, 
            3, 
            8, 
            10, 
            4, 
            1, 
            1, 
            9, 
            9, 
            6, 
            0
        ]
    }, 
    "13": {
        "silhouette_score": 0.16910776119916682, 
        "labels": [
            2, 
            0, 
            4, 
            1, 
            1, 
            9, 
            0, 
            6, 
            8, 
            4, 
            6, 
            8, 
            5, 
            12, 
            10, 
            7, 
            3, 
            3, 
            11, 
            11, 
            4, 
            8
        ]
    }, 
    "14": {
        "silhouette_score": 0.14526201224829524, 
        "labels": [
            5, 
            7, 
            0, 
            4, 
            4, 
            9, 
            7, 
            3, 
            13, 
            0, 
            3, 
            13, 
            6, 
            8, 
            11, 
            2, 
            1, 
            1, 
            12, 
            12, 
            0, 
            10
        ]
    }, 
    "15": {
        "silhouette_score": 0.14014298125307079, 
        "labels": [
            4, 
            5, 
            1, 
            7, 
            7, 
            3, 
            5, 
            10, 
            11, 
            1, 
            10, 
            11, 
            2, 
            8, 
            12, 
            13, 
            0, 
            0, 
            6, 
            6, 
            14, 
            9
        ]
    }, 
    "16": {
        "silhouette_score": 0.12146471853081529, 
        "labels": [
            7, 
            0, 
            2, 
            12, 
            12, 
            14, 
            13, 
            4, 
            15, 
            2, 
            4, 
            13, 
            6, 
            8, 
            10, 
            1, 
            3, 
            3, 
            9, 
            9, 
            11, 
            5
        ]
    }, 
    "17": {
        "silhouette_score": 0.090113277559819779, 
        "labels": [
            4, 
            16, 
            9, 
            1, 
            1, 
            8, 
            7, 
            3, 
            13, 
            9, 
            3, 
            7, 
            5, 
            0, 
            12, 
            11, 
            6, 
            14, 
            10, 
            10, 
            2, 
            15
        ]
    }, 
    "18": {
        "silhouette_score": 0.075437732355938134, 
        "labels": [
            4, 
            17, 
            7, 
            12, 
            12, 
            13, 
            9, 
            5, 
            14, 
            7, 
            5, 
            9, 
            6, 
            8, 
            11, 
            1, 
            15, 
            3, 
            16, 
            10, 
            0, 
            2
        ]
    }, 
    "19": {
        "silhouette_score": 0.066726663146578283,