{
    "2": {
        "silhouette_score": 0.67768780666861617, 
        "labels": [
            0, 
            0, 
            0, 
            1, 
            0, 
            0
        ]
    }, 
    "3": {
        "silhouette_score": 0.22132846041512258, 
        "labels": [
            0, 
            2, 
            0, 
            1, 
            0, 
            0
        ]
    }, 
    "4": {
        "silhouette_score": 0.28896800570492126, 
        "labels": [
            0, 
            3, 
            2, 
            1, 
            2, 
            2
        ]
    }, 
    "5": {
        "silhouette_score": 0.078414079350641833, 
        "labels": [
            3, 
            2, 
            0, 
            1, 
            4, 
            4
        ]
    }
}