{
    "2": {
        "silhouette_score": 0.3463418127254681, 
        "labels": [
            0, 
            1, 
            0, 
            0, 
            0, 
            1, 
            1, 
            0, 
            0
        ]
    }, 
    "3": {
        "silhouette_score": 0.15935058659732437, 
        "labels": [
            2, 
            1, 
            0, 
            0, 
            0, 
            2, 
            2, 
            0, 
            0
        ]
    }, 
    "4": {
        "silhouette_score": 0.2264299846320682, 
        "labels": [
            2, 
            2, 
            3, 
            1, 
            1, 
            0, 
            2, 
            1, 
            1
        ]
    }, 
    "5": {
        "silhouette_score": 0.17197553636931856, 
        "labels": [
            4, 
            2, 
            3, 
            1, 
            1, 
            0, 
            2, 
            1, 
            1
        ]
    }, 
    "6": {
        "silhouette_score": 0.11171265723811229, 
        "labels": [
            1, 
            5, 
            1, 
            3, 
            3, 
            4, 
            2, 
            3, 
            0
        ]
    }, 
    "7": {
        "silhouette_score": 0.1081300291405233, 
        "labels": [
            5, 
            6, 
            2, 
            3, 
            3, 
            4, 
            1, 
            3, 
            0
        ]
    }, 
    "8": {
        "silhouette_score": 0.041023062864167681, 
        "labels": [
            6, 
            0, 
            2, 
            7, 
            1, 
            3, 
            4, 
            1, 
            5
        ]
    }
}