{
    "2": {
        "silhouette_score": 0.21180929537849477, 
        "labels": [
            1, 
            0, 
            1, 
            1, 
            1, 
            0, 
            1, 
            0, 
            1, 
            0, 
            0, 
            1, 
            1, 
            0, 
            1, 
            1, 
            1, 
            0, 
            0, 
            0, 
            1, 
            1
        ]
    }, 
    "3": {
        "silhouette_score": 0.17376536930787112, 
        "labels": [
            2, 
            1, 
            1, 
            1, 
            1, 
            1, 
            1, 
            1, 
            1, 
            1, 
            1, 
            1, 
            0, 
            1, 
            1, 
            1, 
            1, 
            1, 
            1, 
            1, 
            1, 
            1
        ]
    }, 
    "4": {
        "silhouette_score": 0.089761207092752301, 
        "labels": [
            0, 
            1, 
            3, 
            0, 
            0, 
            1, 
            3, 
            1, 
            3, 
            1, 
            1, 
            0, 
            0, 
            2, 
            0, 
            0, 
            3, 
            3, 
            1, 
            1, 
            0, 
            0
        ]
    }, 
    "5": {
        "silhouette_score": 0.065701783407174377, 
        "labels": [
            4, 
            0, 
            3, 
            4, 
            4, 
            0, 
            3, 
            0, 
            4, 
            0, 
            2, 
            4, 
            1, 
            0, 
            1, 
            4, 
            3, 
            3, 
            0, 
            0, 
            4, 
            4
        ]
    }, 
    "6": {
        "silhouette_score": 0.099529360505513337, 
        "labels": [
            0, 
            5, 
            3, 
            1, 
            1, 
            5, 
            3, 
            3, 
            3, 
            5, 
            2, 
            3, 
            4, 
            3, 
            1, 
            3, 
            3, 
            3, 
            5, 
            5, 
            1, 
            1
        ]
    }, 
    "7": {
        "silhouette_score": 0.084992345300493752, 
        "labels": [
            0, 
            1, 
            3, 
            0, 
            0, 
            6, 
            2, 
            2, 
            2, 
            1, 
            5, 
            2, 
            2, 
            2, 
            0, 
            4, 
            2, 
            2, 
            1, 
            1, 
            0, 
            0
        ]
    }, 
    "8": {
        "silhouette_score": 0.038896680110837044, 
        "labels": [
            3, 
            7, 
            2, 
            0, 
            0, 
            7, 
            2, 
            7, 
            2, 
            7, 
            5, 
            0, 
            6, 
            4, 
            0, 
            0, 
            2, 
            2, 
            7, 
            1, 
            0, 
            0
        ]
    }, 
    "9": {
        "silhouette_score": 0.088195610641042699, 
        "labels": [
            6, 
            0, 
            2, 
            3, 
            1, 
            4, 
            3, 
            3, 
            1, 
            0, 
            2, 
            3, 
            7, 
            5, 
            1, 
            8, 
            3, 
            3, 
            0, 
            4, 
            1, 
            1
        ]
    }, 
    "10": {
        "silhouette_score": 0.074156667618453215, 
        "labels": [
            2, 
            0, 
            8, 
            5, 
            5, 
            0, 
            6, 
            0, 
            3, 
            0, 
            4, 
            1, 
            7, 
            9, 
            3, 
            5, 
            6, 
            6, 
            0, 
            0, 
            3, 
            3
        ]
    }, 
    "11": {
        "silhouette_score": 0.085153279566055382, 
        "labels": [
            4, 
            10, 
            9, 
            5, 
            5, 
            1, 
            0, 
            10, 
            0, 
            3, 
            2, 
            0, 
            6, 
            7, 
            5, 
            8, 
            0, 
            0, 
            10, 
            10, 
            5, 
            5
        ]
    }, 
    "12": {
        "silhouette_score": 0.015488243927842428, 
        "labels": [
            4, 
            7, 
            9, 
            3, 
            3, 
            5, 
            2, 
            10, 
            8, 
            1, 
            6, 
            0, 
            11, 
            7, 
            3, 
            2, 
            2, 
            2, 
            7, 
            7, 
            3, 
            8
        ]
    }, 
    "13": {
        "silhouette_score": 0.063932270001651775, 
        "labels": [
            10, 
            5, 
            8, 
            0, 
            0, 
            11, 
            2, 
            3, 
            4, 
            5, 
            1, 
            0, 
            6, 
            9, 
            2, 
            12, 
            2, 
            2, 
            7, 
            7, 
            0, 
            4
        ]
    }, 
    "14": {
        "silhouette_score": 0.050621175181938455, 
        "labels": [
            3, 
            0, 
            8, 
            1, 
            1, 
            12, 
            10, 
            0, 
            7, 
            6, 
            4, 
            5, 
            2, 
            11, 
            1, 
            9, 
            10, 
            10, 
            0, 
            0, 
            1, 
            13
        ]
    }, 
    "15": {
        "silhouette_score": 0.054050762861825169, 
        "labels": [
            6, 
            8, 
            2, 
            0, 
            0, 
            5, 
            7, 
            4, 
            12, 
            1, 
            9, 
            11, 
            3, 
            10, 
            14, 
            13, 
            7, 
            7, 
            8, 
            8, 
            0, 
            0
        ]
    }, 
    "16": {
        "silhouette_score": 0.044679906682494865, 
        "labels": [
            2, 
            14, 
            4, 
            5, 
            5, 
            10, 
            1, 
            13, 
            8, 
            7, 
            3, 
            11, 
            6, 
            9, 
            15, 
            12, 
            1, 
            1, 
            14, 
            0, 
            5, 
            5
        ]
    }, 
    "17": {
        "silhouette_score": 0.043249384966077456, 
        "labels": [
            1, 
            14, 
            2, 
            12, 
            12, 
            11, 
            0, 
            0, 
            8, 
            9, 
            10, 
            15, 
            3, 
            7, 
            13, 
            4, 
            0, 
            0, 
            6, 
            6, 
            5, 
            16
        ]
    }, 
    "18": {
        "silhouette_score": 0.035800399651762821, 
        "labels": [
            7, 
            2, 
            4, 
            17, 
            8, 
            10, 
            0, 
            15, 
            11, 
            16, 
            9, 
            13, 
            3, 
            6, 
            1, 
            5, 
            14, 
            0, 
            12, 
            12, 
            8, 
            8
        ]
    }, 
    "19": {
        "silhouette_score": 0.04276768670412949,