{
    "2": {
        "silhouette_score": 0.17635304280559971, 
        "labels": [
            0, 
            1, 
            0, 
            1, 
            1, 
            1, 
            0, 
            1
        ]
    }, 
    "3": {
        "silhouette_score": 0.14054812747405782, 
        "labels": [
            1, 
            0, 
            1, 
            0, 
            0, 
            2, 
            1, 
            0
        ]
    }, 
    "4": {
        "silhouette_score": 0.13356876224092701, 
        "labels": [
            3, 
            1, 
            2, 
            1, 
            1, 
            0, 
            3, 
            1
        ]
    }, 
    "5": {
        "silhouette_score": 0.10075834238181419, 
        "labels": [
            0, 
            2, 
            3, 
            2, 
            4, 
            1, 
            0, 
            2
        ]
    }, 
    "6": {
        "silhouette_score": 0.12563046989647766, 
        "labels": [
            2, 
            5, 
            3, 
            0, 
            1, 
            4, 
            2, 
            0
        ]
    }, 
    "7": {
        "silhouette_score": 0.065984332002855375, 
        "labels": [
            6, 
            4, 
            1, 
            0, 
            5, 
            3, 
            2, 
            0
        ]
    }
}