{
    "2": {
        "silhouette_score": 0.269004591725853, 
        "labels": [
            1, 
            0, 
            1, 
            1, 
            0, 
            1, 
            1, 
            1, 
            1, 
            1, 
            1, 
            0, 
            0, 
            1, 
            1, 
            0, 
            1
        ]
    }, 
    "3": {
        "silhouette_score": 0.27542238221164445, 
        "labels": [
            1, 
            0, 
            1, 
            1, 
            0, 
            1, 
            1, 
            1, 
            1, 
            1, 
            1, 
            2, 
            2, 
            1, 
            1, 
            0, 
            1
        ]
    }, 
    "4": {
        "silhouette_score": 0.16485031118861918, 
        "labels": [
            2, 
            1, 
            2, 
            2, 
            1, 
            2, 
            0, 
            0, 
            0, 
            2, 
            0, 
            3, 
            3, 
            0, 
            2, 
            1, 
            2
        ]
    }, 
    "5": {
        "silhouette_score": 0.17821832991950529, 
        "labels": [
            1, 
            2, 
            1, 
            1, 
            2, 
            1, 
            4, 
            4, 
            0, 
            0, 
            0, 
            3, 
            3, 
            4, 
            1, 
            2, 
            1
        ]
    }, 
    "6": {
        "silhouette_score": 0.15240389827862344, 
        "labels": [
            0, 
            1, 
            5, 
            0, 
            0, 
            0, 
            4, 
            4, 
            3, 
            3, 
            3, 
            2, 
            2, 
            4, 
            0, 
            1, 
            0
        ]
    }, 
    "7": {
        "silhouette_score": 0.13516769014605956, 
        "labels": [
            0, 
            1, 
            3, 
            0, 
            6, 
            0, 
            4, 
            4, 
            5, 
            5, 
            5, 
            2, 
            2, 
            4, 
            0, 
            1, 
            0
        ]
    }, 
    "8": {
        "silhouette_score": 0.12871705787769161, 
        "labels": [
            3, 
            4, 
            6, 
            3, 
            5, 
            3, 
            0, 
            0, 
            2, 
            2, 
            2, 
            1, 
            1, 
            0, 
            7, 
            4, 
            3
        ]
    }, 
    "9": {
        "silhouette_score": 0.12508723448244571, 
        "labels": [
            1, 
            2, 
            6, 
            4, 
            3, 
            1, 
            5, 
            5, 
            7, 
            4, 
            7, 
            0, 
            0, 
            5, 
            1, 
            8, 
            1
        ]
    }, 
    "10": {
        "silhouette_score": 0.11851998771753844, 
        "labels": [
            3, 
            5, 
            7, 
            1, 
            0, 
            3, 
            4, 
            4, 
            6, 
            1, 
            6, 
            2, 
            2, 
            4, 
            9, 
            8, 
            3
        ]
    }, 
    "11": {
        "silhouette_score": 0.10866846352494063, 
        "labels": [
            0, 
            1, 
            4, 
            7, 
            6, 
            0, 
            2, 
            2, 
            9, 
            7, 
            5, 
            3, 
            3, 
            2, 
            8, 
            10, 
            0
        ]
    }, 
    "12": {
        "silhouette_score": 0.10291865677364911, 
        "labels": [
            1, 
            2, 
            0, 
            3, 
            8, 
            1, 
            6, 
            6, 
            9, 
            3, 
            11, 
            4, 
            4, 
            10, 
            5, 
            7, 
            1
        ]
    }, 
    "13": {
        "silhouette_score": 0.093287276801026817, 
        "labels": [
            1, 
            2, 
            3, 
            5, 
            7, 
            10, 
            4, 
            4, 
            9, 
            5, 
            11, 
            0, 
            0, 
            12, 
            8, 
            6, 
            10
        ]
    }, 
    "14": {
        "silhouette_score": 0.088320008872909, 
        "labels": [
            13, 
            6, 
            3, 
            8, 
            0, 
            7, 
            1, 
            1, 
            12, 
            5, 
            10, 
            2, 
            2, 
            11, 
            4, 
            9, 
            7
        ]
    }, 
    "15": {
        "silhouette_score": 0.044778636378456999, 
        "labels": [
            11, 
            2, 
            4, 
            13, 
            10, 
            1, 
            3, 
            3, 
            9, 
            12, 
            5, 
            14, 
            0, 
            8, 
            7, 
            6, 
            1
        ]
    }, 
    "16": {
        "silhouette_score": 0.033930367893204805, 
        "labels": [
            15, 
            3, 
            9, 
            8, 
            2, 
            1, 
            4, 
            4, 
            6, 
            13, 
            10, 
            14, 
            0, 
            12, 
            11, 
            7, 
            5
        ]
    }
}