{
    "2": {
        "silhouette_score": 0.23253851876274778, 
        "labels": [
            1, 
            0, 
            1, 
            1, 
            1, 
            0, 
            1, 
            1, 
            1
        ]
    }, 
    "3": {
        "silhouette_score": 0.22460550546207869, 
        "labels": [
            1, 
            1, 
            1, 
            2, 
            2, 
            0, 
            1, 
            2, 
            1
        ]
    }, 
    "4": {
        "silhouette_score": 0.16943415524252595, 
        "labels": [
            3, 
            3, 
            3, 
            0, 
            1, 
            2, 
            3, 
            0, 
            1
        ]
    }, 
    "5": {
        "silhouette_score": 0.16773016016416054, 
        "labels": [
            1, 
            1, 
            4, 
            3, 
            3, 
            2, 
            1, 
            3, 
            0
        ]
    }, 
    "6": {
        "silhouette_score": 0.13047579517401001, 
        "labels": [
            5, 
            5, 
            1, 
            0, 
            4, 
            3, 
            2, 
            0, 
            4
        ]
    }, 
    "7": {
        "silhouette_score": 0.11300369629862164, 
        "labels": [
            1, 
            1, 
            2, 
            0, 
            5, 
            4, 
            6, 
            0, 
            3
        ]
    }, 
    "8": {
        "silhouette_score": 0.034353903394400018, 
        "labels": [
            6, 
            6, 
            2, 
            7, 
            5, 
            3, 
            0, 
            1, 
            4
        ]
    }
}