{
    "2": {
        "silhouette_score": 0.25960224883764776, 
        "labels": [
            0, 
            0, 
            0, 
            0, 
            0, 
            0, 
            0, 
            0, 
            0, 
            0, 
            0, 
            0, 
            0, 
            0, 
            0, 
            0, 
            1, 
            1, 
            0, 
            1, 
            0, 
            0
        ]
    }, 
    "3": {
        "silhouette_score": 0.13422537873669166, 
        "labels": [
            1, 
            0, 
            1, 
            1, 
            1, 
            0, 
            0, 
            0, 
            0, 
            1, 
            0, 
            1, 
            1, 
            1, 
            1, 
            0, 
            2, 
            2, 
            0, 
            0, 
            1, 
            0
        ]
    }, 
    "4": {
        "silhouette_score": 0.16310127728514953, 
        "labels": [
            2, 
            3, 
            2, 
            2, 
            2, 
            0, 
            3, 
            3, 
            0, 
            2, 
            3, 
            0, 
            0, 
            2, 
            2, 
            0, 
            1, 
            1, 
            3, 
            3, 
            2, 
            0
        ]
    }, 
    "5": {
        "silhouette_score": 0.14163852849774666, 
        "labels": [
            1, 
            4, 
            1, 
            1, 
            1, 
            3, 
            0, 
            0, 
            3, 
            1, 
            0, 
            3, 
            1, 
            1, 
            1, 
            1, 
            2, 
            2, 
            4, 
            4, 
            1, 
            3
        ]
    }, 
    "6": {
        "silhouette_score": 0.15665718860337424, 
        "labels": [
            0, 
            4, 
            0, 
            0, 
            0, 
            2, 
            4, 
            5, 
            2, 
            0, 
            5, 
            0, 
            3, 
            0, 
            0, 
            3, 
            1, 
            1, 
            4, 
            4, 
            0, 
            2
        ]
    }, 
    "7": {
        "silhouette_score": 0.13212490037047112, 
        "labels": [
            1, 
            4, 
            1, 
            1, 
            1, 
            4, 
            4, 
            6, 
            5, 
            1, 
            6, 
            5, 
            0, 
            1, 
            1, 
            0, 
            3, 
            3, 
            4, 
            2, 
            1, 
            5
        ]
    }, 
    "8": {
        "silhouette_score": 0.165246284352075, 
        "labels": [
            2, 
            0, 
            2, 
            2, 
            2, 
            3, 
            0, 
            6, 
            4, 
            2, 
            6, 
            4, 
            7, 
            2, 
            2, 
            5, 
            1, 
            1, 
            0, 
            0, 
            2, 
            4
        ]
    }, 
    "9": {
        "silhouette_score": 0.13409960533605647, 
        "labels": [
            0, 
            1, 
            0, 
            0, 
            8, 
            4, 
            1, 
            6, 
            3, 
            0, 
            6, 
            3, 
            7, 
            0, 
            8, 
            5, 
            2, 
            2, 
            1, 
            1, 
            8, 
            3
        ]
    }, 
    "10": {
        "silhouette_score": 0.12447290303187408, 
        "labels": [
            1, 
            0, 
            3, 
            6, 
            6, 
            8, 
            5, 
            5, 
            4, 
            3, 
            5, 
            1, 
            9, 
            7, 
            6, 
            3, 
            2, 
            2, 
            0, 
            0, 
            6, 
            4
        ]
    }, 
    "11": {
        "silhouette_score": 0.12023660730779308, 
        "labels": [
            2, 
            0, 
            2, 
            2, 
            7, 
            5, 
            4, 
            4, 
            1, 
            2, 
            4, 
            10, 
            8, 
            6, 
            7, 
            9, 
            3, 
            3, 
            0, 
            0, 
            7, 
            10
        ]
    }, 
    "12": {
        "silhouette_score": 0.10394464604552481, 
        "labels": [
            10, 
            11, 
            10, 
            1, 
            1, 
            4, 
            0, 
            7, 
            9, 
            10, 
            7, 
            3, 
            8, 
            6, 
            1, 
            5, 
            2, 
            2, 
            11, 
            11, 
            1, 
            3
        ]
    }, 
    "13": {
        "silhouette_score": 0.096164042825129761, 
        "labels": [
            0, 
            2, 
            0, 
            0, 
            10, 
            12, 
            5, 
            4, 
            7, 
            0, 
            11, 
            3, 
            9, 
            8, 
            10, 
            6, 
            1, 
            1, 
            2, 
            2, 
            10, 
            3
        ]
    }, 
    "14": {
        "silhouette_score": 0.078060642822697091, 
        "labels": [
            9, 
            3, 
            0, 
            0, 
            8, 
            10, 
            7, 
            5, 
            2, 
            0, 
            5, 
            4, 
            11, 
            6, 
            8, 
            13, 
            1, 
            1, 
            3, 
            12, 
            8, 
            4
        ]
    }, 
    "15": {
        "silhouette_score": 0.072506668844790748, 
        "labels": [
            2, 
            1, 
            2, 
            6, 
            6, 
            12, 
            14, 
            4, 
            9, 
            2, 
            13, 
            3, 
            10, 
            8, 
            11, 
            7, 
            5, 
            5, 
            1, 
            0, 
            11, 
            3
        ]
    }, 
    "16": {
        "silhouette_score": 0.064666368048622427, 
        "labels": [
            10, 
            2, 
            6, 
            6, 
            6, 
            5, 
            14, 
            3, 
            12, 
            1, 
            11, 
            4, 
            9, 
            8, 
            15, 
            7, 
            0, 
            0, 
            2, 
            13, 
            15, 
            4
        ]
    }, 
    "17": {
        "silhouette_score": 0.034223272264883947, 
        "labels": [
            0, 
            5, 
            12, 
            1, 
            1, 
            9, 
            3, 
            10, 
            7, 
            12, 
            13, 
            4, 
            6, 
            11, 
            15, 
            8, 
            14, 
            2, 
            5, 
            16, 
            15, 
            4
        ]
    }, 
    "18": {
        "silhouette_score": 0.026350114234711095, 
        "labels": [
            17, 
            13, 
            6, 
            6, 
            0, 
            8, 
            3, 
            11, 
            9, 
            16, 
            5, 
            1, 
            7, 
            12, 
            15, 
            10, 
            2, 
            14, 
            13, 
            4, 
            15, 
            1
        ]
    }, 
    "19": {
        "silhouette_score": 0.018375159646146142,