{
    "2": {
        "silhouette_score": 0.22195118577365025, 
        "labels": [
            1, 
            0, 
            1, 
            1, 
            0, 
            1, 
            0, 
            0, 
            1, 
            1, 
            1, 
            1, 
            1, 
            1, 
            1, 
            0, 
            1
        ]
    }, 
    "3": {
        "silhouette_score": 0.20462258184527554, 
        "labels": [
            0, 
            2, 
            1, 
            0, 
            2, 
            0, 
            1, 
            1, 
            0, 
            0, 
            1, 
            0, 
            1, 
            0, 
            0, 
            1, 
            1
        ]
    }, 
    "4": {
        "silhouette_score": 0.10281786375956647, 
        "labels": [
            1, 
            2, 
            3, 
            1, 
            2, 
            1, 
            0, 
            0, 
            1, 
            1, 
            0, 
            1, 
            3, 
            1, 
            1, 
            0, 
            3
        ]
    }, 
    "5": {
        "silhouette_score": 0.16400882722734766, 
        "labels": [
            1, 
            4, 
            2, 
            2, 
            4, 
            3, 
            0, 
            0, 
            1, 
            1, 
            0, 
            2, 
            2, 
            2, 
            1, 
            2, 
            2
        ]
    }, 
    "6": {
        "silhouette_score": 0.13487018991095059, 
        "labels": [
            1, 
            2, 
            0, 
            1, 
            2, 
            3, 
            4, 
            4, 
            1, 
            3, 
            1, 
            1, 
            0, 
            1, 
            1, 
            5, 
            0
        ]
    }, 
    "7": {
        "silhouette_score": 0.10178447146451008, 
        "labels": [
            6, 
            3, 
            5, 
            0, 
            3, 
            2, 
            1, 
            1, 
            6, 
            4, 
            1, 
            5, 
            5, 
            0, 
            6, 
            1, 
            5
        ]
    }, 
    "8": {
        "silhouette_score": 0.18408769491750143, 
        "labels": [
            2, 
            7, 
            2, 
            2, 
            4, 
            1, 
            6, 
            6, 
            3, 
            1, 
            5, 
            2, 
            2, 
            2, 
            3, 
            0, 
            2
        ]
    }, 
    "9": {
        "silhouette_score": 0.08091502166987341, 
        "labels": [
            4, 
            6, 
            2, 
            2, 
            7, 
            3, 
            1, 
            1, 
            4, 
            4, 
            5, 
            0, 
            2, 
            2, 
            4, 
            8, 
            2
        ]
    }, 
    "10": {
        "silhouette_score": 0.10809739298415461, 
        "labels": [
            6, 
            4, 
            0, 
            6, 
            3, 
            8, 
            5, 
            5, 
            9, 
            1, 
            7, 
            0, 
            0, 
            6, 
            2, 
            5, 
            0
        ]
    }, 
    "11": {
        "silhouette_score": 0.12171163894546107, 
        "labels": [
            1, 
            0, 
            2, 
            1, 
            7, 
            6, 
            5, 
            5, 
            10, 
            9, 
            4, 
            2, 
            2, 
            1, 
            3, 
            8, 
            2
        ]
    }, 
    "12": {
        "silhouette_score": 0.089095809349679103, 
        "labels": [
            4, 
            7, 
            0, 
            9, 
            8, 
            10, 
            6, 
            6, 
            11, 
            1, 
            5, 
            3, 
            9, 
            4, 
            11, 
            2, 
            0
        ]
    }, 
    "13": {
        "silhouette_score": 0.0850076959014954, 
        "labels": [
            3, 
            2, 
            6, 
            3, 
            5, 
            4, 
            9, 
            1, 
            11, 
            7, 
            8, 
            12, 
            6, 
            3, 
            0, 
            10, 
            6
        ]
    }, 
    "14": {
        "silhouette_score": 0.037887998911968597, 
        "labels": [
            8, 
            4, 
            1, 
            3, 
            7, 
            0, 
            13, 
            6, 
            12, 
            10, 
            5, 
            11, 
            3, 
            8, 
            2, 
            9, 
            3
        ]
    }, 
    "15": {
        "silhouette_score": 0.016327555107851506, 
        "labels": [
            14, 
            6, 
            12, 
            3, 
            8, 
            0, 
            13, 
            4, 
            5, 
            7, 
            2, 
            1, 
            3, 
            9, 
            11, 
            10, 
            3
        ]
    }, 
    "16": {
        "silhouette_score": 0.03655031962400429, 
        "labels": [
            8, 
            4, 
            12, 
            15, 
            9, 
            5, 
            11, 
            3, 
            10, 
            7, 
            0, 
            13, 
            1, 
            14, 
            2, 
            6, 
            1
        ]
    }
}