{
    "2": {
        "silhouette_score": 0.31107592086384001, 
        "labels": [
            0, 
            0, 
            0, 
            0, 
            0, 
            1, 
            0, 
            0, 
            0
        ]
    }, 
    "3": {
        "silhouette_score": 0.11486917098910149, 
        "labels": [
            1, 
            2, 
            1, 
            0, 
            1, 
            0, 
            1, 
            2, 
            2
        ]
    }, 
    "4": {
        "silhouette_score": 0.14760226006471819, 
        "labels": [
            0, 
            2, 
            0, 
            0, 
            0, 
            3, 
            1, 
            2, 
            1
        ]
    }, 
    "5": {
        "silhouette_score": 0.13606934026108308, 
        "labels": [
            0, 
            2, 
            0, 
            4, 
            0, 
            1, 
            3, 
            2, 
            3
        ]
    }, 
    "6": {
        "silhouette_score": 0.10493839354122693, 
        "labels": [
            0, 
            4, 
            0, 
            1, 
            0, 
            3, 
            5, 
            2, 
            2
        ]
    }, 
    "7": {
        "silhouette_score": 0.086058727902813895, 
        "labels": [
            2, 
            3, 
            2, 
            5, 
            2, 
            1, 
            4, 
            6, 
            0
        ]
    }, 
    "8": {
        "silhouette_score": 0.010582700755026535, 
        "labels": [
            2, 
            3, 
            2, 
            1, 
            7, 
            4, 
            6, 
            5, 
            0
        ]
    }
}