{
    "2": {
        "silhouette_score": 0.372442546388845, 
        "labels": [
            0, 
            1, 
            0, 
            0, 
            0, 
            1, 
            0, 
            0
        ]
    }, 
    "3": {
        "silhouette_score": 0.35885161005368271, 
        "labels": [
            0, 
            2, 
            1, 
            0, 
            0, 
            2, 
            0, 
            0
        ]
    }, 
    "4": {
        "silhouette_score": 0.30139755143928681, 
        "labels": [
            0, 
            1, 
            2, 
            0, 
            3, 
            1, 
            0, 
            0
        ]
    }, 
    "5": {
        "silhouette_score": 0.30634325978587729, 
        "labels": [
            4, 
            2, 
            1, 
            0, 
            3, 
            2, 
            4, 
            0
        ]
    }, 
    "6": {
        "silhouette_score": 0.23194433959690938, 
        "labels": [
            2, 
            3, 
            0, 
            4, 
            1, 
            3, 
            2, 
            5
        ]
    }, 
    "7": {
        "silhouette_score": 0.16465379585521026, 
        "labels": [
            6, 
            1, 
            2, 
            5, 
            4, 
            1, 
            0, 
            3
        ]
    }
}