{
    "2": {
        "silhouette_score": 0.35333716261849968, 
        "labels": [
            1, 
            1, 
            1, 
            1, 
            1, 
            1, 
            1, 
            1, 
            1, 
            1, 
            1, 
            1, 
            1, 
            1, 
            1, 
            1, 
            0, 
            0, 
            1, 
            1, 
            1, 
            1
        ]
    }, 
    "3": {
        "silhouette_score": 0.14543370430561631, 
        "labels": [
            0, 
            0, 
            0, 
            0, 
            0, 
            2, 
            0, 
            0, 
            2, 
            0, 
            0, 
            2, 
            2, 
            0, 
            0, 
            0, 
            1, 
            1, 
            0, 
            0, 
            0, 
            2
        ]
    }, 
    "4": {
        "silhouette_score": 0.14981350543360081, 
        "labels": [
            1, 
            0, 
            1, 
            1, 
            1, 
            0, 
            0, 
            0, 
            3, 
            1, 
            0, 
            3, 
            1, 
            1, 
            1, 
            1, 
            2, 
            2, 
            0, 
            0, 
            1, 
            3
        ]
    }, 
    "5": {
        "silhouette_score": 0.11747995978130606, 
        "labels": [
            2, 
            1, 
            0, 
            0, 
            0, 
            4, 
            1, 
            2, 
            4, 
            0, 
            1, 
            2, 
            2, 
            2, 
            0, 
            2, 
            3, 
            3, 
            1, 
            1, 
            0, 
            2
        ]
    }, 
    "6": {
        "silhouette_score": 0.15563071592001321, 
        "labels": [
            0, 
            5, 
            0, 
            0, 
            0, 
            3, 
            4, 
            4, 
            1, 
            0, 
            4, 
            1, 
            1, 
            0, 
            0, 
            5, 
            2, 
            2, 
            5, 
            5, 
            0, 
            1
        ]
    }, 
    "7": {
        "silhouette_score": 0.15730626512167631, 
        "labels": [
            0, 
            0, 
            0, 
            0, 
            0, 
            3, 
            2, 
            2, 
            5, 
            0, 
            2, 
            5, 
            6, 
            0, 
            0, 
            6, 
            1, 
            1, 
            4, 
            4, 
            0, 
            5
        ]
    }, 
    "8": {
        "silhouette_score": 0.13113801419481541, 
        "labels": [
            4, 
            1, 
            4, 
            4, 
            1, 
            7, 
            1, 
            5, 
            0, 
            4, 
            5, 
            0, 
            6, 
            4, 
            3, 
            6, 
            2, 
            2, 
            1, 
            1, 
            3, 
            0
        ]
    }, 
    "9": {
        "silhouette_score": 0.13083131737461048, 
        "labels": [
            3, 
            7, 
            3, 
            1, 
            1, 
            6, 
            2, 
            2, 
            5, 
            3, 
            2, 
            5, 
            4, 
            3, 
            1, 
            8, 
            0, 
            0, 
            7, 
            7, 
            1, 
            5
        ]
    }, 
    "10": {
        "silhouette_score": 0.12116008740912246, 
        "labels": [
            0, 
            8, 
            0, 
            2, 
            2, 
            7, 
            8, 
            5, 
            3, 
            0, 
            5, 
            3, 
            6, 
            0, 
            2, 
            9, 
            1, 
            1, 
            4, 
            4, 
            2, 
            3
        ]
    }, 
    "11": {
        "silhouette_score": 0.10282755071283069, 
        "labels": [
            10, 
            2, 
            10, 
            10, 
            5, 
            8, 
            4, 
            9, 
            0, 
            1, 
            9, 
            0, 
            6, 
            10, 
            5, 
            7, 
            3, 
            3, 
            2, 
            2, 
            5, 
            0
        ]
    }, 
    "12": {
        "silhouette_score": 0.098044049903644001, 
        "labels": [
            1, 
            9, 
            1, 
            1, 
            3, 
            7, 
            9, 
            0, 
            4, 
            1, 
            0, 
            5, 
            11, 
            8, 
            3, 
            6, 
            2, 
            2, 
            9, 
            10, 
            3, 
            5
        ]
    }, 
    "13": {
        "silhouette_score": 0.097619185435525904, 
        "labels": [
            4, 
            9, 
            11, 
            11, 
            1, 
            6, 
            3, 
            12, 
            5, 
            11, 
            10, 
            4, 
            8, 
            7, 
            1, 
            0, 
            2, 
            2, 
            9, 
            9, 
            1, 
            5
        ]
    }, 
    "14": {
        "silhouette_score": 0.080465472139226335, 
        "labels": [
            2, 
            0, 
            4, 
            4, 
            10, 
            9, 
            13, 
            5, 
            1, 
            4, 
            11, 
            12, 
            6, 
            7, 
            10, 
            8, 
            3, 
            3, 
            0, 
            0, 
            10, 
            12
        ]
    }, 
    "15": {
        "silhouette_score": 0.065367302682973555, 
        "labels": [
            11, 
            1, 
            2, 
            2, 
            2, 
            10, 
            13, 
            0, 
            3, 
            2, 
            14, 
            4, 
            12, 
            6, 
            9, 
            8, 
            5, 
            5, 
            1, 
            7, 
            9, 
            4
        ]
    }, 
    "16": {
        "silhouette_score": 0.036549586775958619, 
        "labels": [
            15, 
            0, 
            1, 
            1, 
            7, 
            4, 
            13, 
            5, 
            10, 
            1, 
            12, 
            3, 
            8, 
            11, 
            7, 
            6, 
            2, 
            9, 
            0, 
            14, 
            7, 
            3
        ]
    }, 
    "17": {
        "silhouette_score": 0.031315870120907308, 
        "labels": [
            15, 
            3, 
            4, 
            4, 
            8, 
            7, 
            0, 
            6, 
            10, 
            14, 
            13, 
            1, 
            9, 
            11, 
            8, 
            5, 
            2, 
            16, 
            3, 
            12, 
            8, 
            1
        ]
    }, 
    "18": {
        "silhouette_score": 0.02644698496134066, 
        "labels": [
            11, 
            7, 
            16, 
            16, 
            1, 
            9, 
            4, 
            17, 
            14, 
            0, 
            10, 
            3, 
            6, 
            5, 
            12, 
            8, 
            13, 
            2, 
            7, 
            15, 
            12, 
            3
        ]
    }, 
    "19": {
        "silhouette_score": 0.019223640548702531,