{
    "2": {
        "silhouette_score": 0.43849230545066553, 
        "labels": [
            0, 
            1, 
            0, 
            1, 
            0, 
            0
        ]
    }, 
    "3": {
        "silhouette_score": 0.2681908077859787, 
        "labels": [
            0, 
            2, 
            0, 
            1, 
            0, 
            0
        ]
    }, 
    "4": {
        "silhouette_score": 0.1608382789521228, 
        "labels": [
            0, 
            3, 
            2, 
            1, 
            2, 
            2
        ]
    }, 
    "5": {
        "silhouette_score": 0.088078523556934407, 
        "labels": [
            2, 
            4, 
            0, 
            1, 
            3, 
            0
        ]
    }
}