{
    "2": {
        "silhouette_score": 0.2810301346088569, 
        "labels": [
            0, 
            0, 
            0, 
            1, 
            0, 
            0
        ]
    }, 
    "3": {
        "silhouette_score": 0.10891127312563893, 
        "labels": [
            2, 
            0, 
            0, 
            1, 
            0, 
            0
        ]
    }, 
    "4": {
        "silhouette_score": 0.089812082012260333, 
        "labels": [
            2, 
            1, 
            3, 
            0, 
            1, 
            1
        ]
    }, 
    "5": {
        "silhouette_score": 0.040248772691543457, 
        "labels": [
            0, 
            1, 
            3, 
            2, 
            4, 
            1
        ]
    }
}