{
    "2": {
        "silhouette_score": 0.17654704762843243, 
        "labels": [
            0, 
            1, 
            0, 
            1, 
            1, 
            1, 
            0, 
            1
        ]
    }, 
    "3": {
        "silhouette_score": 0.14003713131565715, 
        "labels": [
            2, 
            1, 
            2, 
            1, 
            1, 
            0, 
            2, 
            1
        ]
    }, 
    "4": {
        "silhouette_score": 0.13387815342813841, 
        "labels": [
            2, 
            1, 
            0, 
            1, 
            1, 
            3, 
            2, 
            1
        ]
    }, 
    "5": {
        "silhouette_score": 0.12649263356810736, 
        "labels": [
            1, 
            0, 
            4, 
            3, 
            0, 
            2, 
            1, 
            3
        ]
    }, 
    "6": {
        "silhouette_score": 0.1261206630416519, 
        "labels": [
            1, 
            5, 
            4, 
            0, 
            3, 
            2, 
            1, 
            0
        ]
    }, 
    "7": {
        "silhouette_score": 0.066345175862223743, 
        "labels": [
            3, 
            4, 
            1, 
            0, 
            2, 
            6, 
            5, 
            0
        ]
    }
}