{
    "2": {
        "silhouette_score": 0.29499649214749846, 
        "labels": [
            1, 
            1, 
            0, 
            1, 
            0, 
            1, 
            0, 
            1, 
            0, 
            1, 
            1, 
            0, 
            0, 
            1, 
            0, 
            1, 
            0, 
            0, 
            1, 
            1, 
            0, 
            0
        ]
    }, 
    "3": {
        "silhouette_score": 0.27412493360712353, 
        "labels": [
            1, 
            2, 
            1, 
            2, 
            0, 
            2, 
            0, 
            2, 
            0, 
            2, 
            1, 
            1, 
            0, 
            1, 
            0, 
            2, 
            0, 
            0, 
            2, 
            2, 
            0, 
            0
        ]
    }, 
    "4": {
        "silhouette_score": 0.18042622797874389, 
        "labels": [
            1, 
            3, 
            0, 
            1, 
            1, 
            1, 
            2, 
            1, 
            2, 
            3, 
            0, 
            0, 
            2, 
            3, 
            2, 
            3, 
            2, 
            2, 
            3, 
            3, 
            2, 
            2
        ]
    }, 
    "5": {
        "silhouette_score": 0.17201061881198207, 
        "labels": [
            2, 
            0, 
            2, 
            3, 
            3, 
            3, 
            1, 
            3, 
            1, 
            0, 
            2, 
            2, 
            1, 
            4, 
            1, 
            0, 
            1, 
            1, 
            0, 
            0, 
            1, 
            1
        ]
    }, 
    "6": {
        "silhouette_score": 0.067001848970836039, 
        "labels": [
            1, 
            1, 
            3, 
            3, 
            0, 
            1, 
            5, 
            1, 
            5, 
            3, 
            3, 
            3, 
            4, 
            2, 
            0, 
            3, 
            0, 
            5, 
            3, 
            1, 
            5, 
            5
        ]
    }, 
    "7": {
        "silhouette_score": 0.12047399186377925, 
        "labels": [
            3, 
            1, 
            4, 
            1, 
            6, 
            1, 
            6, 
            1, 
            5, 
            1, 
            4, 
            4, 
            0, 
            1, 
            6, 
            1, 
            2, 
            6, 
            1, 
            1, 
            6, 
            2
        ]
    }, 
    "8": {
        "silhouette_score": 0.14150151380967776, 
        "labels": [
            7, 
            2, 
            0, 
            5, 
            5, 
            2, 
            1, 
            2, 
            3, 
            2, 
            0, 
            0, 
            6, 
            4, 
            1, 
            2, 
            1, 
            1, 
            2, 
            2, 
            1, 
            1
        ]
    }, 
    "9": {
        "silhouette_score": 0.16304349409302474, 
        "labels": [
            2, 
            1, 
            2, 
            1, 
            3, 
            1, 
            6, 
            1, 
            0, 
            1, 
            8, 
            2, 
            5, 
            4, 
            3, 
            1, 
            7, 
            6, 
            1, 
            1, 
            3, 
            7
        ]
    }, 
    "10": {
        "silhouette_score": 0.072905641589325568, 
        "labels": [
            8, 
            3, 
            6, 
            1, 
            1, 
            1, 
            7, 
            1, 
            5, 
            9, 
            6, 
            6, 
            4, 
            0, 
            2, 
            3, 
            7, 
            7, 
            1, 
            3, 
            7, 
            2
        ]
    }, 
    "11": {
        "silhouette_score": 0.065716391758567833, 
        "labels": [
            2, 
            1, 
            7, 
            1, 
            3, 
            9, 
            3, 
            9, 
            8, 
            10, 
            5, 
            7, 
            4, 
            6, 
            0, 
            1, 
            0, 
            3, 
            1, 
            9, 
            3, 
            0
        ]
    }, 
    "12": {
        "silhouette_score": 0.13451414601804856, 
        "labels": [
            6, 
            1, 
            5, 
            2, 
            2, 
            11, 
            7, 
            11, 
            0, 
            10, 
            9, 
            5, 
            3, 
            4, 
            0, 
            8, 
            0, 
            7, 
            8, 
            1, 
            7, 
            0
        ]
    }, 
    "13": {
        "silhouette_score": 0.083801967935199118, 
        "labels": [
            11, 
            7, 
            0, 
            2, 
            2, 
            7, 
            9, 
            7, 
            5, 
            1, 
            8, 
            10, 
            3, 
            6, 
            4, 
            7, 
            12, 
            9, 
            2, 
            7, 
            9, 
            12
        ]
    }, 
    "14": {
        "silhouette_score": 0.086485236731618689, 
        "labels": [
            8, 
            0, 
            10, 
            4, 
            4, 
            12, 
            2, 
            12, 
            11, 
            9, 
            7, 
            3, 
            6, 
            5, 
            13, 
            4, 
            1, 
            2, 
            4, 
            0, 
            2, 
            1
        ]
    }, 
    "15": {
        "silhouette_score": 0.088105192745339692, 
        "labels": [
            12, 
            0, 
            14, 
            13, 
            3, 
            7, 
            5, 
            7, 
            1, 
            9, 
            10, 
            4, 
            6, 
            2, 
            11, 
            8, 
            1, 
            5, 
            8, 
            0, 
            5, 
            1
        ]
    }, 
    "16": {
        "silhouette_score": 0.10805595338389705, 
        "labels": [
            2, 
            10, 
            14, 
            0, 
            13, 
            9, 
            7, 
            9, 
            12, 
            11, 
            8, 
            6, 
            3, 
            5, 
            1, 
            0, 
            4, 
            7, 
            0, 
            10, 
            15, 
            4
        ]
    }, 
    "17": {
        "silhouette_score": 0.11554791340955611, 
        "labels": [
            12, 
            6, 
            7, 
            5, 
            5, 
            1, 
            11, 
            1, 
            3, 
            16, 
            4, 
            15, 
            8, 
            2, 
            13, 
            10, 
            9, 
            11, 
            10, 
            6, 
            0, 
            14
        ]
    }, 
    "18": {
        "silhouette_score": 0.061039633067021072, 
        "labels": [
            11, 
            10, 
            12, 
            0, 
            13, 
            7, 
            6, 
            17, 
            5, 
            15, 
            8, 
            2, 
            4, 
            3, 
            1, 
            0, 
            14, 
            6, 
            0, 
            10, 
            16, 
            9
        ]
    }, 
    "19": {
        "silhouette_score": 0.080864578488595823,