{
    "2": {
        "silhouette_score": 0.14558603794550495, 
        "labels": [
            0, 
            1, 
            0, 
            0, 
            0, 
            0, 
            0, 
            1, 
            0, 
            0, 
            1, 
            1, 
            1, 
            0, 
            0, 
            0, 
            0, 
            0, 
            0, 
            0, 
            0, 
            0
        ]
    }, 
    "3": {
        "silhouette_score": 0.057219260755898962, 
        "labels": [
            2, 
            2, 
            0, 
            0, 
            0, 
            0, 
            1, 
            2, 
            0, 
            0, 
            2, 
            2, 
            2, 
            2, 
            2, 
            1, 
            2, 
            0, 
            1, 
            2, 
            0, 
            0
        ]
    }, 
    "4": {
        "silhouette_score": 0.17582695806322773, 
        "labels": [
            2, 
            1, 
            0, 
            3, 
            3, 
            3, 
            1, 
            1, 
            3, 
            0, 
            1, 
            1, 
            2, 
            1, 
            2, 
            1, 
            1, 
            3, 
            1, 
            1, 
            3, 
            3
        ]
    }, 
    "5": {
        "silhouette_score": 0.16091955390211046, 
        "labels": [
            2, 
            1, 
            3, 
            3, 
            3, 
            2, 
            1, 
            1, 
            3, 
            3, 
            0, 
            1, 
            1, 
            1, 
            4, 
            1, 
            1, 
            3, 
            1, 
            1, 
            2, 
            3
        ]
    }, 
    "6": {
        "silhouette_score": 0.13119308777328462, 
        "labels": [
            4, 
            2, 
            3, 
            0, 
            0, 
            0, 
            2, 
            2, 
            0, 
            0, 
            1, 
            2, 
            2, 
            2, 
            5, 
            2, 
            2, 
            3, 
            2, 
            2, 
            4, 
            0
        ]
    }, 
    "7": {
        "silhouette_score": 0.092240749032086636, 
        "labels": [
            5, 
            3, 
            0, 
            6, 
            1, 
            1, 
            3, 
            3, 
            1, 
            6, 
            3, 
            3, 
            4, 
            2, 
            5, 
            2, 
            2, 
            6, 
            2, 
            2, 
            1, 
            6
        ]
    }, 
    "8": {
        "silhouette_score": 0.076356283898523544, 
        "labels": [
            3, 
            2, 
            5, 
            1, 
            1, 
            3, 
            3, 
            2, 
            1, 
            3, 
            0, 
            2, 
            6, 
            3, 
            4, 
            3, 
            2, 
            1, 
            3, 
            2, 
            7, 
            1
        ]
    }, 
    "9": {
        "silhouette_score": 0.069468045531399347, 
        "labels": [
            3, 
            1, 
            0, 
            4, 
            4, 
            6, 
            1, 
            1, 
            4, 
            4, 
            5, 
            1, 
            7, 
            1, 
            8, 
            1, 
            1, 
            4, 
            6, 
            1, 
            2, 
            4
        ]
    }, 
    "10": {
        "silhouette_score": 0.077512073273970541, 
        "labels": [
            6, 
            0, 
            7, 
            1, 
            1, 
            1, 
            0, 
            9, 
            1, 
            8, 
            2, 
            0, 
            5, 
            0, 
            4, 
            0, 
            0, 
            3, 
            0, 
            0, 
            1, 
            1
        ]
    }, 
    "11": {
        "silhouette_score": 0.055789496571032611, 
        "labels": [
            2, 
            1, 
            3, 
            9, 
            6, 
            6, 
            0, 
            1, 
            6, 
            9, 
            8, 
            1, 
            7, 
            2, 
            5, 
            2, 
            1, 
            4, 
            2, 
            1, 
            6, 
            10
        ]
    }, 
    "12": {
        "silhouette_score": 0.025632861743672134, 
        "labels": [
            8, 
            7, 
            4, 
            2, 
            2, 
            2, 
            9, 
            10, 
            2, 
            11, 
            0, 
            7, 
            6, 
            8, 
            5, 
            8, 
            1, 
            3, 
            8, 
            1, 
            2, 
            2
        ]
    }, 
    "13": {
        "silhouette_score": 0.069144917169321293, 
        "labels": [
            7, 
            2, 
            6, 
            3, 
            3, 
            8, 
            10, 
            2, 
            3, 
            0, 
            4, 
            2, 
            5, 
            2, 
            1, 
            12, 
            2, 
            9, 
            12, 
            2, 
            11, 
            8
        ]
    }, 
    "14": {
        "silhouette_score": 0.066599453192632441, 
        "labels": [
            12, 
            5, 
            4, 
            1, 
            11, 
            8, 
            2, 
            3, 
            1, 
            9, 
            6, 
            5, 
            10, 
            5, 
            0, 
            2, 
            5, 
            7, 
            2, 
            5, 
            13, 
            8
        ]
    }, 
    "15": {
        "silhouette_score": 0.021437103328701187, 
        "labels": [
            2, 
            8, 
            9, 
            0, 
            11, 
            11, 
            1, 
            12, 
            11, 
            0, 
            4, 
            8, 
            5, 
            8, 
            10, 
            7, 
            8, 
            13, 
            7, 
            3, 
            6, 
            14
        ]
    }, 
    "16": {
        "silhouette_score": 0.022106582118858933, 
        "labels": [
            9, 
            4, 
            10, 
            3, 
            2, 
            2, 
            15, 
            8, 
            2, 
            11, 
            7, 
            4, 
            6, 
            0, 
            5, 
            0, 
            1, 
            12, 
            0, 
            1, 
            13, 
            14
        ]
    }, 
    "17": {
        "silhouette_score": 0.035495237660447529, 
        "labels": [
            14, 
            1, 
            3, 
            15, 
            0, 
            13, 
            12, 
            5, 
            0, 
            7, 
            4, 
            1, 
            10, 
            1, 
            2, 
            16, 
            1, 
            9, 
            8, 
            1, 
            6, 
            11
        ]
    }, 
    "18": {
        "silhouette_score": 0.03697913764712276, 
        "labels": [
            9, 
            0, 
            4, 
            17, 
            3, 
            16, 
            13, 
            7, 
            2, 
            12, 
            5, 
            14, 
            8, 
            0, 
            6, 
            11, 
            0, 
            10, 
            11, 
            0, 
            15, 
            1
        ]
    }, 
    "19": {
        "silhouette_score": 0.037179398720041855,