{
    "2": {
        "silhouette_score": 0.25964571030990519, 
        "labels": [
            1, 
            1, 
            1, 
            1, 
            1, 
            1, 
            1, 
            1, 
            1, 
            1, 
            1, 
            1, 
            1, 
            1, 
            1, 
            1, 
            0, 
            0, 
            1, 
            0, 
            1, 
            1
        ]
    }, 
    "3": {
        "silhouette_score": 0.14023898831703974, 
        "labels": [
            0, 
            2, 
            0, 
            0, 
            0, 
            2, 
            2, 
            2, 
            2, 
            0, 
            2, 
            0, 
            0, 
            0, 
            0, 
            0, 
            1, 
            1, 
            2, 
            2, 
            0, 
            0
        ]
    }, 
    "4": {
        "silhouette_score": 0.14476336253658231, 
        "labels": [
            3, 
            0, 
            3, 
            3, 
            3, 
            2, 
            0, 
            2, 
            2, 
            3, 
            0, 
            2, 
            2, 
            3, 
            3, 
            2, 
            1, 
            1, 
            0, 
            0, 
            3, 
            2
        ]
    }, 
    "5": {
        "silhouette_score": 0.13537341178119558, 
        "labels": [
            4, 
            1, 
            4, 
            4, 
            1, 
            2, 
            1, 
            0, 
            2, 
            4, 
            0, 
            2, 
            4, 
            4, 
            4, 
            2, 
            3, 
            3, 
            1, 
            1, 
            4, 
            2
        ]
    }, 
    "6": {
        "silhouette_score": 0.1587434879487083, 
        "labels": [
            1, 
            3, 
            1, 
            1, 
            1, 
            2, 
            2, 
            4, 
            5, 
            1, 
            4, 
            5, 
            1, 
            1, 
            1, 
            3, 
            0, 
            0, 
            3, 
            3, 
            1, 
            5
        ]
    }, 
    "7": {
        "silhouette_score": 0.13362155530956937, 
        "labels": [
            2, 
            1, 
            2, 
            2, 
            1, 
            6, 
            4, 
            4, 
            0, 
            2, 
            4, 
            0, 
            5, 
            2, 
            1, 
            5, 
            3, 
            3, 
            1, 
            1, 
            1, 
            0
        ]
    }, 
    "8": {
        "silhouette_score": 0.14966110126058471, 
        "labels": [
            4, 
            1, 
            4, 
            4, 
            4, 
            7, 
            1, 
            6, 
            2, 
            1, 
            6, 
            2, 
            0, 
            5, 
            4, 
            0, 
            3, 
            3, 
            1, 
            1, 
            4, 
            2
        ]
    }, 
    "9": {
        "silhouette_score": 0.13280289263667153, 
        "labels": [
            2, 
            1, 
            2, 
            3, 
            3, 
            5, 
            1, 
            7, 
            0, 
            2, 
            7, 
            0, 
            8, 
            2, 
            3, 
            6, 
            4, 
            4, 
            1, 
            1, 
            3, 
            0
        ]
    }, 
    "10": {
        "silhouette_score": 0.12845103480180595, 
        "labels": [
            3, 
            7, 
            3, 
            1, 
            1, 
            4, 
            7, 
            0, 
            6, 
            3, 
            0, 
            3, 
            9, 
            8, 
            1, 
            5, 
            2, 
            2, 
            7, 
            7, 
            1, 
            6
        ]
    }, 
    "11": {
        "silhouette_score": 0.11209694593752297, 
        "labels": [
            0, 
            4, 
            3, 
            3, 
            3, 
            9, 
            4, 
            6, 
            5, 
            3, 
            6, 
            0, 
            8, 
            7, 
            10, 
            2, 
            1, 
            1, 
            4, 
            4, 
            10, 
            5
        ]
    }, 
    "12": {
        "silhouette_score": 0.1061956250611228, 
        "labels": [
            1, 
            6, 
            1, 
            1, 
            11, 
            8, 
            4, 
            3, 
            7, 
            1, 
            3, 
            5, 
            9, 
            10, 
            11, 
            0, 
            2, 
            2, 
            6, 
            6, 
            11, 
            5
        ]
    }, 
    "13": {
        "silhouette_score": 0.094427317324605617, 
        "labels": [
            5, 
            6, 
            3, 
            1, 
            1, 
            7, 
            4, 
            10, 
            0, 
            3, 
            10, 
            5, 
            8, 
            9, 
            12, 
            11, 
            2, 
            2, 
            6, 
            6, 
            12, 
            0
        ]
    }, 
    "14": {
        "silhouette_score": 0.077799123725722105, 
        "labels": [
            13, 
            1, 
            4, 
            4, 
            4, 
            5, 
            6, 
            7, 
            10, 
            4, 
            11, 
            2, 
            0, 
            9, 
            12, 
            8, 
            3, 
            3, 
            1, 
            1, 
            12, 
            2
        ]
    }, 
    "15": {
        "silhouette_score": 0.0740043176416047, 
        "labels": [
            1, 
            7, 
            11, 
            3, 
            3, 
            8, 
            6, 
            4, 
            12, 
            11, 
            4, 
            2, 
            5, 
            9, 
            14, 
            10, 
            0, 
            0, 
            7, 
            13, 
            14, 
            2
        ]
    }, 
    "16": {
        "silhouette_score": 0.033564414368342871, 
        "labels": [
            14, 
            11, 
            1, 
            1, 
            1, 
            10, 
            2, 
            7, 
            3, 
            1, 
            12, 
            9, 
            6, 
            8, 
            13, 
            5, 
            0, 
            15, 
            11, 
            4, 
            13, 
            9
        ]
    }, 
    "17": {
        "silhouette_score": 0.034201583809667917, 
        "labels": [
            13, 
            12, 
            9, 
            3, 
            3, 
            10, 
            5, 
            6, 
            7, 
            9, 
            14, 
            0, 
            4, 
            8, 
            15, 
            11, 
            2, 
            16, 
            12, 
            1, 
            15, 
            0
        ]
    }, 
    "18": {
        "silhouette_score": 0.026336801067727358, 
        "labels": [
            12, 
            3, 
            7, 
            7, 
            13, 
            8, 
            16, 
            4, 
            14, 
            17, 
            11, 
            2, 
            9, 
            15, 
            0, 
            6, 
            5, 
            10, 
            3, 
            1, 
            0, 
            2
        ]
    }, 
    "19": {
        "silhouette_score": 0.018379446839205196,