{
    "2": {
        "silhouette_score": 0.67770374009978174, 
        "labels": [
            0, 
            0, 
            0, 
            1, 
            0, 
            0
        ]
    }, 
    "3": {
        "silhouette_score": 0.22133985113935584, 
        "labels": [
            0, 
            2, 
            0, 
            1, 
            0, 
            0
        ]
    }, 
    "4": {
        "silhouette_score": 0.28902043801125127, 
        "labels": [
            2, 
            3, 
            1, 
            0, 
            1, 
            1
        ]
    }, 
    "5": {
        "silhouette_score": 0.078400803596143834, 
        "labels": [
            3, 
            2, 
            4, 
            1, 
            0, 
            0
        ]
    }
}