{
    "2": {
        "silhouette_score": 0.67488094227213391, 
        "labels": [
            0, 
            0, 
            1, 
            1, 
            0, 
            0
        ]
    }, 
    "3": {
        "silhouette_score": 0.47453170281101481, 
        "labels": [
            1, 
            1, 
            2, 
            0, 
            1, 
            1
        ]
    }, 
    "4": {
        "silhouette_score": 0.35750221448199954, 
        "labels": [
            2, 
            1, 
            3, 
            0, 
            1, 
            2
        ]
    }, 
    "5": {
        "silhouette_score": 0.18911319197775334, 
        "labels": [
            3, 
            4, 
            1, 
            2, 
            0, 
            3
        ]
    }
}