{
    "2": {
        "silhouette_score": 0.19860609564033121, 
        "labels": [
            0, 
            0, 
            1, 
            1, 
            1, 
            0, 
            0, 
            1, 
            1
        ]
    }, 
    "3": {
        "silhouette_score": 0.21984482782529061, 
        "labels": [
            1, 
            1, 
            2, 
            0, 
            2, 
            1, 
            1, 
            0, 
            1
        ]
    }, 
    "4": {
        "silhouette_score": 0.23509880361074403, 
        "labels": [
            2, 
            2, 
            3, 
            0, 
            3, 
            1, 
            2, 
            0, 
            3
        ]
    }, 
    "5": {
        "silhouette_score": 0.1811614245060279, 
        "labels": [
            0, 
            0, 
            2, 
            1, 
            4, 
            3, 
            0, 
            1, 
            0
        ]
    }, 
    "6": {
        "silhouette_score": 0.12887311601972909, 
        "labels": [
            0, 
            0, 
            2, 
            1, 
            5, 
            4, 
            3, 
            1, 
            5
        ]
    }, 
    "7": {
        "silhouette_score": 0.096655490716667333, 
        "labels": [
            2, 
            1, 
            0, 
            3, 
            4, 
            6, 
            2, 
            3, 
            5
        ]
    }, 
    "8": {
        "silhouette_score": 0.030428528721531987, 
        "labels": [
            0, 
            0, 
            3, 
            1, 
            4, 
            2, 
            7, 
            6, 
            5
        ]
    }
}