{
    "2": {
        "silhouette_score": 0.28893521717163972, 
        "labels": [
            1, 
            1, 
            1, 
            0, 
            1, 
            1, 
            0, 
            0
        ]
    }, 
    "3": {
        "silhouette_score": 0.17609980655876223, 
        "labels": [
            1, 
            1, 
            2, 
            0, 
            1, 
            1, 
            0, 
            0
        ]
    }, 
    "4": {
        "silhouette_score": 0.18564577316407058, 
        "labels": [
            2, 
            3, 
            1, 
            0, 
            3, 
            1, 
            0, 
            0
        ]
    }, 
    "5": {
        "silhouette_score": 0.13730966239027614, 
        "labels": [
            1, 
            3, 
            2, 
            0, 
            3, 
            2, 
            4, 
            0
        ]
    }, 
    "6": {
        "silhouette_score": 0.07122796145752687, 
        "labels": [
            4, 
            2, 
            0, 
            1, 
            5, 
            2, 
            3, 
            1
        ]
    }, 
    "7": {
        "silhouette_score": 0.062901348854602301, 
        "labels": [
            5, 
            0, 
            2, 
            1, 
            4, 
            6, 
            3, 
            1
        ]
    }
}