{
    "2": {
        "silhouette_score": 0.32730430428557544, 
        "labels": [
            0, 
            1, 
            0, 
            1, 
            0, 
            0
        ]
    }, 
    "3": {
        "silhouette_score": 0.28919069068552999, 
        "labels": [
            0, 
            1, 
            0, 
            2, 
            0, 
            0
        ]
    }, 
    "4": {
        "silhouette_score": 0.14163011262839784, 
        "labels": [
            3, 
            2, 
            0, 
            1, 
            0, 
            0
        ]
    }, 
    "5": {
        "silhouette_score": 0.14184698695414352, 
        "labels": [
            4, 
            2, 
            3, 
            0, 
            1, 
            3
        ]
    }
}