{
    "2": {
        "silhouette_score": 0.52317796305111164, 
        "labels": [
            0, 
            0, 
            0, 
            0, 
            0, 
            0, 
            0, 
            0, 
            0, 
            0, 
            0, 
            0, 
            1, 
            0, 
            0, 
            1, 
            0
        ]
    }, 
    "3": {
        "silhouette_score": 0.3194765518861501, 
        "labels": [
            0, 
            1, 
            0, 
            0, 
            1, 
            0, 
            1, 
            1, 
            0, 
            0, 
            0, 
            1, 
            2, 
            1, 
            0, 
            2, 
            1
        ]
    }, 
    "4": {
        "silhouette_score": 0.33148654873092276, 
        "labels": [
            0, 
            2, 
            1, 
            1, 
            2, 
            1, 
            2, 
            2, 
            2, 
            1, 
            1, 
            0, 
            3, 
            0, 
            1, 
            3, 
            2
        ]
    }, 
    "5": {
        "silhouette_score": 0.35395960073301086, 
        "labels": [
            3, 
            4, 
            3, 
            0, 
            4, 
            2, 
            2, 
            0, 
            2, 
            3, 
            3, 
            4, 
            1, 
            4, 
            3, 
            1, 
            2
        ]
    }, 
    "6": {
        "silhouette_score": 0.36810828881762681, 
        "labels": [
            2, 
            5, 
            4, 
            3, 
            5, 
            0, 
            0, 
            3, 
            0, 
            4, 
            4, 
            2, 
            1, 
            2, 
            4, 
            1, 
            0
        ]
    }, 
    "7": {
        "silhouette_score": 0.37025566496209911, 
        "labels": [
            3, 
            5, 
            2, 
            4, 
            5, 
            0, 
            0, 
            6, 
            0, 
            4, 
            2, 
            3, 
            1, 
            3, 
            2, 
            1, 
            0
        ]
    }, 
    "8": {
        "silhouette_score": 0.32903905290772029, 
        "labels": [
            5, 
            1, 
            3, 
            7, 
            1, 
            0, 
            0, 
            4, 
            0, 
            6, 
            3, 
            5, 
            2, 
            5, 
            3, 
            2, 
            0
        ]
    }, 
    "9": {
        "silhouette_score": 0.32605011297746406, 
        "labels": [
            6, 
            3, 
            7, 
            8, 
            3, 
            1, 
            1, 
            4, 
            1, 
            2, 
            7, 
            5, 
            0, 
            5, 
            7, 
            0, 
            1
        ]
    }, 
    "10": {
        "silhouette_score": 0.29195994331972835, 
        "labels": [
            3, 
            7, 
            3, 
            6, 
            7, 
            8, 
            1, 
            5, 
            1, 
            2, 
            3, 
            4, 
            0, 
            4, 
            9, 
            0, 
            1
        ]
    }, 
    "11": {
        "silhouette_score": 0.30216265302372758, 
        "labels": [
            1, 
            0, 
            3, 
            6, 
            0, 
            9, 
            4, 
            5, 
            4, 
            8, 
            3, 
            7, 
            2, 
            7, 
            10, 
            2, 
            4
        ]
    }, 
    "12": {
        "silhouette_score": 0.30276438762686864, 
        "labels": [
            1, 
            0, 
            3, 
            6, 
            0, 
            10, 
            4, 
            8, 
            7, 
            9, 
            3, 
            5, 
            2, 
            5, 
            11, 
            2, 
            7
        ]
    }, 
    "13": {
        "silhouette_score": 0.24918343799936882, 
        "labels": [
            10, 
            12, 
            1, 
            6, 
            5, 
            7, 
            4, 
            8, 
            3, 
            9, 
            1, 
            0, 
            2, 
            0, 
            11, 
            2, 
            3
        ]
    }, 
    "14": {
        "silhouette_score": 0.20873781008006118, 
        "labels": [
            1, 
            13, 
            12, 
            0, 
            4, 
            11, 
            8, 
            9, 
            3, 
            10, 
            5, 
            6, 
            2, 
            6, 
            7, 
            2, 
            3
        ]
    }, 
    "15": {
        "silhouette_score": 0.16935269552212168, 
        "labels": [
            9, 
            12, 
            4, 
            7, 
            6, 
            8, 
            10, 
            5, 
            14, 
            0, 
            13, 
            3, 
            1, 
            3, 
            11, 
            1, 
            2
        ]
    }, 
    "16": {
        "silhouette_score": 0.10879016416076315, 
        "labels": [
            11, 
            5, 
            13, 
            0, 
            12, 
            10, 
            4, 
            6, 
            7, 
            9, 
            3, 
            1, 
            2, 
            15, 
            8, 
            2, 
            14
        ]
    }
}