{
    "2": {
        "silhouette_score": 0.31218499197771138, 
        "labels": [
            0, 
            0, 
            0, 
            0, 
            0, 
            0, 
            0, 
            0, 
            0, 
            0, 
            0, 
            0, 
            0, 
            0, 
            0, 
            0, 
            1, 
            1, 
            0, 
            0, 
            0, 
            0
        ]
    }, 
    "3": {
        "silhouette_score": 0.28545967427556374, 
        "labels": [
            0, 
            0, 
            0, 
            0, 
            0, 
            2, 
            0, 
            0, 
            0, 
            0, 
            0, 
            0, 
            0, 
            0, 
            0, 
            2, 
            1, 
            1, 
            0, 
            0, 
            0, 
            0
        ]
    }, 
    "4": {
        "silhouette_score": 0.1195817227707765, 
        "labels": [
            2, 
            0, 
            2, 
            2, 
            2, 
            1, 
            0, 
            2, 
            2, 
            2, 
            0, 
            2, 
            2, 
            2, 
            2, 
            1, 
            3, 
            3, 
            0, 
            0, 
            2, 
            2
        ]
    }, 
    "5": {
        "silhouette_score": 0.13936128949579107, 
        "labels": [
            1, 
            2, 
            1, 
            1, 
            1, 
            4, 
            2, 
            2, 
            0, 
            1, 
            2, 
            0, 
            0, 
            1, 
            1, 
            0, 
            3, 
            3, 
            2, 
            2, 
            1, 
            0
        ]
    }, 
    "6": {
        "silhouette_score": 0.12852985564671546, 
        "labels": [
            1, 
            2, 
            4, 
            4, 
            4, 
            3, 
            2, 
            2, 
            2, 
            4, 
            2, 
            1, 
            4, 
            4, 
            4, 
            5, 
            0, 
            0, 
            2, 
            2, 
            4, 
            1
        ]
    }, 
    "7": {
        "silhouette_score": 0.14371337670842205, 
        "labels": [
            0, 
            1, 
            0, 
            0, 
            0, 
            4, 
            1, 
            6, 
            5, 
            0, 
            6, 
            5, 
            0, 
            0, 
            0, 
            3, 
            2, 
            2, 
            1, 
            1, 
            0, 
            5
        ]
    }, 
    "8": {
        "silhouette_score": 0.13181467719055148, 
        "labels": [
            3, 
            1, 
            7, 
            0, 
            0, 
            5, 
            1, 
            6, 
            3, 
            7, 
            6, 
            3, 
            7, 
            7, 
            0, 
            4, 
            2, 
            2, 
            1, 
            0, 
            0, 
            3
        ]
    }, 
    "9": {
        "silhouette_score": 0.13040182402275513, 
        "labels": [
            2, 
            0, 
            1, 
            1, 
            1, 
            3, 
            5, 
            5, 
            7, 
            5, 
            5, 
            7, 
            8, 
            2, 
            1, 
            6, 
            4, 
            4, 
            0, 
            0, 
            1, 
            7
        ]
    }, 
    "10": {
        "silhouette_score": 0.11892149848269246, 
        "labels": [
            4, 
            7, 
            2, 
            1, 
            1, 
            5, 
            6, 
            6, 
            0, 
            2, 
            6, 
            4, 
            8, 
            2, 
            1, 
            9, 
            3, 
            3, 
            7, 
            7, 
            1, 
            4
        ]
    }, 
    "11": {
        "silhouette_score": 0.12174806510890188, 
        "labels": [
            2, 
            1, 
            4, 
            4, 
            4, 
            5, 
            1, 
            6, 
            10, 
            4, 
            6, 
            2, 
            0, 
            9, 
            8, 
            7, 
            3, 
            3, 
            1, 
            1, 
            8, 
            2
        ]
    }, 
    "12": {
        "silhouette_score": 0.11489589796509843, 
        "labels": [
            8, 
            4, 
            7, 
            0, 
            0, 
            2, 
            4, 
            6, 
            3, 
            7, 
            6, 
            3, 
            9, 
            10, 
            11, 
            5, 
            1, 
            1, 
            4, 
            4, 
            11, 
            3
        ]
    }, 
    "13": {
        "silhouette_score": 0.097097054294406127, 
        "labels": [
            4, 
            5, 
            2, 
            10, 
            10, 
            3, 
            5, 
            0, 
            9, 
            2, 
            0, 
            4, 
            8, 
            12, 
            6, 
            7, 
            1, 
            1, 
            5, 
            11, 
            10, 
            4
        ]
    }, 
    "14": {
        "silhouette_score": 0.086015856352288728, 
        "labels": [
            13, 
            6, 
            1, 
            1, 
            10, 
            7, 
            6, 
            9, 
            0, 
            1, 
            9, 
            8, 
            11, 
            12, 
            5, 
            4, 
            3, 
            3, 
            6, 
            2, 
            10, 
            8
        ]
    }, 
    "15": {
        "silhouette_score": 0.064805513167620565, 
        "labels": [
            11, 
            6, 
            2, 
            12, 
            12, 
            7, 
            6, 
            1, 
            14, 
            2, 
            1, 
            5, 
            9, 
            0, 
            8, 
            4, 
            3, 
            13, 
            6, 
            10, 
            12, 
            5
        ]
    }, 
    "16": {
        "silhouette_score": 0.050142429544442618, 
        "labels": [
            14, 
            4, 
            8, 
            1, 
            1, 
            0, 
            4, 
            11, 
            9, 
            8, 
            5, 
            3, 
            6, 
            10, 
            12, 
            7, 
            15, 
            2, 
            4, 
            13, 
            1, 
            3
        ]
    }, 
    "17": {
        "silhouette_score": 0.043809643510962011, 
        "labels": [
            6, 
            3, 
            11, 
            1, 
            1, 
            8, 
            13, 
            4, 
            5, 
            11, 
            12, 
            10, 
            7, 
            15, 
            9, 
            0, 
            2, 
            14, 
            3, 
            16, 
            1, 
            10
        ]
    }, 
    "18": {
        "silhouette_score": 0.03817248240064091, 
        "labels": [
            15, 
            0, 
            12, 
            11, 
            11, 
            3, 
            14, 
            6, 
            7, 
            12, 
            13, 
            1, 
            9, 
            8, 
            16, 
            5, 
            4, 
            10, 
            0, 
            17, 
            2, 
            1
        ]
    }, 
    "19": {
        "silhouette_score": 0.028106838026626679,