{
    "2": {
        "silhouette_score": 0.26778659324473819, 
        "labels": [
            1, 
            0, 
            1, 
            1, 
            0, 
            1, 
            1, 
            1, 
            1, 
            1, 
            1, 
            0, 
            0, 
            1, 
            1, 
            0, 
            1
        ]
    }, 
    "3": {
        "silhouette_score": 0.27398206420971399, 
        "labels": [
            1, 
            0, 
            1, 
            1, 
            0, 
            1, 
            1, 
            1, 
            1, 
            1, 
            1, 
            2, 
            2, 
            1, 
            1, 
            0, 
            1
        ]
    }, 
    "4": {
        "silhouette_score": 0.17530810493469909, 
        "labels": [
            3, 
            0, 
            3, 
            3, 
            0, 
            3, 
            1, 
            1, 
            1, 
            3, 
            3, 
            2, 
            2, 
            1, 
            3, 
            0, 
            3
        ]
    }, 
    "5": {
        "silhouette_score": 0.15717154091311808, 
        "labels": [
            4, 
            0, 
            4, 
            4, 
            0, 
            2, 
            2, 
            2, 
            1, 
            1, 
            1, 
            3, 
            3, 
            2, 
            4, 
            0, 
            4
        ]
    }, 
    "6": {
        "silhouette_score": 0.15431242945638365, 
        "labels": [
            3, 
            4, 
            3, 
            3, 
            4, 
            3, 
            1, 
            1, 
            5, 
            5, 
            5, 
            2, 
            2, 
            1, 
            0, 
            4, 
            3
        ]
    }, 
    "7": {
        "silhouette_score": 0.14681732335853109, 
        "labels": [
            4, 
            1, 
            6, 
            4, 
            1, 
            2, 
            0, 
            0, 
            5, 
            5, 
            5, 
            3, 
            3, 
            0, 
            2, 
            1, 
            2
        ]
    }, 
    "8": {
        "silhouette_score": 0.12464234371996338, 
        "labels": [
            2, 
            6, 
            5, 
            1, 
            7, 
            2, 
            4, 
            4, 
            1, 
            1, 
            1, 
            0, 
            0, 
            4, 
            2, 
            3, 
            2
        ]
    }, 
    "9": {
        "silhouette_score": 0.1198920955435326, 
        "labels": [
            4, 
            8, 
            2, 
            4, 
            8, 
            4, 
            1, 
            1, 
            7, 
            3, 
            3, 
            5, 
            5, 
            1, 
            6, 
            0, 
            4
        ]
    }, 
    "10": {
        "silhouette_score": 0.11675266369413591, 
        "labels": [
            5, 
            3, 
            8, 
            4, 
            7, 
            5, 
            2, 
            2, 
            6, 
            4, 
            9, 
            1, 
            1, 
            2, 
            0, 
            3, 
            5
        ]
    }, 
    "11": {
        "silhouette_score": 0.10989080311305288, 
        "labels": [
            0, 
            1, 
            8, 
            5, 
            7, 
            0, 
            2, 
            2, 
            9, 
            5, 
            3, 
            4, 
            4, 
            2, 
            10, 
            6, 
            0
        ]
    }, 
    "12": {
        "silhouette_score": 0.10428451490523415, 
        "labels": [
            1, 
            3, 
            0, 
            7, 
            8, 
            1, 
            5, 
            5, 
            11, 
            7, 
            4, 
            2, 
            2, 
            9, 
            6, 
            10, 
            1
        ]
    }, 
    "13": {
        "silhouette_score": 0.093706803744883868, 
        "labels": [
            3, 
            4, 
            6, 
            12, 
            7, 
            2, 
            5, 
            5, 
            9, 
            12, 
            8, 
            1, 
            1, 
            0, 
            11, 
            10, 
            2
        ]
    }, 
    "14": {
        "silhouette_score": 0.088515285234067806, 
        "labels": [
            13, 
            9, 
            6, 
            12, 
            5, 
            1, 
            4, 
            4, 
            8, 
            11, 
            3, 
            0, 
            0, 
            10, 
            7, 
            2, 
            1
        ]
    }, 
    "15": {
        "silhouette_score": 0.044895948816222921, 
        "labels": [
            1, 
            10, 
            6, 
            5, 
            3, 
            9, 
            4, 
            4, 
            11, 
            13, 
            0, 
            2, 
            14, 
            12, 
            7, 
            8, 
            9
        ]
    }, 
    "16": {
        "silhouette_score": 0.034065761441302002, 
        "labels": [
            8, 
            4, 
            11, 
            12, 
            0, 
            15, 
            2, 
            2, 
            7, 
            10, 
            6, 
            3, 
            14, 
            13, 
            9, 
            5, 
            1
        ]
    }
}