{
    "2": {
        "silhouette_score": 0.19681436860427706, 
        "labels": [
            0, 
            1, 
            0, 
            0, 
            0, 
            0, 
            1, 
            1, 
            0, 
            0, 
            1, 
            1, 
            1, 
            0, 
            0, 
            0, 
            1, 
            0, 
            0, 
            1, 
            0, 
            0
        ]
    }, 
    "3": {
        "silhouette_score": 0.15197511924500062, 
        "labels": [
            2, 
            1, 
            0, 
            0, 
            0, 
            0, 
            1, 
            1, 
            0, 
            2, 
            1, 
            1, 
            1, 
            2, 
            2, 
            2, 
            1, 
            0, 
            2, 
            2, 
            0, 
            0
        ]
    }, 
    "4": {
        "silhouette_score": 0.10127359800570131, 
        "labels": [
            1, 
            3, 
            1, 
            1, 
            2, 
            1, 
            3, 
            0, 
            2, 
            1, 
            3, 
            3, 
            3, 
            1, 
            3, 
            1, 
            3, 
            1, 
            1, 
            3, 
            2, 
            1
        ]
    }, 
    "5": {
        "silhouette_score": 0.10134899756924538, 
        "labels": [
            0, 
            3, 
            2, 
            2, 
            2, 
            2, 
            3, 
            3, 
            2, 
            4, 
            1, 
            3, 
            3, 
            4, 
            3, 
            4, 
            3, 
            2, 
            4, 
            3, 
            2, 
            2
        ]
    }, 
    "6": {
        "silhouette_score": 0.11367724952214084, 
        "labels": [
            1, 
            1, 
            0, 
            5, 
            2, 
            2, 
            3, 
            1, 
            2, 
            3, 
            4, 
            1, 
            4, 
            1, 
            1, 
            3, 
            1, 
            5, 
            3, 
            1, 
            2, 
            5
        ]
    }, 
    "7": {
        "silhouette_score": 0.13495449930102232, 
        "labels": [
            0, 
            6, 
            3, 
            3, 
            3, 
            3, 
            4, 
            6, 
            3, 
            0, 
            2, 
            6, 
            4, 
            0, 
            5, 
            0, 
            6, 
            3, 
            0, 
            6, 
            1, 
            3
        ]
    }, 
    "8": {
        "silhouette_score": 0.14812141732887976, 
        "labels": [
            3, 
            0, 
            1, 
            1, 
            2, 
            3, 
            0, 
            0, 
            2, 
            4, 
            5, 
            0, 
            0, 
            4, 
            7, 
            4, 
            0, 
            6, 
            4, 
            0, 
            2, 
            1
        ]
    }, 
    "9": {
        "silhouette_score": 0.077784338375066209, 
        "labels": [
            6, 
            3, 
            4, 
            0, 
            0, 
            0, 
            3, 
            5, 
            0, 
            2, 
            3, 
            3, 
            1, 
            6, 
            8, 
            6, 
            3, 
            7, 
            6, 
            3, 
            0, 
            2
        ]
    }, 
    "10": {
        "silhouette_score": 0.089284514262885029, 
        "labels": [
            5, 
            4, 
            1, 
            1, 
            3, 
            1, 
            2, 
            4, 
            3, 
            5, 
            9, 
            4, 
            7, 
            5, 
            8, 
            5, 
            4, 
            0, 
            5, 
            4, 
            6, 
            1
        ]
    }, 
    "11": {
        "silhouette_score": 0.14613808034807896, 
        "labels": [
            10, 
            1, 
            5, 
            5, 
            2, 
            10, 
            1, 
            7, 
            2, 
            4, 
            8, 
            1, 
            3, 
            6, 
            9, 
            0, 
            1, 
            5, 
            0, 
            1, 
            2, 
            5
        ]
    }, 
    "12": {
        "silhouette_score": 0.10953615740135468, 
        "labels": [
            2, 
            0, 
            11, 
            1, 
            3, 
            10, 
            0, 
            9, 
            3, 
            2, 
            4, 
            0, 
            5, 
            2, 
            6, 
            2, 
            0, 
            8, 
            2, 
            0, 
            7, 
            1
        ]
    }, 
    "13": {
        "silhouette_score": 0.066657979817645444, 
        "labels": [
            9, 
            3, 
            12, 
            2, 
            2, 
            7, 
            8, 
            10, 
            2, 
            9, 
            4, 
            3, 
            11, 
            1, 
            6, 
            9, 
            3, 
            0, 
            9, 
            3, 
            5, 
            2
        ]
    }, 
    "14": {
        "silhouette_score": 0.11135380856488865, 
        "labels": [
            12, 
            11, 
            5, 
            5, 
            1, 
            10, 
            2, 
            0, 
            1, 
            4, 
            6, 
            11, 
            3, 
            7, 
            9, 
            8, 
            11, 
            5, 
            8, 
            0, 
            13, 
            5
        ]
    }, 
    "15": {
        "silhouette_score": 0.12851700512619207, 
        "labels": [
            14, 
            2, 
            12, 
            4, 
            7, 
            8, 
            2, 
            10, 
            7, 
            13, 
            5, 
            2, 
            11, 
            0, 
            6, 
            9, 
            2, 
            1, 
            9, 
            2, 
            3, 
            4
        ]
    }, 
    "16": {
        "silhouette_score": 0.094797622796054845, 
        "labels": [
            13, 
            7, 
            8, 
            11, 
            2, 
            12, 
            6, 
            0, 
            2, 
            1, 
            10, 
            7, 
            4, 
            3, 
            5, 
            3, 
            7, 
            15, 
            3, 
            14, 
            9, 
            11
        ]
    }, 
    "17": {
        "silhouette_score": 0.10684193396398163, 
        "labels": [
            8, 
            1, 
            0, 
            9, 
            2, 
            12, 
            16, 
            13, 
            2, 
            15, 
            7, 
            1, 
            11, 
            14, 
            5, 
            3, 
            1, 
            6, 
            3, 
            4, 
            10, 
            9
        ]
    }, 
    "18": {
        "silhouette_score": 0.07814822096488086, 
        "labels": [
            8, 
            3, 
            5, 
            17, 
            4, 
            13, 
            12, 
            9, 
            4, 
            16, 
            2, 
            3, 
            6, 
            15, 
            7, 
            1, 
            3, 
            0, 
            1, 
            14, 
            11, 
            10
        ]
    }, 
    "19": {
        "silhouette_score": 0.03846922364300874,