{
    "2": {
        "silhouette_score": 0.050592313167578874, 
        "labels": [
            1, 
            1, 
            1, 
            1, 
            0, 
            1, 
            1, 
            0
        ]
    }, 
    "3": {
        "silhouette_score": 0.12875613819985338, 
        "labels": [
            1, 
            2, 
            0, 
            1, 
            2, 
            2, 
            1, 
            1
        ]
    }, 
    "4": {
        "silhouette_score": 0.058923138491329713, 
        "labels": [
            0, 
            3, 
            2, 
            0, 
            1, 
            3, 
            0, 
            0
        ]
    }, 
    "5": {
        "silhouette_score": 0.037243369944579538, 
        "labels": [
            0, 
            3, 
            2, 
            0, 
            1, 
            3, 
            0, 
            4
        ]
    }, 
    "6": {
        "silhouette_score": 0.087713387781380964, 
        "labels": [
            4, 
            0, 
            2, 
            3, 
            5, 
            0, 
            3, 
            1
        ]
    }, 
    "7": {
        "silhouette_score": 0.053680628647710962, 
        "labels": [
            4, 
            6, 
            1, 
            3, 
            5, 
            2, 
            3, 
            0
        ]
    }
}