{
    "2": {
        "silhouette_score": 0.20279141531455677, 
        "labels": [
            1, 
            0, 
            1, 
            1, 
            1, 
            0, 
            1, 
            1
        ]
    }, 
    "3": {
        "silhouette_score": 0.17819648575093872, 
        "labels": [
            1, 
            0, 
            2, 
            1, 
            1, 
            0, 
            1, 
            1
        ]
    }, 
    "4": {
        "silhouette_score": 0.1847926464393097, 
        "labels": [
            2, 
            0, 
            3, 
            2, 
            1, 
            0, 
            2, 
            2
        ]
    }, 
    "5": {
        "silhouette_score": 0.17846724951874046, 
        "labels": [
            2, 
            1, 
            3, 
            0, 
            4, 
            1, 
            2, 
            0
        ]
    }, 
    "6": {
        "silhouette_score": 0.10470889737569739, 
        "labels": [
            4, 
            2, 
            1, 
            0, 
            3, 
            5, 
            4, 
            0
        ]
    }, 
    "7": {
        "silhouette_score": 0.046292618188012225, 
        "labels": [
            4, 
            3, 
            0, 
            1, 
            5, 
            6, 
            4, 
            2
        ]
    }
}