{
    "2": {
        "silhouette_score": 0.42772098108265033, 
        "labels": [
            0, 
            0, 
            0, 
            1, 
            0, 
            0
        ]
    }, 
    "3": {
        "silhouette_score": 0.21063485096435744, 
        "labels": [
            2, 
            0, 
            2, 
            1, 
            0, 
            2
        ]
    }, 
    "4": {
        "silhouette_score": 0.28402057478154769, 
        "labels": [
            2, 
            3, 
            0, 
            1, 
            3, 
            2
        ]
    }, 
    "5": {
        "silhouette_score": 0.15457383139183659, 
        "labels": [
            0, 
            4, 
            3, 
            1, 
            2, 
            0
        ]
    }
}