{
    "2": {
        "silhouette_score": 0.17637613595605425, 
        "labels": [
            0, 
            1, 
            0, 
            1, 
            1, 
            1, 
            0, 
            1
        ]
    }, 
    "3": {
        "silhouette_score": 0.14053484520513432, 
        "labels": [
            1, 
            0, 
            1, 
            0, 
            0, 
            2, 
            1, 
            0
        ]
    }, 
    "4": {
        "silhouette_score": 0.13357368671004494, 
        "labels": [
            0, 
            1, 
            3, 
            1, 
            1, 
            2, 
            0, 
            1
        ]
    }, 
    "5": {
        "silhouette_score": 0.10076123912501025, 
        "labels": [
            1, 
            0, 
            3, 
            0, 
            4, 
            2, 
            1, 
            0
        ]
    }, 
    "6": {
        "silhouette_score": 0.12562500472176236, 
        "labels": [
            0, 
            5, 
            3, 
            2, 
            1, 
            4, 
            0, 
            2
        ]
    }, 
    "7": {
        "silhouette_score": 0.065970053074493801, 
        "labels": [
            2, 
            5, 
            3, 
            1, 
            4, 
            0, 
            6, 
            1
        ]
    }
}