{
    "2": {
        "silhouette_score": 0.52868315349691952, 
        "labels": [
            1, 
            1, 
            1, 
            1, 
            1, 
            1, 
            1, 
            1, 
            1, 
            0, 
            1, 
            1, 
            1, 
            1, 
            0, 
            1, 
            1
        ]
    }, 
    "3": {
        "silhouette_score": 0.21969092728902456, 
        "labels": [
            1, 
            1, 
            0, 
            1, 
            1, 
            1, 
            1, 
            1, 
            1, 
            2, 
            1, 
            1, 
            1, 
            1, 
            2, 
            1, 
            1
        ]
    }, 
    "4": {
        "silhouette_score": 0.018068178972507939, 
        "labels": [
            2, 
            2, 
            2, 
            0, 
            0, 
            0, 
            2, 
            0, 
            2, 
            3, 
            0, 
            2, 
            2, 
            2, 
            1, 
            2, 
            2
        ]
    }, 
    "5": {
        "silhouette_score": 0.13788257242867422, 
        "labels": [
            3, 
            0, 
            3, 
            0, 
            3, 
            3, 
            3, 
            3, 
            2, 
            1, 
            0, 
            3, 
            2, 
            2, 
            4, 
            0, 
            3
        ]
    }, 
    "6": {
        "silhouette_score": 0.094316909368609411, 
        "labels": [
            5, 
            0, 
            5, 
            2, 
            5, 
            0, 
            0, 
            5, 
            3, 
            1, 
            3, 
            0, 
            2, 
            2, 
            4, 
            3, 
            5
        ]
    }, 
    "7": {
        "silhouette_score": 0.076634637859344865, 
        "labels": [
            0, 
            3, 
            1, 
            2, 
            0, 
            1, 
            1, 
            0, 
            6, 
            4, 
            3, 
            1, 
            2, 
            2, 
            5, 
            3, 
            0
        ]
    }, 
    "8": {
        "silhouette_score": 0.02561238474340833, 
        "labels": [
            4, 
            5, 
            4, 
            5, 
            4, 
            1, 
            7, 
            4, 
            6, 
            2, 
            0, 
            7, 
            6, 
            6, 
            3, 
            5, 
            7
        ]
    }, 
    "9": {
        "silhouette_score": 0.090740383107310904, 
        "labels": [
            5, 
            2, 
            6, 
            7, 
            3, 
            5, 
            5, 
            3, 
            8, 
            4, 
            2, 
            5, 
            1, 
            1, 
            0, 
            2, 
            5
        ]
    }, 
    "10": {
        "silhouette_score": 0.058024916508267105, 
        "labels": [
            3, 
            2, 
            6, 
            7, 
            0, 
            8, 
            3, 
            0, 
            9, 
            1, 
            2, 
            3, 
            5, 
            5, 
            4, 
            2, 
            3
        ]
    }, 
    "11": {
        "silhouette_score": 0.072005149583277417, 
        "labels": [
            7, 
            0, 
            8, 
            9, 
            4, 
            3, 
            7, 
            4, 
            2, 
            1, 
            10, 
            7, 
            6, 
            6, 
            5, 
            0, 
            4
        ]
    }, 
    "12": {
        "silhouette_score": 0.041596551738697932, 
        "labels": [
            1, 
            2, 
            9, 
            7, 
            5, 
            8, 
            1, 
            11, 
            4, 
            0, 
            10, 
            1, 
            6, 
            6, 
            3, 
            2, 
            1
        ]
    }, 
    "13": {
        "silhouette_score": 0.04132243959665248, 
        "labels": [
            3, 
            0, 
            7, 
            6, 
            5, 
            11, 
            3, 
            5, 
            9, 
            1, 
            10, 
            3, 
            2, 
            2, 
            4, 
            8, 
            12
        ]
    }, 
    "14": {
        "silhouette_score": 0.066855024935796536, 
        "labels": [
            13, 
            1, 
            5, 
            8, 
            12, 
            10, 
            6, 
            4, 
            0, 
            2, 
            11, 
            6, 
            7, 
            7, 
            3, 
            1, 
            9
        ]
    }, 
    "15": {
        "silhouette_score": 0.03286821131778897, 
        "labels": [
            7, 
            2, 
            8, 
            5, 
            13, 
            9, 
            14, 
            0, 
            11, 
            1, 
            12, 
            3, 
            4, 
            4, 
            6, 
            2, 
            10
        ]
    }, 
    "16": {
        "silhouette_score": 0.026056043756984323, 
        "labels": [
            4, 
            5, 
            9, 
            7, 
            8, 
            10, 
            15, 
            13, 
            11, 
            2, 
            1, 
            0, 
            6, 
            6, 
            3, 
            14, 
            12
        ]
    }
}