{
    "2": {
        "silhouette_score": 0.43849552111828921, 
        "labels": [
            0, 
            1, 
            0, 
            1, 
            0, 
            0
        ]
    }, 
    "3": {
        "silhouette_score": 0.29109104759448678, 
        "labels": [
            0, 
            1, 
            2, 
            1, 
            2, 
            2
        ]
    }, 
    "4": {
        "silhouette_score": 0.16084245894006602, 
        "labels": [
            2, 
            3, 
            1, 
            0, 
            1, 
            1
        ]
    }, 
    "5": {
        "silhouette_score": 0.088068685917064141, 
        "labels": [
            3, 
            2, 
            0, 
            1, 
            4, 
            0
        ]
    }
}