{
    "2": {
        "silhouette_score": 0.23193480388917087, 
        "labels": [
            1, 
            1, 
            0, 
            1, 
            1, 
            1, 
            1, 
            1
        ]
    }, 
    "3": {
        "silhouette_score": 0.11406700680666977, 
        "labels": [
            0, 
            0, 
            2, 
            0, 
            1, 
            1, 
            0, 
            1
        ]
    }, 
    "4": {
        "silhouette_score": 0.027469338585283151, 
        "labels": [
            3, 
            2, 
            1, 
            3, 
            0, 
            0, 
            3, 
            2
        ]
    }, 
    "5": {
        "silhouette_score": 0.09916960489394204, 
        "labels": [
            3, 
            4, 
            2, 
            1, 
            0, 
            4, 
            1, 
            0
        ]
    }, 
    "6": {
        "silhouette_score": 0.059353064135528509, 
        "labels": [
            0, 
            5, 
            3, 
            1, 
            2, 
            2, 
            1, 
            4
        ]
    }, 
    "7": {
        "silhouette_score": 0.05592964392497899, 
        "labels": [
            4, 
            1, 
            0, 
            3, 
            5, 
            2, 
            3, 
            6
        ]
    }
}