{
    "2": {
        "silhouette_score": 0.22222792694774524, 
        "labels": [
            0, 
            1, 
            0, 
            0, 
            0, 
            1, 
            0, 
            1, 
            0, 
            1, 
            1, 
            0, 
            0, 
            1, 
            0, 
            0, 
            0, 
            0, 
            1, 
            1, 
            0, 
            0
        ]
    }, 
    "3": {
        "silhouette_score": 0.12006386150614304, 
        "labels": [
            1, 
            0, 
            2, 
            1, 
            1, 
            2, 
            1, 
            2, 
            1, 
            0, 
            2, 
            1, 
            1, 
            2, 
            1, 
            1, 
            1, 
            2, 
            2, 
            2, 
            1, 
            1
        ]
    }, 
    "4": {
        "silhouette_score": 0.12405042096622208, 
        "labels": [
            1, 
            3, 
            0, 
            1, 
            1, 
            3, 
            1, 
            3, 
            1, 
            2, 
            0, 
            1, 
            1, 
            3, 
            1, 
            1, 
            1, 
            3, 
            3, 
            3, 
            1, 
            1
        ]
    }, 
    "5": {
        "silhouette_score": 0.17705130103281014, 
        "labels": [
            4, 
            3, 
            2, 
            1, 
            1, 
            0, 
            1, 
            3, 
            1, 
            3, 
            2, 
            1, 
            1, 
            3, 
            1, 
            1, 
            1, 
            1, 
            3, 
            3, 
            1, 
            1
        ]
    }, 
    "6": {
        "silhouette_score": 0.069105177587383187, 
        "labels": [
            4, 
            1, 
            5, 
            2, 
            2, 
            1, 
            5, 
            1, 
            5, 
            1, 
            1, 
            0, 
            5, 
            3, 
            2, 
            2, 
            5, 
            5, 
            1, 
            1, 
            2, 
            2
        ]
    }, 
    "7": {
        "silhouette_score": 0.08114064154217171, 
        "labels": [
            1, 
            2, 
            5, 
            0, 
            4, 
            0, 
            0, 
            0, 
            4, 
            2, 
            6, 
            0, 
            4, 
            3, 
            4, 
            4, 
            0, 
            0, 
            2, 
            2, 
            4, 
            4
        ]
    }, 
    "8": {
        "silhouette_score": 0.08547390738077644, 
        "labels": [
            4, 
            2, 
            6, 
            1, 
            1, 
            2, 
            6, 
            2, 
            3, 
            2, 
            0, 
            1, 
            5, 
            7, 
            1, 
            1, 
            6, 
            6, 
            2, 
            2, 
            1, 
            3
        ]
    }, 
    "9": {
        "silhouette_score": 0.087768933209717126, 
        "labels": [
            3, 
            0, 
            2, 
            6, 
            1, 
            0, 
            2, 
            0, 
            1, 
            0, 
            5, 
            6, 
            7, 
            4, 
            1, 
            8, 
            2, 
            2, 
            0, 
            0, 
            1, 
            1
        ]
    }, 
    "10": {
        "silhouette_score": 0.11266600336192535, 
        "labels": [
            0, 
            1, 
            5, 
            2, 
            2, 
            9, 
            8, 
            1, 
            8, 
            1, 
            4, 
            8, 
            3, 
            6, 
            2, 
            7, 
            8, 
            8, 
            1, 
            1, 
            2, 
            2
        ]
    }, 
    "11": {
        "silhouette_score": 0.095254305656931409, 
        "labels": [
            10, 
            3, 
            9, 
            6, 
            6, 
            7, 
            1, 
            1, 
            2, 
            3, 
            0, 
            6, 
            5, 
            8, 
            6, 
            4, 
            1, 
            1, 
            3, 
            3, 
            6, 
            2
        ]
    }, 
    "12": {
        "silhouette_score": 0.045939101065976935, 
        "labels": [
            3, 
            4, 
            10, 
            9, 
            9, 
            4, 
            1, 
            2, 
            7, 
            0, 
            6, 
            1, 
            5, 
            8, 
            9, 
            11, 
            1, 
            1, 
            4, 
            4, 
            9, 
            7
        ]
    }, 
    "13": {
        "silhouette_score": 0.037235534820814126, 
        "labels": [
            8, 
            6, 
            11, 
            10, 
            10, 
            9, 
            0, 
            6, 
            1, 
            6, 
            2, 
            12, 
            3, 
            5, 
            1, 
            7, 
            0, 
            0, 
            6, 
            4, 
            1, 
            1
        ]
    }, 
    "14": {
        "silhouette_score": 0.052895561227652245, 
        "labels": [
            3, 
            1, 
            0, 
            2, 
            2, 
            8, 
            6, 
            1, 
            13, 
            11, 
            7, 
            12, 
            5, 
            9, 
            4, 
            10, 
            6, 
            6, 
            1, 
            1, 
            13, 
            13
        ]
    }, 
    "15": {
        "silhouette_score": 0.043256055667890835, 
        "labels": [
            2, 
            9, 
            11, 
            13, 
            13, 
            12, 
            1, 
            1, 
            14, 
            9, 
            3, 
            5, 
            7, 
            6, 
            13, 
            8, 
            1, 
            1, 
            4, 
            4, 
            0, 
            10
        ]
    }, 
    "16": {
        "silhouette_score": 0.034967773500176033, 
        "labels": [
            5, 
            1, 
            4, 
            2, 
            2, 
            10, 
            3, 
            13, 
            8, 
            14, 
            9, 
            12, 
            6, 
            7, 
            0, 
            11, 
            15, 
            3, 
            13, 
            13, 
            2, 
            2
        ]
    }, 
    "17": {
        "silhouette_score": 0.041677130835817089, 
        "labels": [
            2, 
            0, 
            4, 
            8, 
            8, 
            10, 
            13, 
            5, 
            12, 
            14, 
            7, 
            11, 
            6, 
            9, 
            1, 
            15, 
            3, 
            13, 
            5, 
            5, 
            16, 
            1
        ]
    }, 
    "18": {
        "silhouette_score": 0.040792014709923087, 
        "labels": [
            3, 
            7, 
            4, 
            13, 
            17, 
            9, 
            6, 
            15, 
            16, 
            7, 
            11, 
            0, 
            10, 
            12, 
            17, 
            14, 
            1, 
            6, 
            2, 
            2, 
            5, 
            8
        ]
    }, 
    "19": {
        "silhouette_score": 0.042982084931192384,