{
    "2": {
        "silhouette_score": 0.11195204857383999, 
        "labels": [
            1, 
            0, 
            1, 
            0, 
            0, 
            0, 
            1, 
            0, 
            1
        ]
    }, 
    "3": {
        "silhouette_score": 0.11010828869705866, 
        "labels": [
            2, 
            0, 
            2, 
            1, 
            1, 
            0, 
            1, 
            1, 
            1
        ]
    }, 
    "4": {
        "silhouette_score": 0.10123142167242809, 
        "labels": [
            2, 
            3, 
            2, 
            1, 
            1, 
            3, 
            0, 
            1, 
            0
        ]
    }, 
    "5": {
        "silhouette_score": 0.072297527586966365, 
        "labels": [
            2, 
            4, 
            2, 
            1, 
            1, 
            0, 
            3, 
            1, 
            3
        ]
    }, 
    "6": {
        "silhouette_score": 0.058998988604793148, 
        "labels": [
            3, 
            2, 
            3, 
            1, 
            1, 
            4, 
            5, 
            1, 
            0
        ]
    }, 
    "7": {
        "silhouette_score": 0.037981642549166743, 
        "labels": [
            6, 
            0, 
            2, 
            1, 
            1, 
            4, 
            3, 
            1, 
            5
        ]
    }, 
    "8": {
        "silhouette_score": 0.021512693322536705, 
        "labels": [
            4, 
            3, 
            2, 
            7, 
            1, 
            0, 
            5, 
            1, 
            6
        ]
    }
}