{
    "2": {
        "silhouette_score": 0.28972111578922966, 
        "labels": [
            1, 
            1, 
            1, 
            0, 
            1, 
            1
        ]
    }, 
    "3": {
        "silhouette_score": 0.10880689970872094, 
        "labels": [
            0, 
            1, 
            1, 
            2, 
            1, 
            1
        ]
    }, 
    "4": {
        "silhouette_score": 0.080035999629103849, 
        "labels": [
            0, 
            1, 
            3, 
            2, 
            1, 
            1
        ]
    }, 
    "5": {
        "silhouette_score": 0.038697807320850729, 
        "labels": [
            2, 
            0, 
            3, 
            1, 
            4, 
            0
        ]
    }
}