{
    "2": {
        "silhouette_score": 0.23662371908702021, 
        "labels": [
            0, 
            1, 
            0, 
            0, 
            1, 
            0, 
            0, 
            0, 
            0, 
            0, 
            0, 
            1, 
            1, 
            0, 
            0, 
            1, 
            0
        ]
    }, 
    "3": {
        "silhouette_score": 0.15914618550669993, 
        "labels": [
            1, 
            0, 
            2, 
            2, 
            1, 
            1, 
            1, 
            1, 
            1, 
            2, 
            1, 
            0, 
            0, 
            1, 
            1, 
            0, 
            1
        ]
    }, 
    "4": {
        "silhouette_score": 0.17989255886404512, 
        "labels": [
            1, 
            2, 
            0, 
            0, 
            2, 
            1, 
            1, 
            1, 
            1, 
            0, 
            1, 
            3, 
            3, 
            1, 
            1, 
            2, 
            1
        ]
    }, 
    "5": {
        "silhouette_score": 0.14751768176211169, 
        "labels": [
            4, 
            3, 
            0, 
            4, 
            3, 
            1, 
            1, 
            1, 
            1, 
            4, 
            1, 
            2, 
            2, 
            1, 
            1, 
            3, 
            1
        ]
    }, 
    "6": {
        "silhouette_score": 0.13398564856559533, 
        "labels": [
            2, 
            1, 
            4, 
            0, 
            2, 
            2, 
            5, 
            5, 
            5, 
            0, 
            2, 
            3, 
            3, 
            5, 
            2, 
            1, 
            2
        ]
    }, 
    "7": {
        "silhouette_score": 0.11734500852961968, 
        "labels": [
            3, 
            1, 
            2, 
            5, 
            6, 
            3, 
            0, 
            0, 
            0, 
            5, 
            3, 
            4, 
            4, 
            0, 
            3, 
            1, 
            3
        ]
    }, 
    "8": {
        "silhouette_score": 0.123189372124919, 
        "labels": [
            6, 
            4, 
            3, 
            5, 
            7, 
            6, 
            1, 
            1, 
            0, 
            5, 
            0, 
            2, 
            2, 
            1, 
            6, 
            4, 
            6
        ]
    }, 
    "9": {
        "silhouette_score": 0.11715571659379014, 
        "labels": [
            6, 
            7, 
            5, 
            3, 
            8, 
            6, 
            2, 
            2, 
            0, 
            3, 
            0, 
            4, 
            4, 
            2, 
            6, 
            1, 
            6
        ]
    }, 
    "10": {
        "silhouette_score": 0.10434033161901599, 
        "labels": [
            9, 
            6, 
            4, 
            5, 
            0, 
            2, 
            2, 
            2, 
            8, 
            5, 
            8, 
            3, 
            3, 
            2, 
            1, 
            7, 
            1
        ]
    }, 
    "11": {
        "silhouette_score": 0.067036547592289122, 
        "labels": [
            8, 
            2, 
            5, 
            4, 
            9, 
            0, 
            6, 
            6, 
            0, 
            4, 
            3, 
            10, 
            1, 
            6, 
            3, 
            7, 
            0
        ]
    }, 
    "12": {
        "silhouette_score": 0.08162569134381141, 
        "labels": [
            9, 
            1, 
            8, 
            7, 
            6, 
            2, 
            5, 
            5, 
            0, 
            7, 
            0, 
            3, 
            11, 
            5, 
            10, 
            4, 
            2
        ]
    }, 
    "13": {
        "silhouette_score": 0.05558946516110487, 
        "labels": [
            11, 
            3, 
            4, 
            10, 
            7, 
            5, 
            1, 
            1, 
            12, 
            0, 
            8, 
            6, 
            2, 
            1, 
            5, 
            9, 
            5
        ]
    }, 
    "14": {
        "silhouette_score": 0.059918412238185906, 
        "labels": [
            1, 
            0, 
            5, 
            6, 
            7, 
            3, 
            4, 
            4, 
            13, 
            12, 
            9, 
            2, 
            11, 
            4, 
            10, 
            8, 
            3
        ]
    }, 
    "15": {
        "silhouette_score": 0.050132933303343653, 
        "labels": [
            8, 
            9, 
            7, 
            4, 
            6, 
            3, 
            5, 
            5, 
            12, 
            13, 
            1, 
            0, 
            11, 
            14, 
            10, 
            2, 
            3
        ]
    }, 
    "16": {
        "silhouette_score": 0.034415592613414661, 
        "labels": [
            10, 
            5, 
            7, 
            2, 
            8, 
            3, 
            6, 
            6, 
            12, 
            14, 
            1, 
            9, 
            0, 
            13, 
            11, 
            4, 
            15
        ]
    }
}