{
    "2": {
        "silhouette_score": 0.30833016610536207, 
        "labels": [
            1, 
            1, 
            1, 
            1, 
            1, 
            0, 
            1, 
            1, 
            1
        ]
    }, 
    "3": {
        "silhouette_score": 0.28209390460037803, 
        "labels": [
            1, 
            1, 
            1, 
            1, 
            1, 
            2, 
            1, 
            1, 
            0
        ]
    }, 
    "4": {
        "silhouette_score": 0.11757592647484359, 
        "labels": [
            3, 
            1, 
            3, 
            3, 
            3, 
            2, 
            1, 
            1, 
            0
        ]
    }, 
    "5": {
        "silhouette_score": 0.072531920436313332, 
        "labels": [
            4, 
            1, 
            4, 
            4, 
            4, 
            2, 
            0, 
            1, 
            3
        ]
    }, 
    "6": {
        "silhouette_score": 0.066835792034081451, 
        "labels": [
            0, 
            1, 
            1, 
            4, 
            0, 
            2, 
            5, 
            1, 
            3
        ]
    }, 
    "7": {
        "silhouette_score": 0.076246590816934759, 
        "labels": [
            4, 
            1, 
            6, 
            0, 
            4, 
            3, 
            5, 
            1, 
            2
        ]
    }, 
    "8": {
        "silhouette_score": 0.018570891843688136, 
        "labels": [
            2, 
            1, 
            5, 
            4, 
            7, 
            3, 
            6, 
            7, 
            0
        ]
    }
}