{
    "2": {
        "silhouette_score": 0.39300348075678637, 
        "labels": [
            0, 
            0, 
            0, 
            0, 
            0, 
            1, 
            0, 
            0, 
            0
        ]
    }, 
    "3": {
        "silhouette_score": 0.30002805356061124, 
        "labels": [
            1, 
            1, 
            1, 
            1, 
            1, 
            0, 
            2, 
            1, 
            1
        ]
    }, 
    "4": {
        "silhouette_score": 0.16816315476971522, 
        "labels": [
            0, 
            1, 
            0, 
            0, 
            0, 
            2, 
            3, 
            1, 
            1
        ]
    }, 
    "5": {
        "silhouette_score": 0.157254123734971, 
        "labels": [
            0, 
            4, 
            0, 
            0, 
            0, 
            2, 
            1, 
            3, 
            3
        ]
    }, 
    "6": {
        "silhouette_score": 0.13299342677114154, 
        "labels": [
            2, 
            5, 
            2, 
            4, 
            2, 
            3, 
            0, 
            1, 
            1
        ]
    }, 
    "7": {
        "silhouette_score": 0.086375801976117314, 
        "labels": [
            0, 
            2, 
            0, 
            6, 
            0, 
            1, 
            3, 
            4, 
            5
        ]
    }, 
    "8": {
        "silhouette_score": 0.018036707176071587, 
        "labels": [
            5, 
            0, 
            7, 
            1, 
            7, 
            2, 
            4, 
            3, 
            6
        ]
    }
}