{
    "2": {
        "silhouette_score": 0.21538176159548456, 
        "labels": [
            0, 
            1, 
            1, 
            1, 
            0, 
            0, 
            1, 
            0
        ]
    }, 
    "3": {
        "silhouette_score": 0.20276080835335453, 
        "labels": [
            0, 
            2, 
            1, 
            2, 
            0, 
            2, 
            2, 
            0
        ]
    }, 
    "4": {
        "silhouette_score": 0.11810890272063343, 
        "labels": [
            3, 
            1, 
            0, 
            1, 
            3, 
            1, 
            1, 
            2
        ]
    }, 
    "5": {
        "silhouette_score": 0.098599080145777368, 
        "labels": [
            2, 
            1, 
            3, 
            4, 
            2, 
            1, 
            1, 
            0
        ]
    }, 
    "6": {
        "silhouette_score": 0.052241125089441037, 
        "labels": [
            2, 
            1, 
            3, 
            0, 
            2, 
            1, 
            5, 
            4
        ]
    }, 
    "7": {
        "silhouette_score": 0.034617223976618955, 
        "labels": [
            3, 
            5, 
            2, 
            6, 
            1, 
            5, 
            0, 
            4
        ]
    }
}