{
    "2": {
        "silhouette_score": 0.10542551772390896, 
        "labels": [
            1, 
            0, 
            1, 
            0, 
            0, 
            0
        ]
    }, 
    "3": {
        "silhouette_score": 0.10543220012405989, 
        "labels": [
            2, 
            0, 
            2, 
            1, 
            0, 
            0
        ]
    }, 
    "4": {
        "silhouette_score": 0.10479111235579075, 
        "labels": [
            3, 
            1, 
            2, 
            0, 
            1, 
            1
        ]
    }, 
    "5": {
        "silhouette_score": 0.091172562099995955, 
        "labels": [
            0, 
            1, 
            4, 
            2, 
            3, 
            1
        ]
    }
}