{
    "2": {
        "silhouette_score": 0.59999472408645027, 
        "labels": [
            0, 
            0, 
            0, 
            1, 
            0, 
            0
        ]
    }, 
    "3": {
        "silhouette_score": 0.33191883733027477, 
        "labels": [
            1, 
            2, 
            1, 
            0, 
            1, 
            1
        ]
    }, 
    "4": {
        "silhouette_score": 0.27006393989072947, 
        "labels": [
            3, 
            2, 
            1, 
            0, 
            1, 
            1
        ]
    }, 
    "5": {
        "silhouette_score": 0.094446683250276428, 
        "labels": [
            3, 
            2, 
            4, 
            1, 
            0, 
            0
        ]
    }
}