{
    "2": {
        "silhouette_score": 0.20966208206720011, 
        "labels": [
            0, 
            1, 
            1, 
            0, 
            0, 
            0, 
            1, 
            1, 
            0, 
            1, 
            1, 
            1, 
            1, 
            0, 
            1, 
            0, 
            0, 
            0, 
            0, 
            0, 
            1, 
            0
        ]
    }, 
    "3": {
        "silhouette_score": 0.19184002654452098, 
        "labels": [
            1, 
            2, 
            2, 
            0, 
            0, 
            1, 
            2, 
            2, 
            1, 
            2, 
            2, 
            1, 
            2, 
            0, 
            0, 
            0, 
            0, 
            0, 
            0, 
            0, 
            2, 
            1
        ]
    }, 
    "4": {
        "silhouette_score": 0.22214142917271992, 
        "labels": [
            2, 
            0, 
            3, 
            1, 
            1, 
            0, 
            0, 
            0, 
            0, 
            3, 
            0, 
            0, 
            3, 
            1, 
            3, 
            1, 
            1, 
            1, 
            1, 
            1, 
            3, 
            0
        ]
    }, 
    "5": {
        "silhouette_score": 0.24254673498238069, 
        "labels": [
            3, 
            1, 
            1, 
            2, 
            2, 
            3, 
            1, 
            1, 
            3, 
            1, 
            1, 
            1, 
            0, 
            2, 
            4, 
            2, 
            2, 
            2, 
            2, 
            2, 
            4, 
            3
        ]
    }, 
    "6": {
        "silhouette_score": 0.22523036376187922, 
        "labels": [
            1, 
            0, 
            3, 
            2, 
            2, 
            5, 
            0, 
            0, 
            5, 
            3, 
            0, 
            0, 
            4, 
            2, 
            3, 
            2, 
            2, 
            2, 
            2, 
            2, 
            3, 
            5
        ]
    }, 
    "7": {
        "silhouette_score": 0.24159349871806154, 
        "labels": [
            3, 
            0, 
            2, 
            1, 
            1, 
            5, 
            0, 
            0, 
            5, 
            2, 
            0, 
            0, 
            4, 
            6, 
            2, 
            1, 
            6, 
            6, 
            1, 
            1, 
            2, 
            5
        ]
    }, 
    "8": {
        "silhouette_score": 0.25193704537410128, 
        "labels": [
            4, 
            2, 
            6, 
            1, 
            1, 
            3, 
            2, 
            2, 
            3, 
            6, 
            2, 
            2, 
            5, 
            7, 
            0, 
            6, 
            7, 
            7, 
            1, 
            1, 
            0, 
            3
        ]
    }, 
    "9": {
        "silhouette_score": 0.24770733066486941, 
        "labels": [
            5, 
            2, 
            1, 
            0, 
            0, 
            3, 
            2, 
            2, 
            3, 
            1, 
            2, 
            2, 
            7, 
            8, 
            4, 
            6, 
            8, 
            8, 
            0, 
            0, 
            4, 
            3
        ]
    }, 
    "10": {
        "silhouette_score": 0.23023252560549939, 
        "labels": [
            3, 
            6, 
            9, 
            5, 
            5, 
            0, 
            6, 
            6, 
            8, 
            9, 
            6, 
            0, 
            4, 
            1, 
            2, 
            7, 
            1, 
            1, 
            5, 
            5, 
            2, 
            8
        ]
    }, 
    "11": {
        "silhouette_score": 0.21650357508958076, 
        "labels": [
            0, 
            4, 
            3, 
            2, 
            2, 
            1, 
            4, 
            4, 
            8, 
            3, 
            4, 
            1, 
            7, 
            5, 
            6, 
            9, 
            5, 
            5, 
            2, 
            10, 
            6, 
            8
        ]
    }, 
    "12": {
        "silhouette_score": 0.18755329879650756, 
        "labels": [
            2, 
            1, 
            6, 
            0, 
            0, 
            11, 
            1, 
            1, 
            3, 
            6, 
            1, 
            10, 
            4, 
            5, 
            7, 
            8, 
            5, 
            5, 
            0, 
            9, 
            7, 
            3
        ]
    }, 
    "13": {
        "silhouette_score": 0.17195814240187907, 
        "labels": [
            4, 
            11, 
            1, 
            6, 
            6, 
            10, 
            11, 
            11, 
            9, 
            1, 
            5, 
            3, 
            7, 
            0, 
            8, 
            12, 
            0, 
            0, 
            2, 
            2, 
            8, 
            9
        ]
    }, 
    "14": {
        "silhouette_score": 0.14805021546900871, 
        "labels": [
            3, 
            1, 
            7, 
            0, 
            0, 
            9, 
            1, 
            1, 
            2, 
            7, 
            1, 
            13, 
            4, 
            5, 
            6, 
            11, 
            5, 
            5, 
            8, 
            12, 
            10, 
            2
        ]
    }, 
    "15": {
        "silhouette_score": 0.13286949943245555, 
        "labels": [
            5, 
            11, 
            7, 
            2, 
            2, 
            14, 
            11, 
            11, 
            3, 
            7, 
            0, 
            8, 
            4, 
            1, 
            6, 
            12, 
            1, 
            1, 
            9, 
            13, 
            10, 
            3
        ]
    }, 
    "16": {
        "silhouette_score": 0.11380249303525246, 
        "labels": [
            7, 
            10, 
            6, 
            2, 
            2, 
            11, 
            10, 
            10, 
            4, 
            6, 
            1, 
            5, 
            8, 
            0, 
            15, 
            12, 
            0, 
            0, 
            9, 
            13, 
            3, 
            14
        ]
    }, 
    "17": {
        "silhouette_score": 0.096983914716675765, 
        "labels": [
            4, 
            12, 
            14, 
            1, 
            1, 
            0, 
            12, 
            12, 
            8, 
            9, 
            3, 
            11, 
            2, 
            5, 
            7, 
            6, 
            5, 
            5, 
            16, 
            10, 
            15, 
            13
        ]
    }, 
    "18": {
        "silhouette_score": 0.094872629484115484, 
        "labels": [
            4, 
            10, 
            6, 
            2, 
            2, 
            0, 
            10, 
            14, 
            7, 
            11, 
            1, 
            16, 
            5, 
            3, 
            17, 
            13, 
            3, 
            3, 
            9, 
            12, 
            8, 
            15
        ]
    }, 
    "19": {
        "silhouette_score": 0.087881240458413293,