{
    "2": {
        "silhouette_score": 0.67488094227213347, 
        "labels": [
            0, 
            0, 
            1, 
            1, 
            0, 
            0
        ]
    }, 
    "3": {
        "silhouette_score": 0.47453170281101431, 
        "labels": [
            0, 
            0, 
            2, 
            1, 
            0, 
            0
        ]
    }, 
    "4": {
        "silhouette_score": 0.35750221448199765, 
        "labels": [
            3, 
            0, 
            2, 
            1, 
            0, 
            3
        ]
    }, 
    "5": {
        "silhouette_score": 0.18911319197775364, 
        "labels": [
            1, 
            4, 
            0, 
            3, 
            2, 
            1
        ]
    }
}