{
    "2": {
        "silhouette_score": 0.2366237190870199, 
        "labels": [
            1, 
            0, 
            1, 
            1, 
            0, 
            1, 
            1, 
            1, 
            1, 
            1, 
            1, 
            0, 
            0, 
            1, 
            1, 
            0, 
            1
        ]
    }, 
    "3": {
        "silhouette_score": 0.15914618550669957, 
        "labels": [
            1, 
            0, 
            2, 
            2, 
            1, 
            1, 
            1, 
            1, 
            1, 
            2, 
            1, 
            0, 
            0, 
            1, 
            1, 
            0, 
            1
        ]
    }, 
    "4": {
        "silhouette_score": 0.20209756165797735, 
        "labels": [
            2, 
            3, 
            1, 
            1, 
            3, 
            2, 
            2, 
            2, 
            2, 
            2, 
            2, 
            0, 
            0, 
            2, 
            2, 
            3, 
            2
        ]
    }, 
    "5": {
        "silhouette_score": 0.16423519430825748, 
        "labels": [
            1, 
            3, 
            4, 
            0, 
            3, 
            1, 
            1, 
            1, 
            1, 
            0, 
            1, 
            2, 
            2, 
            1, 
            1, 
            3, 
            1
        ]
    }, 
    "6": {
        "silhouette_score": 0.13398564856559569, 
        "labels": [
            0, 
            2, 
            5, 
            3, 
            0, 
            0, 
            1, 
            1, 
            1, 
            3, 
            0, 
            4, 
            4, 
            1, 
            0, 
            2, 
            0
        ]
    }, 
    "7": {
        "silhouette_score": 0.13281437730663029, 
        "labels": [
            3, 
            1, 
            4, 
            3, 
            5, 
            5, 
            6, 
            6, 
            0, 
            3, 
            0, 
            2, 
            2, 
            6, 
            5, 
            1, 
            5
        ]
    }, 
    "8": {
        "silhouette_score": 0.1164657985303271, 
        "labels": [
            6, 
            1, 
            4, 
            7, 
            6, 
            6, 
            5, 
            5, 
            0, 
            7, 
            0, 
            2, 
            2, 
            5, 
            6, 
            3, 
            6
        ]
    }, 
    "9": {
        "silhouette_score": 0.11715571659379016, 
        "labels": [
            1, 
            4, 
            8, 
            3, 
            6, 
            1, 
            5, 
            5, 
            7, 
            3, 
            7, 
            0, 
            0, 
            5, 
            1, 
            2, 
            1
        ]
    }, 
    "10": {
        "silhouette_score": 0.11208623698235259, 
        "labels": [
            0, 
            7, 
            6, 
            5, 
            9, 
            4, 
            8, 
            8, 
            1, 
            5, 
            1, 
            3, 
            3, 
            8, 
            4, 
            2, 
            4
        ]
    }, 
    "11": {
        "silhouette_score": 0.08419244305159379, 
        "labels": [
            10, 
            7, 
            6, 
            2, 
            8, 
            4, 
            0, 
            0, 
            9, 
            2, 
            9, 
            5, 
            1, 
            0, 
            4, 
            3, 
            4
        ]
    }, 
    "12": {
        "silhouette_score": 0.081625691343812173, 
        "labels": [
            8, 
            7, 
            6, 
            4, 
            1, 
            9, 
            2, 
            2, 
            11, 
            4, 
            11, 
            3, 
            10, 
            2, 
            0, 
            5, 
            9
        ]
    }, 
    "13": {
        "silhouette_score": 0.075503951145763887, 
        "labels": [
            11, 
            6, 
            3, 
            4, 
            0, 
            9, 
            1, 
            1, 
            10, 
            4, 
            12, 
            2, 
            8, 
            1, 
            7, 
            5, 
            9
        ]
    }, 
    "14": {
        "silhouette_score": 0.05991841223818669, 
        "labels": [
            4, 
            8, 
            5, 
            6, 
            9, 
            7, 
            2, 
            2, 
            0, 
            12, 
            11, 
            10, 
            3, 
            2, 
            13, 
            1, 
            7
        ]
    }, 
    "15": {
        "silhouette_score": 0.050132933303344854, 
        "labels": [
            13, 
            6, 
            2, 
            4, 
            0, 
            1, 
            8, 
            8, 
            9, 
            12, 
            7, 
            3, 
            10, 
            14, 
            11, 
            5, 
            1
        ]
    }, 
    "16": {
        "silhouette_score": 0.034415592613415473, 
        "labels": [
            11, 
            8, 
            5, 
            7, 
            0, 
            15, 
            3, 
            3, 
            1, 
            2, 
            12, 
            4, 
            10, 
            14, 
            13, 
            9, 
            6
        ]
    }
}