{
    "2": {
        "silhouette_score": 0.24483934588228415, 
        "labels": [
            0, 
            1, 
            1, 
            0, 
            0, 
            0, 
            1, 
            1, 
            0, 
            1, 
            1, 
            0, 
            1, 
            1, 
            0, 
            1, 
            1, 
            1, 
            1, 
            1, 
            0, 
            0
        ]
    }, 
    "3": {
        "silhouette_score": 0.22451990533807756, 
        "labels": [
            2, 
            0, 
            0, 
            1, 
            1, 
            1, 
            0, 
            0, 
            1, 
            0, 
            0, 
            1, 
            0, 
            0, 
            1, 
            0, 
            0, 
            0, 
            0, 
            0, 
            1, 
            1
        ]
    }, 
    "4": {
        "silhouette_score": 0.076290269522730381, 
        "labels": [
            2, 
            0, 
            0, 
            1, 
            2, 
            2, 
            0, 
            0, 
            2, 
            0, 
            3, 
            2, 
            0, 
            0, 
            2, 
            0, 
            0, 
            0, 
            0, 
            0, 
            2, 
            2
        ]
    }, 
    "5": {
        "silhouette_score": 0.19520697158877656, 
        "labels": [
            3, 
            0, 
            4, 
            2, 
            2, 
            2, 
            1, 
            0, 
            2, 
            0, 
            0, 
            1, 
            1, 
            1, 
            1, 
            4, 
            1, 
            1, 
            0, 
            1, 
            2, 
            2
        ]
    }, 
    "6": {
        "silhouette_score": 0.19472951335966385, 
        "labels": [
            2, 
            4, 
            5, 
            1, 
            1, 
            1, 
            3, 
            0, 
            1, 
            4, 
            0, 
            3, 
            3, 
            3, 
            3, 
            5, 
            3, 
            3, 
            0, 
            0, 
            1, 
            1
        ]
    }, 
    "7": {
        "silhouette_score": 0.065961658964680328, 
        "labels": [
            3, 
            1, 
            2, 
            4, 
            4, 
            4, 
            2, 
            2, 
            4, 
            1, 
            2, 
            4, 
            6, 
            2, 
            0, 
            2, 
            2, 
            5, 
            2, 
            2, 
            4, 
            0
        ]
    }, 
    "8": {
        "silhouette_score": 0.13320784962410914, 
        "labels": [
            3, 
            0, 
            5, 
            7, 
            7, 
            7, 
            1, 
            1, 
            7, 
            0, 
            2, 
            1, 
            6, 
            1, 
            1, 
            5, 
            1, 
            1, 
            1, 
            1, 
            4, 
            7
        ]
    }, 
    "9": {
        "silhouette_score": 0.1437359540556814, 
        "labels": [
            1, 
            4, 
            6, 
            7, 
            7, 
            7, 
            8, 
            2, 
            7, 
            4, 
            3, 
            0, 
            5, 
            0, 
            0, 
            6, 
            8, 
            0, 
            2, 
            8, 
            7, 
            7
        ]
    }, 
    "10": {
        "silhouette_score": 0.15336192449438965, 
        "labels": [
            2, 
            5, 
            3, 
            1, 
            1, 
            1, 
            0, 
            4, 
            1, 
            5, 
            7, 
            6, 
            9, 
            0, 
            6, 
            3, 
            0, 
            6, 
            4, 
            8, 
            1, 
            1
        ]
    }, 
    "11": {
        "silhouette_score": 0.13654855676012598, 
        "labels": [
            2, 
            3, 
            5, 
            10, 
            6, 
            6, 
            1, 
            9, 
            6, 
            3, 
            4, 
            1, 
            7, 
            1, 
            0, 
            8, 
            1, 
            1, 
            9, 
            1, 
            6, 
            0
        ]
    }, 
    "12": {
        "silhouette_score": 0.095320029680837817, 
        "labels": [
            2, 
            3, 
            8, 
            0, 
            4, 
            4, 
            1, 
            1, 
            4, 
            7, 
            6, 
            1, 
            5, 
            1, 
            9, 
            10, 
            1, 
            11, 
            1, 
            1, 
            4, 
            4
        ]
    }, 
    "13": {
        "silhouette_score": 0.061386028990895597, 
        "labels": [
            2, 
            4, 
            5, 
            6, 
            6, 
            6, 
            1, 
            9, 
            6, 
            8, 
            3, 
            1, 
            7, 
            1, 
            10, 
            12, 
            1, 
            1, 
            9, 
            1, 
            0, 
            11
        ]
    }, 
    "14": {
        "silhouette_score": 0.10409283447830435, 
        "labels": [
            3, 
            9, 
            7, 
            13, 
            5, 
            5, 
            1, 
            11, 
            5, 
            6, 
            4, 
            1, 
            8, 
            1, 
            0, 
            10, 
            1, 
            12, 
            11, 
            1, 
            5, 
            2
        ]
    }, 
    "15": {
        "silhouette_score": 0.033268638320781127, 
        "labels": [
            2, 
            13, 
            10, 
            0, 
            9, 
            3, 
            14, 
            11, 
            9, 
            8, 
            5, 
            4, 
            6, 
            14, 
            4, 
            7, 
            1, 
            4, 
            11, 
            12, 
            9, 
            9
        ]
    }, 
    "16": {
        "silhouette_score": 0.079183137374230411, 
        "labels": [
            4, 
            3, 
            0, 
            13, 
            1, 
            1, 
            6, 
            9, 
            1, 
            11, 
            5, 
            6, 
            7, 
            6, 
            8, 
            10, 
            2, 
            12, 
            9, 
            15, 
            1, 
            14
        ]
    }, 
    "17": {
        "silhouette_score": 0.050859566646008096, 
        "labels": [
            2, 
            13, 
            7, 
            9, 
            11, 
            11, 
            8, 
            14, 
            11, 
            6, 
            4, 
            5, 
            10, 
            8, 
            15, 
            12, 
            3, 
            16, 
            14, 
            1, 
            0, 
            11
        ]
    }, 
    "18": {
        "silhouette_score": 0.068180421195481261, 
        "labels": [
            4, 
            2, 
            10, 
            11, 
            1, 
            17, 
            0, 
            8, 
            1, 
            9, 
            3, 
            0, 
            6, 
            0, 
            7, 
            12, 
            0, 
            13, 
            15, 
            5, 
            16, 
            14
        ]
    }, 
    "19": {
        "silhouette_score": 0.037527907269439192,