{
    "2": {
        "silhouette_score": 0.12107170698122925, 
        "labels": [
            0, 
            1, 
            1, 
            0, 
            0, 
            1, 
            1, 
            1, 
            0, 
            1, 
            1, 
            1, 
            1, 
            0, 
            0, 
            1, 
            0, 
            0, 
            0, 
            0, 
            1, 
            0
        ]
    }, 
    "3": {
        "silhouette_score": 0.13424834609870484, 
        "labels": [
            2, 
            2, 
            0, 
            1, 
            1, 
            2, 
            2, 
            2, 
            2, 
            0, 
            2, 
            2, 
            0, 
            1, 
            0, 
            2, 
            1, 
            1, 
            1, 
            1, 
            0, 
            2
        ]
    }, 
    "4": {
        "silhouette_score": 0.16155713932471408, 
        "labels": [
            2, 
            1, 
            1, 
            0, 
            0, 
            2, 
            1, 
            1, 
            2, 
            1, 
            1, 
            2, 
            1, 
            0, 
            0, 
            0, 
            3, 
            3, 
            0, 
            0, 
            0, 
            2
        ]
    }, 
    "5": {
        "silhouette_score": 0.15460394567050217, 
        "labels": [
            4, 
            1, 
            1, 
            3, 
            3, 
            4, 
            1, 
            1, 
            4, 
            1, 
            1, 
            1, 
            1, 
            3, 
            2, 
            4, 
            0, 
            0, 
            3, 
            3, 
            2, 
            4
        ]
    }, 
    "6": {
        "silhouette_score": 0.13915636888890834, 
        "labels": [
            4, 
            1, 
            2, 
            5, 
            5, 
            3, 
            1, 
            1, 
            3, 
            2, 
            1, 
            3, 
            2, 
            5, 
            5, 
            5, 
            0, 
            0, 
            5, 
            5, 
            2, 
            3
        ]
    }, 
    "7": {
        "silhouette_score": 0.1663305531495462, 
        "labels": [
            6, 
            1, 
            1, 
            2, 
            2, 
            4, 
            1, 
            1, 
            4, 
            1, 
            1, 
            1, 
            5, 
            2, 
            0, 
            1, 
            3, 
            3, 
            2, 
            2, 
            0, 
            4
        ]
    }, 
    "8": {
        "silhouette_score": 0.17443694122194589, 
        "labels": [
            5, 
            2, 
            0, 
            3, 
            3, 
            7, 
            2, 
            2, 
            1, 
            2, 
            2, 
            1, 
            6, 
            3, 
            0, 
            7, 
            4, 
            4, 
            3, 
            3, 
            0, 
            1
        ]
    }, 
    "9": {
        "silhouette_score": 0.17418991111000937, 
        "labels": [
            5, 
            2, 
            4, 
            3, 
            3, 
            1, 
            2, 
            2, 
            6, 
            2, 
            2, 
            6, 
            7, 
            3, 
            4, 
            8, 
            0, 
            0, 
            3, 
            3, 
            4, 
            6
        ]
    }, 
    "10": {
        "silhouette_score": 0.17825459784515346, 
        "labels": [
            2, 
            1, 
            9, 
            0, 
            0, 
            6, 
            1, 
            1, 
            4, 
            9, 
            1, 
            4, 
            3, 
            0, 
            5, 
            8, 
            7, 
            7, 
            0, 
            0, 
            5, 
            4
        ]
    }, 
    "11": {
        "silhouette_score": 0.18270261110999633, 
        "labels": [
            6, 
            1, 
            10, 
            2, 
            2, 
            5, 
            1, 
            1, 
            7, 
            10, 
            1, 
            7, 
            3, 
            9, 
            4, 
            8, 
            0, 
            0, 
            2, 
            2, 
            4, 
            7
        ]
    }, 
    "12": {
        "silhouette_score": 0.15541829553571362, 
        "labels": [
            8, 
            5, 
            0, 
            4, 
            4, 
            7, 
            5, 
            5, 
            2, 
            0, 
            5, 
            9, 
            3, 
            10, 
            6, 
            11, 
            1, 
            1, 
            4, 
            4, 
            6, 
            2
        ]
    }, 
    "13": {
        "silhouette_score": 0.14977428226000566, 
        "labels": [
            5, 
            3, 
            1, 
            7, 
            7, 
            10, 
            3, 
            3, 
            6, 
            1, 
            3, 
            12, 
            8, 
            0, 
            11, 
            9, 
            4, 
            4, 
            2, 
            2, 
            11, 
            6
        ]
    }, 
    "14": {
        "silhouette_score": 0.14873300932434277, 
        "labels": [
            6, 
            9, 
            2, 
            1, 
            1, 
            7, 
            9, 
            13, 
            10, 
            2, 
            13, 
            0, 
            4, 
            11, 
            5, 
            8, 
            3, 
            3, 
            12, 
            12, 
            5, 
            10
        ]
    }, 
    "15": {
        "silhouette_score": 0.14244080686742014, 
        "labels": [
            9, 
            13, 
            2, 
            4, 
            4, 
            8, 
            13, 
            5, 
            1, 
            2, 
            14, 
            12, 
            10, 
            7, 
            6, 
            11, 
            3, 
            3, 
            0, 
            0, 
            6, 
            1
        ]
    }, 
    "16": {
        "silhouette_score": 0.12177681561860662, 
        "labels": [
            6, 
            9, 
            12, 
            10, 
            10, 
            8, 
            9, 
            1, 
            0, 
            12, 
            13, 
            15, 
            7, 
            11, 
            14, 
            5, 
            3, 
            3, 
            4, 
            4, 
            2, 
            0
        ]
    }, 
    "17": {
        "silhouette_score": 0.10882462853661061, 
        "labels": [
            4, 
            11, 
            9, 
            1, 
            1, 
            3, 
            11, 
            15, 
            14, 
            9, 
            0, 
            16, 
            5, 
            12, 
            13, 
            2, 
            7, 
            7, 
            10, 
            10, 
            8, 
            6
        ]
    }, 
    "18": {
        "silhouette_score": 0.095752216648328947, 
        "labels": [
            5, 
            0, 
            4, 
            2, 
            2, 
            6, 
            0, 
            12, 
            15, 
            4, 
            13, 
            14, 
            1, 
            8, 
            10, 
            9, 
            7, 
            7, 
            17, 
            11, 
            16, 
            3
        ]
    }, 
    "19": {
        "silhouette_score": 0.08103180533748483,