{
    "2": {
        "silhouette_score": 0.43849684479363255, 
        "labels": [
            0, 
            1, 
            0, 
            1, 
            0, 
            0
        ]
    }, 
    "3": {
        "silhouette_score": 0.29109310652279335, 
        "labels": [
            0, 
            1, 
            2, 
            1, 
            2, 
            2
        ]
    }, 
    "4": {
        "silhouette_score": 0.1260211416875168, 
        "labels": [
            0, 
            1, 
            3, 
            1, 
            2, 
            2
        ]
    }, 
    "5": {
        "silhouette_score": 0.088068734665686502, 
        "labels": [
            1, 
            0, 
            2, 
            3, 
            4, 
            2
        ]
    }
}