{
    "2": {
        "silhouette_score": 0.52270779289285074, 
        "labels": [
            1, 
            1, 
            0, 
            0, 
            0, 
            1, 
            1, 
            0, 
            0
        ]
    }, 
    "3": {
        "silhouette_score": 0.37395317915635434, 
        "labels": [
            0, 
            2, 
            1, 
            1, 
            1, 
            0, 
            0, 
            1, 
            1
        ]
    }, 
    "4": {
        "silhouette_score": 0.33991855718451613, 
        "labels": [
            0, 
            2, 
            1, 
            1, 
            1, 
            3, 
            0, 
            1, 
            1
        ]
    }, 
    "5": {
        "silhouette_score": 0.14792986585605775, 
        "labels": [
            4, 
            3, 
            2, 
            2, 
            0, 
            1, 
            4, 
            0, 
            0
        ]
    }, 
    "6": {
        "silhouette_score": 0.073373153962450643, 
        "labels": [
            5, 
            2, 
            0, 
            0, 
            4, 
            1, 
            2, 
            3, 
            0
        ]
    }, 
    "7": {
        "silhouette_score": 0.076553049248162364, 
        "labels": [
            5, 
            4, 
            6, 
            6, 
            3, 
            2, 
            1, 
            3, 
            0
        ]
    }, 
    "8": {
        "silhouette_score": 0.044311982273566662, 
        "labels": [
            5, 
            4, 
            3, 
            3, 
            0, 
            2, 
            1, 
            6, 
            7
        ]
    }
}