{
    "2": {
        "silhouette_score": 0.13269662257429166, 
        "labels": [
            1, 
            0, 
            1, 
            1, 
            0, 
            1, 
            1, 
            1, 
            1, 
            1, 
            1, 
            1, 
            1, 
            1, 
            1, 
            0, 
            1
        ]
    }, 
    "3": {
        "silhouette_score": 0.064352797469887021, 
        "labels": [
            1, 
            1, 
            1, 
            1, 
            1, 
            0, 
            1, 
            1, 
            1, 
            2, 
            1, 
            2, 
            1, 
            1, 
            0, 
            1, 
            1
        ]
    }, 
    "4": {
        "silhouette_score": 0.053119438420501208, 
        "labels": [
            3, 
            2, 
            0, 
            3, 
            2, 
            1, 
            3, 
            3, 
            2, 
            1, 
            3, 
            1, 
            3, 
            3, 
            1, 
            2, 
            3
        ]
    }, 
    "5": {
        "silhouette_score": 0.0031976500097916443, 
        "labels": [
            3, 
            0, 
            2, 
            3, 
            0, 
            3, 
            3, 
            3, 
            4, 
            3, 
            1, 
            3, 
            3, 
            1, 
            1, 
            1, 
            3
        ]
    }, 
    "6": {
        "silhouette_score": 0.15731501474185511, 
        "labels": [
            4, 
            5, 
            4, 
            2, 
            5, 
            1, 
            0, 
            0, 
            3, 
            1, 
            0, 
            1, 
            2, 
            2, 
            1, 
            2, 
            4
        ]
    }, 
    "7": {
        "silhouette_score": 0.066374654381678236, 
        "labels": [
            3, 
            0, 
            3, 
            3, 
            0, 
            2, 
            6, 
            6, 
            4, 
            2, 
            1, 
            3, 
            3, 
            3, 
            2, 
            5, 
            3
        ]
    }, 
    "8": {
        "silhouette_score": 0.092981947899158229, 
        "labels": [
            2, 
            5, 
            2, 
            1, 
            5, 
            6, 
            2, 
            2, 
            3, 
            4, 
            1, 
            0, 
            1, 
            1, 
            7, 
            1, 
            2
        ]
    }, 
    "9": {
        "silhouette_score": 0.084955257082287391, 
        "labels": [
            3, 
            2, 
            3, 
            5, 
            2, 
            8, 
            7, 
            7, 
            6, 
            1, 
            7, 
            1, 
            5, 
            0, 
            4, 
            5, 
            3
        ]
    }, 
    "10": {
        "silhouette_score": 0.040472520306657211, 
        "labels": [
            6, 
            4, 
            9, 
            1, 
            4, 
            2, 
            3, 
            9, 
            0, 
            7, 
            9, 
            8, 
            1, 
            1, 
            5, 
            1, 
            1
        ]
    }, 
    "11": {
        "silhouette_score": 0.055067067837458128, 
        "labels": [
            8, 
            2, 
            5, 
            3, 
            2, 
            6, 
            5, 
            5, 
            4, 
            9, 
            0, 
            1, 
            3, 
            3, 
            7, 
            10, 
            3
        ]
    }, 
    "12": {
        "silhouette_score": 0.062079265145001269, 
        "labels": [
            6, 
            11, 
            10, 
            0, 
            3, 
            1, 
            4, 
            4, 
            7, 
            8, 
            9, 
            5, 
            0, 
            0, 
            2, 
            0, 
            0
        ]
    }, 
    "13": {
        "silhouette_score": 0.057771229566119353, 
        "labels": [
            11, 
            5, 
            2, 
            9, 
            5, 
            7, 
            3, 
            3, 
            4, 
            6, 
            12, 
            1, 
            2, 
            10, 
            0, 
            8, 
            2
        ]
    }, 
    "14": {
        "silhouette_score": 0.056274453731269068, 
        "labels": [
            12, 
            5, 
            9, 
            7, 
            13, 
            8, 
            4, 
            4, 
            3, 
            10, 
            2, 
            0, 
            7, 
            11, 
            6, 
            1, 
            7
        ]
    }, 
    "15": {
        "silhouette_score": 0.061106976856986454, 
        "labels": [
            9, 
            12, 
            3, 
            14, 
            6, 
            1, 
            7, 
            7, 
            2, 
            8, 
            5, 
            10, 
            0, 
            11, 
            4, 
            13, 
            0
        ]
    }, 
    "16": {
        "silhouette_score": 0.026337627252650788, 
        "labels": [
            6, 
            11, 
            15, 
            10, 
            3, 
            9, 
            2, 
            2, 
            5, 
            4, 
            0, 
            12, 
            14, 
            1, 
            7, 
            13, 
            8
        ]
    }
}