{
    "2": {
        "silhouette_score": 0.32624680463453454, 
        "labels": [
            0, 
            1, 
            0, 
            1, 
            0, 
            0
        ]
    }, 
    "3": {
        "silhouette_score": 0.28789757059736448, 
        "labels": [
            0, 
            1, 
            0, 
            2, 
            0, 
            0
        ]
    }, 
    "4": {
        "silhouette_score": 0.14162108792652967, 
        "labels": [
            3, 
            0, 
            1, 
            2, 
            1, 
            1
        ]
    }, 
    "5": {
        "silhouette_score": 0.14181654854168768, 
        "labels": [
            0, 
            2, 
            3, 
            1, 
            4, 
            3
        ]
    }
}