{
    "2": {
        "silhouette_score": 0.44269168402675646, 
        "labels": [
            1, 
            1, 
            0, 
            1, 
            1, 
            1, 
            1, 
            1
        ]
    }, 
    "3": {
        "silhouette_score": 0.29679328233479668, 
        "labels": [
            2, 
            0, 
            1, 
            0, 
            0, 
            0, 
            2, 
            2
        ]
    }, 
    "4": {
        "silhouette_score": 0.35846074633507247, 
        "labels": [
            2, 
            0, 
            1, 
            3, 
            0, 
            0, 
            2, 
            2
        ]
    }, 
    "5": {
        "silhouette_score": 0.32622369101097082, 
        "labels": [
            1, 
            4, 
            2, 
            3, 
            0, 
            4, 
            1, 
            1
        ]
    }, 
    "6": {
        "silhouette_score": 0.20819087654104851, 
        "labels": [
            4, 
            2, 
            1, 
            3, 
            5, 
            2, 
            4, 
            0
        ]
    }, 
    "7": {
        "silhouette_score": 0.17387433092303317, 
        "labels": [
            1, 
            0, 
            2, 
            3, 
            4, 
            0, 
            6, 
            5
        ]
    }
}