{
    "2": {
        "silhouette_score": 0.64005336595954532, 
        "labels": [
            0, 
            0, 
            1, 
            1, 
            0, 
            0
        ]
    }, 
    "3": {
        "silhouette_score": 0.44351424099411707, 
        "labels": [
            0, 
            0, 
            2, 
            1, 
            0, 
            0
        ]
    }, 
    "4": {
        "silhouette_score": 0.22167249232912126, 
        "labels": [
            1, 
            3, 
            2, 
            0, 
            3, 
            1
        ]
    }, 
    "5": {
        "silhouette_score": 0.11644216953809929, 
        "labels": [
            0, 
            3, 
            2, 
            1, 
            3, 
            4
        ]
    }
}