{
    "2": {
        "silhouette_score": 0.24483976930385437, 
        "labels": [
            0, 
            1, 
            1, 
            0, 
            0, 
            1, 
            0, 
            1, 
            0, 
            1, 
            1, 
            0, 
            0, 
            1, 
            0, 
            0, 
            0, 
            1, 
            1, 
            1, 
            0, 
            0
        ]
    }, 
    "3": {
        "silhouette_score": 0.13084730436297812, 
        "labels": [
            0, 
            1, 
            1, 
            0, 
            0, 
            1, 
            2, 
            1, 
            0, 
            1, 
            1, 
            2, 
            2, 
            1, 
            0, 
            2, 
            0, 
            1, 
            1, 
            1, 
            2, 
            0
        ]
    }, 
    "4": {
        "silhouette_score": 0.16518543608436609, 
        "labels": [
            1, 
            0, 
            3, 
            1, 
            2, 
            0, 
            2, 
            1, 
            2, 
            0, 
            3, 
            2, 
            2, 
            0, 
            2, 
            1, 
            2, 
            2, 
            0, 
            0, 
            2, 
            2
        ]
    }, 
    "5": {
        "silhouette_score": 0.1439825577048407, 
        "labels": [
            0, 
            2, 
            1, 
            3, 
            3, 
            2, 
            1, 
            2, 
            1, 
            2, 
            2, 
            3, 
            3, 
            4, 
            3, 
            3, 
            1, 
            1, 
            2, 
            2, 
            3, 
            3
        ]
    }, 
    "6": {
        "silhouette_score": 0.13030150265060639, 
        "labels": [
            4, 
            2, 
            5, 
            1, 
            1, 
            2, 
            0, 
            1, 
            0, 
            2, 
            5, 
            3, 
            3, 
            3, 
            0, 
            1, 
            0, 
            1, 
            2, 
            2, 
            1, 
            0
        ]
    }, 
    "7": {
        "silhouette_score": 0.049355477362045937, 
        "labels": [
            5, 
            1, 
            4, 
            2, 
            2, 
            6, 
            3, 
            2, 
            3, 
            6, 
            4, 
            2, 
            3, 
            6, 
            3, 
            0, 
            3, 
            6, 
            6, 
            1, 
            2, 
            3
        ]
    }, 
    "8": {
        "silhouette_score": 0.12868730569177295, 
        "labels": [
            7, 
            4, 
            5, 
            7, 
            7, 
            4, 
            1, 
            3, 
            0, 
            4, 
            5, 
            1, 
            2, 
            6, 
            7, 
            3, 
            0, 
            1, 
            4, 
            4, 
            7, 
            7
        ]
    }, 
    "9": {
        "silhouette_score": 0.12610523049245018, 
        "labels": [
            0, 
            1, 
            3, 
            8, 
            8, 
            1, 
            2, 
            8, 
            2, 
            1, 
            3, 
            7, 
            6, 
            4, 
            8, 
            5, 
            8, 
            2, 
            1, 
            1, 
            2, 
            8
        ]
    }, 
    "10": {
        "silhouette_score": 0.10607244127430195, 
        "labels": [
            9, 
            1, 
            0, 
            2, 
            2, 
            8, 
            3, 
            3, 
            0, 
            1, 
            7, 
            0, 
            4, 
            5, 
            2, 
            6, 
            3, 
            3, 
            1, 
            1, 
            2, 
            2
        ]
    }, 
    "11": {
        "silhouette_score": 0.10258210539611605, 
        "labels": [
            6, 
            0, 
            2, 
            4, 
            4, 
            0, 
            1, 
            4, 
            10, 
            0, 
            8, 
            9, 
            5, 
            3, 
            4, 
            7, 
            4, 
            1, 
            0, 
            0, 
            1, 
            4
        ]
    }, 
    "12": {
        "silhouette_score": 0.032102252992955251, 
        "labels": [
            2, 
            0, 
            6, 
            2, 
            2, 
            7, 
            1, 
            1, 
            9, 
            10, 
            4, 
            6, 
            3, 
            5, 
            2, 
            8, 
            1, 
            1, 
            10, 
            0, 
            2, 
            11
        ]
    }, 
    "13": {
        "silhouette_score": 0.12047086073733175, 
        "labels": [
            5, 
            2, 
            10, 
            12, 
            12, 
            2, 
            1, 
            12, 
            7, 
            2, 
            4, 
            9, 
            6, 
            3, 
            11, 
            8, 
            1, 
            1, 
            2, 
            2, 
            0, 
            11
        ]
    }, 
    "14": {
        "silhouette_score": 0.089827530442489381, 
        "labels": [
            10, 
            11, 
            5, 
            13, 
            13, 
            8, 
            2, 
            1, 
            7, 
            6, 
            5, 
            9, 
            4, 
            0, 
            3, 
            12, 
            2, 
            2, 
            6, 
            11, 
            13, 
            3
        ]
    }, 
    "15": {
        "silhouette_score": 0.038590479717243137, 
        "labels": [
            10, 
            2, 
            3, 
            14, 
            4, 
            9, 
            1, 
            14, 
            6, 
            9, 
            12, 
            11, 
            7, 
            5, 
            4, 
            8, 
            0, 
            1, 
            9, 
            2, 
            1, 
            13
        ]
    }, 
    "16": {
        "silhouette_score": 0.042597162006404336, 
        "labels": [
            8, 
            3, 
            5, 
            15, 
            15, 
            0, 
            9, 
            9, 
            14, 
            12, 
            13, 
            7, 
            10, 
            4, 
            15, 
            11, 
            2, 
            9, 
            12, 
            3, 
            1, 
            6
        ]
    }, 
    "17": {
        "silhouette_score": 0.06373019957194398, 
        "labels": [
            6, 
            4, 
            11, 
            1, 
            1, 
            0, 
            8, 
            15, 
            2, 
            16, 
            7, 
            14, 
            9, 
            3, 
            13, 
            10, 
            8, 
            8, 
            16, 
            4, 
            5, 
            12
        ]
    }, 
    "18": {
        "silhouette_score": 0.066610961582230968, 
        "labels": [
            8, 
            17, 
            12, 
            11, 
            0, 
            1, 
            10, 
            13, 
            5, 
            4, 
            9, 
            2, 
            7, 
            3, 
            0, 
            6, 
            14, 
            10, 
            4, 
            17, 
            15, 
            16
        ]
    }, 
    "19": {
        "silhouette_score": 0.063409467932140057,