{
    "2": {
        "silhouette_score": 0.5231779630511123, 
        "labels": [
            0, 
            0, 
            0, 
            0, 
            0, 
            0, 
            0, 
            0, 
            0, 
            0, 
            0, 
            0, 
            1, 
            0, 
            0, 
            1, 
            0
        ]
    }, 
    "3": {
        "silhouette_score": 0.32612134026019107, 
        "labels": [
            2, 
            0, 
            2, 
            2, 
            0, 
            2, 
            0, 
            0, 
            0, 
            2, 
            2, 
            0, 
            1, 
            0, 
            2, 
            1, 
            0
        ]
    }, 
    "4": {
        "silhouette_score": 0.3371302635313369, 
        "labels": [
            2, 
            0, 
            2, 
            2, 
            0, 
            1, 
            1, 
            1, 
            1, 
            2, 
            2, 
            0, 
            3, 
            0, 
            2, 
            3, 
            1
        ]
    }, 
    "5": {
        "silhouette_score": 0.32636910296789479, 
        "labels": [
            0, 
            3, 
            0, 
            2, 
            1, 
            3, 
            3, 
            2, 
            3, 
            0, 
            0, 
            1, 
            4, 
            1, 
            0, 
            4, 
            3
        ]
    }, 
    "6": {
        "silhouette_score": 0.30869304976410938, 
        "labels": [
            5, 
            2, 
            4, 
            0, 
            2, 
            3, 
            2, 
            0, 
            3, 
            4, 
            4, 
            5, 
            1, 
            5, 
            4, 
            1, 
            3
        ]
    }, 
    "7": {
        "silhouette_score": 0.37025566496240908, 
        "labels": [
            5, 
            3, 
            1, 
            4, 
            3, 
            0, 
            0, 
            6, 
            0, 
            4, 
            1, 
            5, 
            2, 
            5, 
            1, 
            2, 
            0
        ]
    }, 
    "8": {
        "silhouette_score": 0.32510066412772576, 
        "labels": [
            3, 
            5, 
            2, 
            6, 
            5, 
            0, 
            4, 
            7, 
            0, 
            6, 
            2, 
            3, 
            1, 
            3, 
            2, 
            1, 
            0
        ]
    }, 
    "9": {
        "silhouette_score": 0.29916785799593404, 
        "labels": [
            2, 
            3, 
            8, 
            4, 
            3, 
            0, 
            7, 
            5, 
            0, 
            4, 
            8, 
            6, 
            1, 
            6, 
            8, 
            1, 
            0
        ]
    }, 
    "10": {
        "silhouette_score": 0.32237737461899979, 
        "labels": [
            4, 
            1, 
            0, 
            7, 
            1, 
            5, 
            5, 
            3, 
            5, 
            8, 
            0, 
            6, 
            2, 
            6, 
            9, 
            2, 
            5
        ]
    }, 
    "11": {
        "silhouette_score": 0.30216265302426842, 
        "labels": [
            0, 
            7, 
            8, 
            4, 
            7, 
            10, 
            2, 
            6, 
            2, 
            9, 
            8, 
            5, 
            1, 
            5, 
            3, 
            1, 
            2
        ]
    }, 
    "12": {
        "silhouette_score": 0.30276438762785329, 
        "labels": [
            10, 
            6, 
            2, 
            4, 
            6, 
            8, 
            11, 
            5, 
            1, 
            9, 
            2, 
            3, 
            0, 
            3, 
            7, 
            0, 
            1
        ]
    }, 
    "13": {
        "silhouette_score": 0.24918343800016954, 
        "labels": [
            11, 
            12, 
            6, 
            8, 
            0, 
            1, 
            7, 
            3, 
            9, 
            5, 
            6, 
            4, 
            2, 
            4, 
            10, 
            2, 
            9
        ]
    }, 
    "14": {
        "silhouette_score": 0.20873781008058417, 
        "labels": [
            7, 
            12, 
            8, 
            9, 
            2, 
            11, 
            10, 
            5, 
            3, 
            0, 
            13, 
            4, 
            1, 
            4, 
            6, 
            1, 
            3
        ]
    }, 
    "15": {
        "silhouette_score": 0.16935269552193188, 
        "labels": [
            9, 
            12, 
            13, 
            6, 
            5, 
            10, 
            11, 
            4, 
            3, 
            8, 
            0, 
            1, 
            2, 
            1, 
            7, 
            2, 
            14
        ]
    }, 
    "16": {
        "silhouette_score": 0.10879016416046698, 
        "labels": [
            3, 
            12, 
            6, 
            1, 
            4, 
            10, 
            2, 
            8, 
            14, 
            9, 
            13, 
            5, 
            0, 
            15, 
            11, 
            0, 
            7
        ]
    }
}