{
    "2": {
        "silhouette_score": 0.29499639115685539, 
        "labels": [
            0, 
            0, 
            1, 
            0, 
            1, 
            0, 
            1, 
            0, 
            1, 
            0, 
            0, 
            1, 
            1, 
            0, 
            1, 
            0, 
            1, 
            1, 
            0, 
            0, 
            1, 
            1
        ]
    }, 
    "3": {
        "silhouette_score": 0.24882236922449838, 
        "labels": [
            1, 
            1, 
            2, 
            1, 
            2, 
            1, 
            2, 
            1, 
            2, 
            0, 
            1, 
            2, 
            2, 
            0, 
            2, 
            1, 
            2, 
            2, 
            1, 
            1, 
            2, 
            2
        ]
    }, 
    "4": {
        "silhouette_score": 0.24676627570896417, 
        "labels": [
            0, 
            3, 
            0, 
            3, 
            1, 
            3, 
            1, 
            3, 
            1, 
            2, 
            0, 
            0, 
            1, 
            2, 
            1, 
            3, 
            1, 
            1, 
            3, 
            3, 
            1, 
            1
        ]
    }, 
    "5": {
        "silhouette_score": 0.27573395997767958, 
        "labels": [
            4, 
            1, 
            4, 
            1, 
            0, 
            1, 
            0, 
            1, 
            0, 
            1, 
            4, 
            4, 
            3, 
            2, 
            0, 
            1, 
            0, 
            0, 
            1, 
            1, 
            0, 
            0
        ]
    }, 
    "6": {
        "silhouette_score": 0.19423310937102911, 
        "labels": [
            1, 
            3, 
            0, 
            3, 
            2, 
            1, 
            2, 
            1, 
            4, 
            3, 
            0, 
            0, 
            4, 
            5, 
            2, 
            3, 
            2, 
            2, 
            3, 
            1, 
            2, 
            2
        ]
    }, 
    "7": {
        "silhouette_score": 0.090293107817210672, 
        "labels": [
            0, 
            6, 
            3, 
            6, 
            4, 
            0, 
            1, 
            0, 
            1, 
            5, 
            3, 
            3, 
            2, 
            4, 
            1, 
            6, 
            1, 
            1, 
            6, 
            0, 
            4, 
            1
        ]
    }, 
    "8": {
        "silhouette_score": 0.1347845565247453, 
        "labels": [
            7, 
            1, 
            3, 
            0, 
            0, 
            7, 
            6, 
            7, 
            2, 
            1, 
            3, 
            3, 
            2, 
            4, 
            5, 
            1, 
            5, 
            6, 
            1, 
            1, 
            6, 
            6
        ]
    }, 
    "9": {
        "silhouette_score": 0.15315852581194858, 
        "labels": [
            6, 
            1, 
            8, 
            3, 
            2, 
            6, 
            2, 
            6, 
            0, 
            3, 
            4, 
            8, 
            7, 
            5, 
            2, 
            3, 
            2, 
            2, 
            3, 
            1, 
            2, 
            0
        ]
    }, 
    "10": {
        "silhouette_score": 0.13161974123476874, 
        "labels": [
            6, 
            0, 
            2, 
            4, 
            4, 
            4, 
            9, 
            4, 
            5, 
            0, 
            8, 
            2, 
            3, 
            7, 
            1, 
            0, 
            1, 
            9, 
            0, 
            0, 
            9, 
            1
        ]
    }, 
    "11": {
        "silhouette_score": 0.10909170285031826, 
        "labels": [
            8, 
            3, 
            5, 
            0, 
            6, 
            0, 
            10, 
            0, 
            1, 
            9, 
            7, 
            5, 
            4, 
            2, 
            6, 
            0, 
            6, 
            10, 
            0, 
            3, 
            10, 
            10
        ]
    }, 
    "12": {
        "silhouette_score": 0.096399817135323404, 
        "labels": [
            11, 
            0, 
            7, 
            6, 
            6, 
            6, 
            8, 
            3, 
            10, 
            3, 
            9, 
            2, 
            5, 
            4, 
            1, 
            3, 
            1, 
            8, 
            3, 
            0, 
            8, 
            1
        ]
    }, 
    "13": {
        "silhouette_score": 0.13944408679348561, 
        "labels": [
            8, 
            1, 
            2, 
            6, 
            6, 
            10, 
            0, 
            10, 
            3, 
            12, 
            9, 
            2, 
            4, 
            5, 
            11, 
            7, 
            11, 
            0, 
            7, 
            1, 
            0, 
            11
        ]
    }, 
    "14": {
        "silhouette_score": 0.12555566099420151, 
        "labels": [
            0, 
            3, 
            13, 
            12, 
            2, 
            6, 
            10, 
            6, 
            4, 
            11, 
            7, 
            1, 
            8, 
            5, 
            2, 
            12, 
            9, 
            10, 
            12, 
            3, 
            2, 
            9
        ]
    }, 
    "15": {
        "silhouette_score": 0.068305755200408894, 
        "labels": [
            5, 
            8, 
            13, 
            0, 
            0, 
            0, 
            9, 
            2, 
            12, 
            10, 
            11, 
            6, 
            1, 
            4, 
            14, 
            2, 
            3, 
            9, 
            2, 
            8, 
            7, 
            3
        ]
    }, 
    "16": {
        "silhouette_score": 0.088930593190789303, 
        "labels": [
            9, 
            12, 
            4, 
            14, 
            1, 
            0, 
            10, 
            0, 
            2, 
            5, 
            13, 
            15, 
            7, 
            3, 
            11, 
            14, 
            8, 
            10, 
            14, 
            12, 
            10, 
            6
        ]
    }, 
    "17": {
        "silhouette_score": 0.11554783539821938, 
        "labels": [
            2, 
            11, 
            7, 
            14, 
            14, 
            9, 
            10, 
            9, 
            5, 
            12, 
            8, 
            15, 
            0, 
            4, 
            13, 
            1, 
            16, 
            10, 
            1, 
            11, 
            3, 
            6
        ]
    }, 
    "18": {
        "silhouette_score": 0.096706390341468398, 
        "labels": [
            10, 
            9, 
            3, 
            17, 
            5, 
            1, 
            0, 
            1, 
            7, 
            4, 
            8, 
            13, 
            6, 
            2, 
            11, 
            16, 
            15, 
            0, 
            16, 
            9, 
            14, 
            12
        ]
    }, 
    "19": {
        "silhouette_score": 0.080864428759183413,