{
    "2": {
        "silhouette_score": 0.48323841980355009, 
        "labels": [
            0, 
            0, 
            1, 
            0, 
            0, 
            0, 
            0, 
            0, 
            1, 
            0, 
            0, 
            0, 
            0, 
            0, 
            0, 
            0, 
            0
        ]
    }, 
    "3": {
        "silhouette_score": 0.44550889685090123, 
        "labels": [
            0, 
            0, 
            1, 
            0, 
            0, 
            0, 
            0, 
            0, 
            1, 
            0, 
            0, 
            0, 
            0, 
            0, 
            2, 
            0, 
            0
        ]
    }, 
    "4": {
        "silhouette_score": 0.0856649610643615, 
        "labels": [
            3, 
            3, 
            0, 
            2, 
            2, 
            1, 
            3, 
            3, 
            0, 
            3, 
            3, 
            3, 
            3, 
            3, 
            2, 
            3, 
            3
        ]
    }, 
    "5": {
        "silhouette_score": 0.37099921632206961, 
        "labels": [
            1, 
            1, 
            2, 
            4, 
            1, 
            1, 
            1, 
            1, 
            3, 
            1, 
            1, 
            1, 
            1, 
            1, 
            0, 
            1, 
            1
        ]
    }, 
    "6": {
        "silhouette_score": 0.16730623869221381, 
        "labels": [
            0, 
            0, 
            4, 
            3, 
            5, 
            5, 
            5, 
            0, 
            2, 
            0, 
            5, 
            0, 
            0, 
            0, 
            1, 
            0, 
            0
        ]
    }, 
    "7": {
        "silhouette_score": 0.13638539872486555, 
        "labels": [
            6, 
            1, 
            4, 
            0, 
            1, 
            1, 
            1, 
            6, 
            2, 
            1, 
            5, 
            6, 
            6, 
            6, 
            3, 
            1, 
            1
        ]
    }, 
    "8": {
        "silhouette_score": 0.18299150575125347, 
        "labels": [
            0, 
            0, 
            3, 
            6, 
            4, 
            7, 
            0, 
            0, 
            2, 
            4, 
            5, 
            0, 
            0, 
            0, 
            1, 
            0, 
            7
        ]
    }, 
    "9": {
        "silhouette_score": 0.11764659049892602, 
        "labels": [
            0, 
            8, 
            4, 
            5, 
            1, 
            7, 
            7, 
            8, 
            3, 
            1, 
            6, 
            8, 
            8, 
            8, 
            2, 
            8, 
            0
        ]
    }, 
    "10": {
        "silhouette_score": 0.068009235129195045, 
        "labels": [
            8, 
            1, 
            2, 
            0, 
            7, 
            9, 
            1, 
            1, 
            4, 
            1, 
            5, 
            8, 
            1, 
            1, 
            3, 
            1, 
            6
        ]
    }, 
    "11": {
        "silhouette_score": 0.077005826308057121, 
        "labels": [
            10, 
            3, 
            4, 
            5, 
            8, 
            9, 
            3, 
            7, 
            2, 
            3, 
            6, 
            10, 
            7, 
            10, 
            1, 
            3, 
            0
        ]
    }, 
    "12": {
        "silhouette_score": 0.075231583234995625, 
        "labels": [
            2, 
            9, 
            1, 
            3, 
            11, 
            7, 
            8, 
            2, 
            5, 
            0, 
            6, 
            2, 
            2, 
            2, 
            4, 
            9, 
            10
        ]
    }, 
    "13": {
        "silhouette_score": 0.098266925087973231, 
        "labels": [
            0, 
            10, 
            2, 
            5, 
            1, 
            7, 
            9, 
            11, 
            3, 
            8, 
            6, 
            0, 
            11, 
            0, 
            4, 
            10, 
            12
        ]
    }, 
    "14": {
        "silhouette_score": 0.090482424870493933, 
        "labels": [
            13, 
            1, 
            0, 
            4, 
            7, 
            8, 
            10, 
            12, 
            3, 
            11, 
            5, 
            6, 
            12, 
            6, 
            2, 
            1, 
            9
        ]
    }, 
    "15": {
        "silhouette_score": 0.060597599100044107, 
        "labels": [
            11, 
            12, 
            2, 
            5, 
            4, 
            9, 
            13, 
            0, 
            3, 
            8, 
            6, 
            14, 
            0, 
            7, 
            1, 
            12, 
            10
        ]
    }, 
    "16": {
        "silhouette_score": 0.038058512002661422, 
        "labels": [
            12, 
            8, 
            1, 
            4, 
            7, 
            6, 
            11, 
            15, 
            3, 
            13, 
            5, 
            9, 
            0, 
            14, 
            2, 
            8, 
            10
        ]
    }
}