{
    "2": {
        "silhouette_score": 0.3076214162431638, 
        "labels": [
            0, 
            1, 
            0, 
            0, 
            0, 
            1, 
            0, 
            0
        ]
    }, 
    "3": {
        "silhouette_score": 0.29580889114958941, 
        "labels": [
            0, 
            1, 
            2, 
            0, 
            0, 
            1, 
            0, 
            0
        ]
    }, 
    "4": {
        "silhouette_score": 0.25510797717462741, 
        "labels": [
            0, 
            1, 
            2, 
            0, 
            3, 
            1, 
            0, 
            0
        ]
    }, 
    "5": {
        "silhouette_score": 0.24963285693777029, 
        "labels": [
            1, 
            0, 
            3, 
            2, 
            4, 
            0, 
            1, 
            1
        ]
    }, 
    "6": {
        "silhouette_score": 0.20472020474727165, 
        "labels": [
            0, 
            2, 
            4, 
            5, 
            3, 
            2, 
            0, 
            1
        ]
    }, 
    "7": {
        "silhouette_score": 0.14554457641439217, 
        "labels": [
            6, 
            2, 
            3, 
            5, 
            0, 
            2, 
            4, 
            1
        ]
    }
}