{
    "2": {
        "silhouette_score": 0.30930558051200302, 
        "labels": [
            1, 
            1, 
            1, 
            0, 
            1, 
            0, 
            1, 
            0, 
            1
        ]
    }, 
    "3": {
        "silhouette_score": 0.2071841586754701, 
        "labels": [
            2, 
            2, 
            0, 
            1, 
            2, 
            2, 
            0, 
            1, 
            2
        ]
    }, 
    "4": {
        "silhouette_score": 0.27530602760069539, 
        "labels": [
            3, 
            3, 
            0, 
            1, 
            3, 
            2, 
            0, 
            1, 
            3
        ]
    }, 
    "5": {
        "silhouette_score": 0.29243766039452734, 
        "labels": [
            0, 
            0, 
            2, 
            1, 
            4, 
            3, 
            2, 
            1, 
            4
        ]
    }, 
    "6": {
        "silhouette_score": 0.16261611402449505, 
        "labels": [
            2, 
            2, 
            1, 
            0, 
            2, 
            4, 
            5, 
            0, 
            3
        ]
    }, 
    "7": {
        "silhouette_score": 0.20119176489444093, 
        "labels": [
            1, 
            1, 
            2, 
            0, 
            3, 
            4, 
            5, 
            0, 
            6
        ]
    }, 
    "8": {
        "silhouette_score": 0.08716332395172284, 
        "labels": [
            4, 
            4, 
            5, 
            7, 
            3, 
            2, 
            1, 
            0, 
            6
        ]
    }
}