{
    "2": {
        "silhouette_score": 0.29499751772134342, 
        "labels": [
            0, 
            0, 
            1, 
            0, 
            1, 
            0, 
            1, 
            0, 
            1, 
            0, 
            0, 
            1, 
            1, 
            0, 
            1, 
            0, 
            1, 
            1, 
            0, 
            0, 
            1, 
            1
        ]
    }, 
    "3": {
        "silhouette_score": 0.25846421803260083, 
        "labels": [
            0, 
            2, 
            0, 
            2, 
            1, 
            2, 
            1, 
            2, 
            1, 
            2, 
            0, 
            0, 
            1, 
            1, 
            1, 
            2, 
            1, 
            1, 
            2, 
            2, 
            1, 
            1
        ]
    }, 
    "4": {
        "silhouette_score": 0.18239805107283563, 
        "labels": [
            3, 
            1, 
            3, 
            3, 
            3, 
            1, 
            2, 
            1, 
            2, 
            1, 
            1, 
            3, 
            2, 
            0, 
            3, 
            1, 
            3, 
            3, 
            1, 
            1, 
            3, 
            2
        ]
    }, 
    "5": {
        "silhouette_score": 0.18045052393622488, 
        "labels": [
            4, 
            1, 
            2, 
            4, 
            4, 
            4, 
            0, 
            4, 
            0, 
            1, 
            2, 
            2, 
            3, 
            1, 
            0, 
            1, 
            0, 
            0, 
            1, 
            1, 
            0, 
            0
        ]
    }, 
    "6": {
        "silhouette_score": 0.18259181702564883, 
        "labels": [
            2, 
            0, 
            2, 
            3, 
            3, 
            0, 
            3, 
            0, 
            1, 
            5, 
            2, 
            2, 
            1, 
            4, 
            3, 
            0, 
            3, 
            3, 
            5, 
            0, 
            3, 
            1
        ]
    }, 
    "7": {
        "silhouette_score": 0.11397225769543068, 
        "labels": [
            2, 
            3, 
            5, 
            6, 
            6, 
            3, 
            0, 
            3, 
            0, 
            1, 
            3, 
            5, 
            4, 
            1, 
            0, 
            3, 
            0, 
            0, 
            1, 
            3, 
            6, 
            0
        ]
    }, 
    "8": {
        "silhouette_score": 0.11971015554499584, 
        "labels": [
            6, 
            7, 
            3, 
            5, 
            5, 
            7, 
            2, 
            7, 
            2, 
            1, 
            3, 
            3, 
            0, 
            4, 
            2, 
            1, 
            2, 
            5, 
            1, 
            7, 
            5, 
            2
        ]
    }, 
    "9": {
        "silhouette_score": 0.13010621187563948, 
        "labels": [
            1, 
            6, 
            5, 
            7, 
            7, 
            1, 
            3, 
            1, 
            0, 
            8, 
            5, 
            5, 
            0, 
            4, 
            2, 
            6, 
            2, 
            3, 
            6, 
            6, 
            3, 
            2
        ]
    }, 
    "10": {
        "silhouette_score": 0.12072335317798841, 
        "labels": [
            9, 
            8, 
            5, 
            7, 
            7, 
            0, 
            1, 
            0, 
            6, 
            8, 
            4, 
            5, 
            3, 
            2, 
            1, 
            8, 
            1, 
            1, 
            8, 
            0, 
            1, 
            6
        ]
    }, 
    "11": {
        "silhouette_score": 0.13801116910162167, 
        "labels": [
            8, 
            0, 
            6, 
            1, 
            1, 
            0, 
            5, 
            0, 
            2, 
            7, 
            4, 
            6, 
            9, 
            3, 
            10, 
            7, 
            10, 
            5, 
            7, 
            0, 
            5, 
            10
        ]
    }, 
    "12": {
        "silhouette_score": 0.095836527979601849, 
        "labels": [
            5, 
            0, 
            1, 
            0, 
            2, 
            6, 
            10, 
            6, 
            9, 
            11, 
            7, 
            1, 
            4, 
            8, 
            2, 
            0, 
            3, 
            10, 
            0, 
            6, 
            2, 
            3
        ]
    }, 
    "13": {
        "silhouette_score": 0.088890544344711719, 
        "labels": [
            10, 
            7, 
            4, 
            1, 
            2, 
            1, 
            9, 
            1, 
            8, 
            0, 
            11, 
            12, 
            3, 
            5, 
            2, 
            1, 
            2, 
            9, 
            1, 
            7, 
            9, 
            6
        ]
    }, 
    "14": {
        "silhouette_score": 0.11341931558749692, 
        "labels": [
            10, 
            7, 
            2, 
            1, 
            0, 
            9, 
            5, 
            9, 
            12, 
            1, 
            8, 
            13, 
            4, 
            3, 
            0, 
            1, 
            11, 
            5, 
            1, 
            7, 
            0, 
            6
        ]
    }, 
    "15": {
        "silhouette_score": 0.071021314158229112, 
        "labels": [
            7, 
            5, 
            8, 
            1, 
            1, 
            12, 
            6, 
            12, 
            9, 
            0, 
            10, 
            14, 
            3, 
            4, 
            2, 
            12, 
            11, 
            6, 
            1, 
            5, 
            6, 
            13
        ]
    }, 
    "16": {
        "silhouette_score": 0.10591585392673677, 
        "labels": [
            11, 
            10, 
            14, 
            3, 
            15, 
            2, 
            9, 
            2, 
            12, 
            3, 
            1, 
            7, 
            8, 
            4, 
            0, 
            3, 
            13, 
            9, 
            3, 
            10, 
            6, 
            5
        ]
    }, 
    "17": {
        "silhouette_score": 0.11554833687933383, 
        "labels": [
            9, 
            13, 
            16, 
            8, 
            8, 
            7, 
            1, 
            7, 
            6, 
            10, 
            5, 
            0, 
            4, 
            3, 
            12, 
            2, 
            11, 
            1, 
            2, 
            13, 
            15, 
            14
        ]
    }, 
    "18": {
        "silhouette_score": 0.091328709923479398, 
        "labels": [
            12, 
            5, 
            11, 
            10, 
            10, 
            1, 
            2, 
            1, 
            9, 
            17, 
            8, 
            0, 
            3, 
            4, 
            13, 
            15, 
            7, 
            2, 
            6, 
            5, 
            16, 
            14
        ]
    }, 
    "19": {
        "silhouette_score": 0.080872196463931928,