{
    "2": {
        "silhouette_score": 0.24713946999689398, 
        "labels": [
            0, 
            1, 
            1, 
            1, 
            1, 
            0, 
            1, 
            1, 
            0, 
            0, 
            1, 
            1, 
            1, 
            1, 
            0, 
            1, 
            1
        ]
    }, 
    "3": {
        "silhouette_score": 0.21739430279215224, 
        "labels": [
            1, 
            0, 
            1, 
            1, 
            0, 
            1, 
            2, 
            2, 
            1, 
            1, 
            2, 
            1, 
            1, 
            1, 
            1, 
            2, 
            1
        ]
    }, 
    "4": {
        "silhouette_score": 0.14786555877921148, 
        "labels": [
            3, 
            0, 
            0, 
            3, 
            0, 
            2, 
            1, 
            1, 
            2, 
            2, 
            3, 
            0, 
            3, 
            3, 
            2, 
            3, 
            3
        ]
    }, 
    "5": {
        "silhouette_score": 0.14470222791171064, 
        "labels": [
            0, 
            1, 
            2, 
            0, 
            2, 
            3, 
            4, 
            4, 
            0, 
            3, 
            0, 
            2, 
            2, 
            0, 
            0, 
            1, 
            2
        ]
    }, 
    "6": {
        "silhouette_score": 0.18231125550163199, 
        "labels": [
            2, 
            5, 
            1, 
            1, 
            5, 
            0, 
            4, 
            4, 
            2, 
            0, 
            3, 
            1, 
            1, 
            2, 
            2, 
            1, 
            1
        ]
    }, 
    "7": {
        "silhouette_score": 0.10952322556166036, 
        "labels": [
            1, 
            6, 
            5, 
            1, 
            0, 
            4, 
            2, 
            2, 
            3, 
            4, 
            2, 
            1, 
            1, 
            1, 
            3, 
            2, 
            5
        ]
    }, 
    "8": {
        "silhouette_score": 0.17147232837071905, 
        "labels": [
            6, 
            5, 
            2, 
            6, 
            4, 
            0, 
            1, 
            1, 
            3, 
            0, 
            7, 
            2, 
            2, 
            6, 
            3, 
            1, 
            2
        ]
    }, 
    "9": {
        "silhouette_score": 0.1317642962496953, 
        "labels": [
            2, 
            8, 
            1, 
            1, 
            6, 
            7, 
            5, 
            5, 
            2, 
            3, 
            0, 
            1, 
            1, 
            2, 
            2, 
            4, 
            1
        ]
    }, 
    "10": {
        "silhouette_score": 0.15548068679378743, 
        "labels": [
            5, 
            6, 
            1, 
            5, 
            4, 
            7, 
            3, 
            3, 
            2, 
            0, 
            8, 
            1, 
            1, 
            5, 
            2, 
            9, 
            1
        ]
    }, 
    "11": {
        "silhouette_score": 0.10081169306499467, 
        "labels": [
            1, 
            2, 
            0, 
            8, 
            5, 
            7, 
            4, 
            4, 
            9, 
            3, 
            6, 
            8, 
            8, 
            1, 
            9, 
            10, 
            8
        ]
    }, 
    "12": {
        "silhouette_score": 0.064093405856956762, 
        "labels": [
            7, 
            4, 
            2, 
            0, 
            8, 
            3, 
            6, 
            6, 
            5, 
            9, 
            11, 
            1, 
            2, 
            10, 
            5, 
            6, 
            2
        ]
    }, 
    "13": {
        "silhouette_score": 0.085009944221872788, 
        "labels": [
            2, 
            1, 
            4, 
            2, 
            9, 
            0, 
            11, 
            6, 
            12, 
            5, 
            7, 
            8, 
            4, 
            2, 
            3, 
            10, 
            4
        ]
    }, 
    "14": {
        "silhouette_score": 0.037885384660836734, 
        "labels": [
            0, 
            4, 
            7, 
            1, 
            8, 
            2, 
            5, 
            12, 
            3, 
            9, 
            6, 
            13, 
            1, 
            0, 
            10, 
            11, 
            1
        ]
    }, 
    "15": {
        "silhouette_score": 0.016323946680662445, 
        "labels": [
            0, 
            2, 
            1, 
            8, 
            5, 
            3, 
            13, 
            4, 
            11, 
            6, 
            12, 
            9, 
            8, 
            14, 
            7, 
            10, 
            8
        ]
    }, 
    "16": {
        "silhouette_score": 0.036549294877626662, 
        "labels": [
            1, 
            7, 
            3, 
            15, 
            2, 
            4, 
            11, 
            0, 
            9, 
            5, 
            6, 
            13, 
            8, 
            14, 
            12, 
            10, 
            8
        ]
    }
}