{
    "2": {
        "silhouette_score": 0.11713437973915493, 
        "labels": [
            0, 
            1, 
            0, 
            1, 
            0, 
            1, 
            0, 
            1, 
            0
        ]
    }, 
    "3": {
        "silhouette_score": 0.1114704325459054, 
        "labels": [
            1, 
            0, 
            1, 
            2, 
            2, 
            0, 
            2, 
            2, 
            2
        ]
    }, 
    "4": {
        "silhouette_score": 0.10053089301249679, 
        "labels": [
            2, 
            1, 
            2, 
            3, 
            3, 
            1, 
            0, 
            3, 
            0
        ]
    }, 
    "5": {
        "silhouette_score": 0.07199636193715217, 
        "labels": [
            2, 
            4, 
            2, 
            1, 
            1, 
            3, 
            0, 
            1, 
            0
        ]
    }, 
    "6": {
        "silhouette_score": 0.057817502940574736, 
        "labels": [
            2, 
            5, 
            2, 
            0, 
            0, 
            3, 
            1, 
            0, 
            4
        ]
    }, 
    "7": {
        "silhouette_score": 0.036657951627524818, 
        "labels": [
            0, 
            5, 
            3, 
            1, 
            1, 
            2, 
            4, 
            1, 
            6
        ]
    }, 
    "8": {
        "silhouette_score": 0.021120585280470772, 
        "labels": [
            4, 
            2, 
            1, 
            7, 
            0, 
            3, 
            6, 
            0, 
            5
        ]
    }
}