{
    "2": {
        "silhouette_score": 0.35338128562143445, 
        "labels": [
            0, 
            0, 
            0, 
            0, 
            0, 
            0, 
            0, 
            0, 
            0, 
            0, 
            0, 
            0, 
            0, 
            0, 
            0, 
            0, 
            1, 
            1, 
            0, 
            0, 
            0, 
            0
        ]
    }, 
    "3": {
        "silhouette_score": 0.13598941602705528, 
        "labels": [
            0, 
            1, 
            0, 
            0, 
            0, 
            1, 
            1, 
            1, 
            0, 
            0, 
            1, 
            0, 
            0, 
            0, 
            0, 
            0, 
            2, 
            2, 
            1, 
            0, 
            0, 
            0
        ]
    }, 
    "4": {
        "silhouette_score": 0.13587631475645684, 
        "labels": [
            0, 
            1, 
            0, 
            0, 
            0, 
            1, 
            1, 
            1, 
            1, 
            0, 
            1, 
            1, 
            3, 
            0, 
            0, 
            3, 
            2, 
            2, 
            1, 
            1, 
            0, 
            1
        ]
    }, 
    "5": {
        "silhouette_score": 0.16845629990593297, 
        "labels": [
            3, 
            1, 
            3, 
            3, 
            3, 
            2, 
            1, 
            1, 
            4, 
            3, 
            1, 
            4, 
            3, 
            3, 
            3, 
            2, 
            0, 
            0, 
            1, 
            1, 
            3, 
            4
        ]
    }, 
    "6": {
        "silhouette_score": 0.14201778722926237, 
        "labels": [
            2, 
            2, 
            2, 
            2, 
            2, 
            0, 
            3, 
            3, 
            4, 
            2, 
            3, 
            4, 
            4, 
            2, 
            2, 
            0, 
            5, 
            5, 
            1, 
            1, 
            2, 
            4
        ]
    }, 
    "7": {
        "silhouette_score": 0.13146979887712973, 
        "labels": [
            0, 
            4, 
            0, 
            0, 
            0, 
            6, 
            3, 
            3, 
            2, 
            0, 
            3, 
            5, 
            5, 
            0, 
            0, 
            5, 
            1, 
            1, 
            4, 
            4, 
            0, 
            5
        ]
    }, 
    "8": {
        "silhouette_score": 0.12719606671874525, 
        "labels": [
            0, 
            1, 
            0, 
            0, 
            2, 
            4, 
            7, 
            7, 
            5, 
            0, 
            7, 
            5, 
            0, 
            0, 
            2, 
            6, 
            3, 
            3, 
            1, 
            1, 
            2, 
            5
        ]
    }, 
    "9": {
        "silhouette_score": 0.13865381167308086, 
        "labels": [
            1, 
            4, 
            1, 
            1, 
            1, 
            0, 
            6, 
            5, 
            3, 
            1, 
            5, 
            3, 
            8, 
            1, 
            1, 
            7, 
            2, 
            2, 
            4, 
            4, 
            1, 
            3
        ]
    }, 
    "10": {
        "silhouette_score": 0.12929693126793099, 
        "labels": [
            0, 
            2, 
            0, 
            0, 
            7, 
            9, 
            2, 
            4, 
            3, 
            0, 
            4, 
            0, 
            8, 
            6, 
            7, 
            5, 
            1, 
            1, 
            2, 
            2, 
            7, 
            3
        ]
    }, 
    "11": {
        "silhouette_score": 0.10709451987747792, 
        "labels": [
            6, 
            0, 
            6, 
            2, 
            2, 
            9, 
            0, 
            5, 
            3, 
            6, 
            5, 
            3, 
            10, 
            7, 
            2, 
            4, 
            1, 
            1, 
            0, 
            8, 
            2, 
            3
        ]
    }, 
    "12": {
        "silhouette_score": 0.10084449120394021, 
        "labels": [
            0, 
            2, 
            3, 
            3, 
            3, 
            7, 
            2, 
            6, 
            4, 
            3, 
            10, 
            0, 
            5, 
            11, 
            3, 
            9, 
            1, 
            1, 
            2, 
            8, 
            3, 
            4
        ]
    }, 
    "13": {
        "silhouette_score": 0.088814014899105814, 
        "labels": [
            5, 
            4, 
            5, 
            5, 
            9, 
            8, 
            4, 
            12, 
            7, 
            0, 
            12, 
            2, 
            6, 
            11, 
            9, 
            10, 
            3, 
            3, 
            1, 
            1, 
            9, 
            7
        ]
    }, 
    "14": {
        "silhouette_score": 0.082025063773414883, 
        "labels": [
            2, 
            0, 
            2, 
            2, 
            1, 
            6, 
            10, 
            11, 
            9, 
            13, 
            3, 
            5, 
            7, 
            12, 
            1, 
            8, 
            4, 
            4, 
            0, 
            0, 
            1, 
            5
        ]
    }, 
    "15": {
        "silhouette_score": 0.072703734742158591, 
        "labels": [
            9, 
            1, 
            9, 
            2, 
            2, 
            8, 
            13, 
            7, 
            4, 
            9, 
            14, 
            6, 
            10, 
            11, 
            0, 
            5, 
            3, 
            3, 
            1, 
            12, 
            0, 
            6
        ]
    }, 
    "16": {
        "silhouette_score": 0.036473581263690782, 
        "labels": [
            14, 
            4, 
            1, 
            1, 
            9, 
            6, 
            2, 
            13, 
            11, 
            1, 
            8, 
            0, 
            5, 
            15, 
            9, 
            7, 
            10, 
            3, 
            4, 
            12, 
            9, 
            0
        ]
    }, 
    "17": {
        "silhouette_score": 0.03015452823551408, 
        "labels": [
            0, 
            2, 
            9, 
            9, 
            9, 
            6, 
            5, 
            13, 
            3, 
            16, 
            7, 
            8, 
            12, 
            11, 
            4, 
            10, 
            1, 
            14, 
            2, 
            15, 
            4, 
            8
        ]
    }, 
    "18": {
        "silhouette_score": 0.026432489182922059, 
        "labels": [
            17, 
            4, 
            5, 
            5, 
            11, 
            0, 
            14, 
            6, 
            9, 
            16, 
            15, 
            3, 
            10, 
            7, 
            1, 
            8, 
            13, 
            2, 
            4, 
            12, 
            1, 
            3
        ]
    }, 
    "19": {
        "silhouette_score": 0.019228044380572937,