{
    "2": {
        "silhouette_score": 0.26900459172585289, 
        "labels": [
            0, 
            1, 
            0, 
            0, 
            1, 
            0, 
            0, 
            0, 
            0, 
            0, 
            0, 
            1, 
            1, 
            0, 
            0, 
            1, 
            0
        ]
    }, 
    "3": {
        "silhouette_score": 0.2754223822116445, 
        "labels": [
            1, 
            0, 
            1, 
            1, 
            0, 
            1, 
            1, 
            1, 
            1, 
            1, 
            1, 
            2, 
            2, 
            1, 
            1, 
            0, 
            1
        ]
    }, 
    "4": {
        "silhouette_score": 0.15412968910325456, 
        "labels": [
            1, 
            2, 
            1, 
            1, 
            2, 
            1, 
            3, 
            3, 
            3, 
            1, 
            3, 
            0, 
            0, 
            3, 
            3, 
            2, 
            1
        ]
    }, 
    "5": {
        "silhouette_score": 0.14871407273110238, 
        "labels": [
            3, 
            0, 
            4, 
            3, 
            0, 
            3, 
            1, 
            1, 
            1, 
            1, 
            1, 
            2, 
            2, 
            1, 
            3, 
            0, 
            3
        ]
    }, 
    "6": {
        "silhouette_score": 0.1434031587252774, 
        "labels": [
            3, 
            1, 
            4, 
            3, 
            1, 
            3, 
            0, 
            0, 
            5, 
            0, 
            5, 
            2, 
            2, 
            0, 
            3, 
            1, 
            3
        ]
    }, 
    "7": {
        "silhouette_score": 0.16167297827945004, 
        "labels": [
            3, 
            2, 
            4, 
            5, 
            2, 
            3, 
            0, 
            0, 
            6, 
            5, 
            6, 
            1, 
            1, 
            0, 
            3, 
            2, 
            3
        ]
    }, 
    "8": {
        "silhouette_score": 0.12871705787769158, 
        "labels": [
            0, 
            6, 
            4, 
            0, 
            2, 
            0, 
            3, 
            3, 
            5, 
            5, 
            5, 
            1, 
            1, 
            3, 
            7, 
            6, 
            0
        ]
    }, 
    "9": {
        "silhouette_score": 0.12508723448244544, 
        "labels": [
            4, 
            7, 
            3, 
            0, 
            6, 
            4, 
            5, 
            5, 
            8, 
            0, 
            8, 
            1, 
            1, 
            5, 
            4, 
            2, 
            4
        ]
    }, 
    "10": {
        "silhouette_score": 0.11851998771753852, 
        "labels": [
            6, 
            1, 
            9, 
            0, 
            8, 
            6, 
            4, 
            4, 
            2, 
            0, 
            2, 
            3, 
            3, 
            4, 
            5, 
            7, 
            6
        ]
    }, 
    "11": {
        "silhouette_score": 0.10866846352494068, 
        "labels": [
            2, 
            6, 
            10, 
            7, 
            3, 
            2, 
            0, 
            0, 
            8, 
            7, 
            5, 
            4, 
            4, 
            0, 
            9, 
            1, 
            2
        ]
    }, 
    "12": {
        "silhouette_score": 0.095057783486241734, 
        "labels": [
            2, 
            7, 
            9, 
            10, 
            1, 
            6, 
            4, 
            4, 
            8, 
            10, 
            0, 
            3, 
            3, 
            4, 
            11, 
            5, 
            6
        ]
    }, 
    "13": {
        "silhouette_score": 0.093287276801027968, 
        "labels": [
            12, 
            1, 
            11, 
            9, 
            7, 
            0, 
            4, 
            4, 
            8, 
            9, 
            6, 
            3, 
            3, 
            2, 
            10, 
            5, 
            0
        ]
    }, 
    "14": {
        "silhouette_score": 0.088320008872909736, 
        "labels": [
            1, 
            0, 
            5, 
            12, 
            9, 
            10, 
            2, 
            2, 
            6, 
            8, 
            13, 
            4, 
            4, 
            3, 
            11, 
            7, 
            10
        ]
    }, 
    "15": {
        "silhouette_score": 0.044778636378457484, 
        "labels": [
            3, 
            1, 
            10, 
            12, 
            6, 
            8, 
            0, 
            0, 
            4, 
            5, 
            9, 
            14, 
            2, 
            13, 
            11, 
            7, 
            8
        ]
    }, 
    "16": {
        "silhouette_score": 0.033930367893205096, 
        "labels": [
            12, 
            3, 
            4, 
            10, 
            7, 
            5, 
            1, 
            1, 
            11, 
            6, 
            9, 
            2, 
            14, 
            13, 
            0, 
            8, 
            15
        ]
    }
}