{
    "2": {
        "silhouette_score": 0.3930034807567801, 
        "labels": [
            0, 
            0, 
            0, 
            0, 
            0, 
            1, 
            0, 
            0, 
            0
        ]
    }, 
    "3": {
        "silhouette_score": 0.30002805356073781, 
        "labels": [
            0, 
            0, 
            0, 
            0, 
            0, 
            1, 
            2, 
            0, 
            0
        ]
    }, 
    "4": {
        "silhouette_score": 0.1681631547698334, 
        "labels": [
            2, 
            0, 
            2, 
            2, 
            2, 
            1, 
            3, 
            0, 
            0
        ]
    }, 
    "5": {
        "silhouette_score": 0.15725412373522973, 
        "labels": [
            2, 
            0, 
            2, 
            2, 
            2, 
            3, 
            1, 
            4, 
            4
        ]
    }, 
    "6": {
        "silhouette_score": 0.13299342677117035, 
        "labels": [
            4, 
            5, 
            4, 
            1, 
            4, 
            3, 
            2, 
            0, 
            0
        ]
    }, 
    "7": {
        "silhouette_score": 0.086375801976067451, 
        "labels": [
            1, 
            3, 
            1, 
            6, 
            1, 
            0, 
            2, 
            4, 
            5
        ]
    }, 
    "8": {
        "silhouette_score": 0.018036707176115399, 
        "labels": [
            7, 
            5, 
            1, 
            6, 
            1, 
            2, 
            3, 
            0, 
            4
        ]
    }
}