{
    "2": {
        "silhouette_score": 0.26400845084456254, 
        "labels": [
            0, 
            1, 
            0, 
            0, 
            0, 
            1, 
            0, 
            1, 
            0, 
            1, 
            1, 
            0, 
            0, 
            1, 
            0, 
            0, 
            0, 
            0, 
            1, 
            1, 
            0, 
            0
        ]
    }, 
    "3": {
        "silhouette_score": 0.13380069524651045, 
        "labels": [
            1, 
            2, 
            2, 
            1, 
            1, 
            2, 
            0, 
            1, 
            0, 
            2, 
            2, 
            1, 
            0, 
            2, 
            0, 
            1, 
            0, 
            2, 
            2, 
            2, 
            0, 
            0
        ]
    }, 
    "4": {
        "silhouette_score": 0.1419595064179702, 
        "labels": [
            1, 
            0, 
            2, 
            3, 
            3, 
            0, 
            3, 
            3, 
            1, 
            0, 
            2, 
            3, 
            3, 
            0, 
            1, 
            3, 
            1, 
            3, 
            0, 
            0, 
            3, 
            1
        ]
    }, 
    "5": {
        "silhouette_score": 0.16358744625297025, 
        "labels": [
            1, 
            0, 
            2, 
            1, 
            1, 
            3, 
            1, 
            1, 
            2, 
            0, 
            3, 
            1, 
            2, 
            4, 
            1, 
            1, 
            1, 
            1, 
            0, 
            0, 
            1, 
            1
        ]
    }, 
    "6": {
        "silhouette_score": 0.084446568144913373, 
        "labels": [
            3, 
            5, 
            1, 
            4, 
            4, 
            5, 
            4, 
            5, 
            0, 
            2, 
            1, 
            4, 
            4, 
            2, 
            0, 
            4, 
            0, 
            4, 
            5, 
            5, 
            4, 
            0
        ]
    }, 
    "7": {
        "silhouette_score": 0.11277584214121124, 
        "labels": [
            2, 
            1, 
            5, 
            3, 
            2, 
            1, 
            3, 
            1, 
            3, 
            1, 
            5, 
            0, 
            6, 
            4, 
            2, 
            3, 
            3, 
            3, 
            1, 
            1, 
            3, 
            2
        ]
    }, 
    "8": {
        "silhouette_score": 0.12603715282340017, 
        "labels": [
            7, 
            1, 
            6, 
            4, 
            3, 
            1, 
            3, 
            4, 
            0, 
            1, 
            6, 
            0, 
            5, 
            2, 
            0, 
            4, 
            3, 
            3, 
            1, 
            1, 
            0, 
            0
        ]
    }, 
    "9": {
        "silhouette_score": 0.14119585324102232, 
        "labels": [
            8, 
            2, 
            1, 
            3, 
            3, 
            2, 
            6, 
            3, 
            6, 
            2, 
            1, 
            4, 
            7, 
            5, 
            3, 
            0, 
            3, 
            6, 
            2, 
            2, 
            3, 
            3
        ]
    }, 
    "10": {
        "silhouette_score": 0.030963702122360184, 
        "labels": [
            1, 
            6, 
            4, 
            8, 
            1, 
            6, 
            3, 
            8, 
            4, 
            0, 
            2, 
            8, 
            9, 
            5, 
            1, 
            7, 
            1, 
            8, 
            0, 
            6, 
            3, 
            1
        ]
    }, 
    "11": {
        "silhouette_score": 0.071806991053735017, 
        "labels": [
            4, 
            6, 
            5, 
            1, 
            0, 
            2, 
            1, 
            1, 
            5, 
            6, 
            10, 
            5, 
            7, 
            9, 
            3, 
            8, 
            0, 
            1, 
            6, 
            6, 
            3, 
            3
        ]
    }, 
    "12": {
        "silhouette_score": 0.060625489178672914, 
        "labels": [
            0, 
            1, 
            9, 
            3, 
            3, 
            7, 
            5, 
            3, 
            2, 
            7, 
            4, 
            11, 
            8, 
            6, 
            0, 
            10, 
            5, 
            5, 
            7, 
            1, 
            3, 
            0
        ]
    }, 
    "13": {
        "silhouette_score": 0.098869719870834358, 
        "labels": [
            3, 
            1, 
            8, 
            12, 
            12, 
            1, 
            7, 
            12, 
            11, 
            1, 
            6, 
            12, 
            2, 
            9, 
            4, 
            10, 
            0, 
            7, 
            1, 
            1, 
            5, 
            4
        ]
    }, 
    "14": {
        "silhouette_score": 0.045338907106357691, 
        "labels": [
            0, 
            3, 
            5, 
            2, 
            2, 
            7, 
            1, 
            1, 
            4, 
            10, 
            13, 
            12, 
            9, 
            6, 
            2, 
            8, 
            1, 
            1, 
            10, 
            3, 
            11, 
            2
        ]
    }, 
    "15": {
        "silhouette_score": 0.08467555337473319, 
        "labels": [
            10, 
            1, 
            2, 
            4, 
            4, 
            1, 
            5, 
            14, 
            6, 
            1, 
            9, 
            11, 
            3, 
            7, 
            13, 
            8, 
            5, 
            5, 
            1, 
            1, 
            12, 
            0
        ]
    }, 
    "16": {
        "silhouette_score": 0.029375075017491679, 
        "labels": [
            10, 
            1, 
            12, 
            3, 
            3, 
            7, 
            11, 
            15, 
            13, 
            7, 
            5, 
            14, 
            6, 
            4, 
            0, 
            9, 
            2, 
            11, 
            7, 
            1, 
            11, 
            8
        ]
    }, 
    "17": {
        "silhouette_score": 0.034705900359262014, 
        "labels": [
            9, 
            13, 
            7, 
            4, 
            4, 
            1, 
            12, 
            15, 
            5, 
            16, 
            10, 
            11, 
            3, 
            6, 
            2, 
            8, 
            0, 
            12, 
            1, 
            13, 
            12, 
            14
        ]
    }, 
    "18": {
        "silhouette_score": 0.059938097145827388, 
        "labels": [
            0, 
            1, 
            12, 
            17, 
            9, 
            15, 
            11, 
            13, 
            8, 
            14, 
            5, 
            10, 
            4, 
            6, 
            16, 
            7, 
            2, 
            11, 
            14, 
            1, 
            3, 
            16
        ]
    }, 
    "19": {
        "silhouette_score": 0.06244038009227431,