{
    "2": {
        "silhouette_score": 0.27678459844141984, 
        "labels": [
            1, 
            0, 
            1, 
            1, 
            0, 
            0, 
            1, 
            1
        ]
    }, 
    "3": {
        "silhouette_score": 0.32775169014815614, 
        "labels": [
            1, 
            0, 
            2, 
            1, 
            0, 
            0, 
            1, 
            1
        ]
    }, 
    "4": {
        "silhouette_score": 0.25109875789164904, 
        "labels": [
            1, 
            2, 
            0, 
            3, 
            2, 
            2, 
            1, 
            1
        ]
    }, 
    "5": {
        "silhouette_score": 0.23572148209340985, 
        "labels": [
            1, 
            2, 
            3, 
            4, 
            0, 
            2, 
            1, 
            1
        ]
    }, 
    "6": {
        "silhouette_score": 0.18902774811043671, 
        "labels": [
            1, 
            2, 
            3, 
            4, 
            0, 
            2, 
            1, 
            5
        ]
    }, 
    "7": {
        "silhouette_score": 0.12751671580950652, 
        "labels": [
            1, 
            2, 
            0, 
            4, 
            3, 
            2, 
            6, 
            5
        ]
    }
}