{
    "2": {
        "silhouette_score": 0.2677879427858092, 
        "labels": [
            1, 
            0, 
            1, 
            1, 
            0, 
            1, 
            1, 
            1, 
            1, 
            1, 
            1, 
            0, 
            0, 
            1, 
            1, 
            0, 
            1
        ]
    }, 
    "3": {
        "silhouette_score": 0.27397576289691772, 
        "labels": [
            1, 
            2, 
            1, 
            1, 
            2, 
            1, 
            1, 
            1, 
            1, 
            1, 
            1, 
            0, 
            0, 
            1, 
            1, 
            2, 
            1
        ]
    }, 
    "4": {
        "silhouette_score": 0.17529941253912529, 
        "labels": [
            0, 
            3, 
            0, 
            0, 
            3, 
            0, 
            1, 
            1, 
            1, 
            0, 
            0, 
            2, 
            2, 
            1, 
            0, 
            3, 
            0
        ]
    }, 
    "5": {
        "silhouette_score": 0.1773879107417784, 
        "labels": [
            0, 
            1, 
            0, 
            0, 
            1, 
            0, 
            3, 
            3, 
            2, 
            2, 
            2, 
            4, 
            4, 
            3, 
            0, 
            1, 
            0
        ]
    }, 
    "6": {
        "silhouette_score": 0.16709248670741148, 
        "labels": [
            1, 
            2, 
            5, 
            1, 
            2, 
            1, 
            3, 
            3, 
            0, 
            0, 
            0, 
            4, 
            4, 
            3, 
            1, 
            2, 
            1
        ]
    }, 
    "7": {
        "silhouette_score": 0.13287504009436682, 
        "labels": [
            1, 
            6, 
            4, 
            5, 
            6, 
            1, 
            0, 
            0, 
            5, 
            5, 
            5, 
            2, 
            2, 
            0, 
            1, 
            3, 
            1
        ]
    }, 
    "8": {
        "silhouette_score": 0.14307276327156959, 
        "labels": [
            1, 
            0, 
            4, 
            1, 
            0, 
            1, 
            3, 
            3, 
            7, 
            5, 
            5, 
            2, 
            2, 
            6, 
            1, 
            0, 
            1
        ]
    }, 
    "9": {
        "silhouette_score": 0.12080189958660682, 
        "labels": [
            3, 
            0, 
            7, 
            1, 
            6, 
            3, 
            5, 
            5, 
            8, 
            1, 
            8, 
            4, 
            4, 
            2, 
            3, 
            0, 
            3
        ]
    }, 
    "10": {
        "silhouette_score": 0.1194716064834636, 
        "labels": [
            2, 
            3, 
            5, 
            8, 
            6, 
            2, 
            0, 
            0, 
            4, 
            8, 
            4, 
            1, 
            1, 
            0, 
            9, 
            7, 
            2
        ]
    }, 
    "11": {
        "silhouette_score": 0.1098843810177763, 
        "labels": [
            7, 
            5, 
            6, 
            3, 
            9, 
            7, 
            1, 
            1, 
            8, 
            3, 
            10, 
            0, 
            0, 
            1, 
            4, 
            2, 
            7
        ]
    }, 
    "12": {
        "silhouette_score": 0.10428386647572087, 
        "labels": [
            3, 
            7, 
            6, 
            5, 
            2, 
            3, 
            0, 
            0, 
            8, 
            5, 
            10, 
            1, 
            1, 
            11, 
            9, 
            4, 
            3
        ]
    }, 
    "13": {
        "silhouette_score": 0.093704834282206231, 
        "labels": [
            1, 
            0, 
            7, 
            6, 
            4, 
            5, 
            3, 
            3, 
            11, 
            6, 
            10, 
            2, 
            2, 
            12, 
            9, 
            8, 
            5
        ]
    }, 
    "14": {
        "silhouette_score": 0.08851186771462205, 
        "labels": [
            2, 
            5, 
            7, 
            8, 
            6, 
            3, 
            1, 
            1, 
            11, 
            12, 
            9, 
            0, 
            0, 
            13, 
            10, 
            4, 
            3
        ]
    }, 
    "15": {
        "silhouette_score": 0.044899020636545148, 
        "labels": [
            12, 
            2, 
            4, 
            11, 
            5, 
            0, 
            7, 
            7, 
            10, 
            3, 
            9, 
            14, 
            1, 
            13, 
            6, 
            8, 
            0
        ]
    }, 
    "16": {
        "silhouette_score": 0.034065914488764552, 
        "labels": [
            13, 
            2, 
            11, 
            10, 
            7, 
            15, 
            6, 
            6, 
            5, 
            4, 
            12, 
            0, 
            14, 
            3, 
            8, 
            9, 
            1
        ]
    }
}