{
    "2": {
        "silhouette_score": 0.19420354172838203, 
        "labels": [
            1, 
            1, 
            0, 
            0, 
            0, 
            1, 
            1, 
            0, 
            0
        ]
    }, 
    "3": {
        "silhouette_score": 0.22460533742298625, 
        "labels": [
            0, 
            0, 
            0, 
            2, 
            2, 
            1, 
            0, 
            2, 
            0
        ]
    }, 
    "4": {
        "silhouette_score": 0.16943417422929175, 
        "labels": [
            2, 
            2, 
            2, 
            0, 
            3, 
            1, 
            2, 
            0, 
            3
        ]
    }, 
    "5": {
        "silhouette_score": 0.1901411750444289, 
        "labels": [
            0, 
            0, 
            3, 
            4, 
            1, 
            2, 
            0, 
            4, 
            0
        ]
    }, 
    "6": {
        "silhouette_score": 0.13471630799004439, 
        "labels": [
            0, 
            0, 
            5, 
            2, 
            5, 
            1, 
            4, 
            2, 
            3
        ]
    }, 
    "7": {
        "silhouette_score": 0.11300165452555946, 
        "labels": [
            0, 
            0, 
            2, 
            1, 
            5, 
            3, 
            6, 
            1, 
            4
        ]
    }, 
    "8": {
        "silhouette_score": 0.034353710156313354, 
        "labels": [
            3, 
            3, 
            4, 
            6, 
            5, 
            0, 
            7, 
            2, 
            1
        ]
    }
}