{
    "2": {
        "silhouette_score": 0.1976191102536487, 
        "labels": [
            1, 
            0, 
            1, 
            1, 
            0, 
            0, 
            0, 
            1, 
            1, 
            1, 
            1, 
            1, 
            1, 
            1, 
            0, 
            1, 
            1
        ]
    }, 
    "3": {
        "silhouette_score": 0.18504524553911442, 
        "labels": [
            0, 
            1, 
            0, 
            0, 
            1, 
            1, 
            1, 
            0, 
            2, 
            0, 
            0, 
            0, 
            0, 
            0, 
            1, 
            0, 
            0
        ]
    }, 
    "4": {
        "silhouette_score": 0.04069891723898051, 
        "labels": [
            2, 
            3, 
            2, 
            2, 
            3, 
            2, 
            0, 
            2, 
            1, 
            2, 
            2, 
            2, 
            3, 
            2, 
            0, 
            3, 
            2
        ]
    }, 
    "5": {
        "silhouette_score": 0.058224512690375166, 
        "labels": [
            0, 
            2, 
            4, 
            1, 
            2, 
            0, 
            2, 
            1, 
            1, 
            4, 
            1, 
            4, 
            2, 
            4, 
            3, 
            2, 
            4
        ]
    }, 
    "6": {
        "silhouette_score": 0.033786507414905922, 
        "labels": [
            3, 
            5, 
            2, 
            0, 
            5, 
            5, 
            1, 
            2, 
            3, 
            3, 
            3, 
            3, 
            5, 
            3, 
            4, 
            5, 
            3
        ]
    }, 
    "7": {
        "silhouette_score": 0.04451388561046183, 
        "labels": [
            4, 
            1, 
            2, 
            1, 
            0, 
            4, 
            0, 
            1, 
            3, 
            6, 
            1, 
            6, 
            1, 
            1, 
            5, 
            1, 
            6
        ]
    }, 
    "8": {
        "silhouette_score": 0.069061036769222803, 
        "labels": [
            1, 
            5, 
            6, 
            1, 
            5, 
            4, 
            7, 
            0, 
            3, 
            1, 
            0, 
            1, 
            1, 
            1, 
            2, 
            1, 
            1
        ]
    }, 
    "9": {
        "silhouette_score": 0.048678712460386402, 
        "labels": [
            0, 
            3, 
            7, 
            5, 
            3, 
            0, 
            8, 
            6, 
            4, 
            6, 
            1, 
            6, 
            6, 
            1, 
            2, 
            1, 
            6
        ]
    }, 
    "10": {
        "silhouette_score": 0.065704856438491735, 
        "labels": [
            2, 
            3, 
            7, 
            6, 
            3, 
            9, 
            8, 
            1, 
            4, 
            5, 
            1, 
            5, 
            5, 
            5, 
            0, 
            5, 
            5
        ]
    }, 
    "11": {
        "silhouette_score": 0.044839063701091988, 
        "labels": [
            1, 
            4, 
            6, 
            0, 
            4, 
            2, 
            7, 
            9, 
            3, 
            8, 
            10, 
            1, 
            7, 
            1, 
            5, 
            7, 
            1
        ]
    }, 
    "12": {
        "silhouette_score": 0.0089278757490578054, 
        "labels": [
            9, 
            2, 
            5, 
            10, 
            6, 
            0, 
            8, 
            2, 
            3, 
            11, 
            1, 
            7, 
            2, 
            2, 
            4, 
            2, 
            7
        ]
    }, 
    "13": {
        "silhouette_score": 0.03195822831478249, 
        "labels": [
            9, 
            2, 
            6, 
            1, 
            7, 
            0, 
            10, 
            12, 
            3, 
            11, 
            8, 
            4, 
            2, 
            2, 
            5, 
            2, 
            4
        ]
    }, 
    "14": {
        "silhouette_score": 0.0039188427605575627, 
        "labels": [
            5, 
            12, 
            3, 
            10, 
            8, 
            7, 
            0, 
            11, 
            4, 
            6, 
            9, 
            6, 
            1, 
            13, 
            2, 
            1, 
            13
        ]
    }, 
    "15": {
        "silhouette_score": 0.012073250125908992, 
        "labels": [
            8, 
            12, 
            4, 
            6, 
            0, 
            11, 
            3, 
            9, 
            5, 
            1, 
            10, 
            13, 
            14, 
            2, 
            7, 
            14, 
            13
        ]
    }, 
    "16": {
        "silhouette_score": 0.0087996001664568772, 
        "labels": [
            11, 
            13, 
            8, 
            5, 
            7, 
            6, 
            2, 
            9, 
            4, 
            12, 
            10, 
            0, 
            3, 
            14, 
            1, 
            15, 
            0
        ]
    }
}