{
    "2": {
        "silhouette_score": 0.16300687304575698, 
        "labels": [
            0, 
            1, 
            1, 
            0, 
            1, 
            1, 
            0, 
            0
        ]
    }, 
    "3": {
        "silhouette_score": 0.13575020720022912, 
        "labels": [
            1, 
            0, 
            0, 
            2, 
            0, 
            0, 
            2, 
            2
        ]
    }, 
    "4": {
        "silhouette_score": 0.14133623424897454, 
        "labels": [
            1, 
            3, 
            0, 
            2, 
            3, 
            3, 
            2, 
            2
        ]
    }, 
    "5": {
        "silhouette_score": 0.11002850374358823, 
        "labels": [
            3, 
            1, 
            0, 
            2, 
            1, 
            1, 
            2, 
            4
        ]
    }, 
    "6": {
        "silhouette_score": 0.0056554591084963021, 
        "labels": [
            1, 
            2, 
            0, 
            1, 
            5, 
            4, 
            1, 
            3
        ]
    }, 
    "7": {
        "silhouette_score": 0.051082767152847194, 
        "labels": [
            3, 
            6, 
            2, 
            1, 
            0, 
            4, 
            1, 
            5
        ]
    }
}