{
    "2": {
        "silhouette_score": 0.33044014889457218, 
        "labels": [
            0, 
            1, 
            0, 
            0, 
            1, 
            1, 
            0, 
            0
        ]
    }, 
    "3": {
        "silhouette_score": 0.39632658097925111, 
        "labels": [
            0, 
            1, 
            2, 
            0, 
            1, 
            1, 
            0, 
            0
        ]
    }, 
    "4": {
        "silhouette_score": 0.33367830423157613, 
        "labels": [
            1, 
            0, 
            2, 
            3, 
            0, 
            0, 
            1, 
            1
        ]
    }, 
    "5": {
        "silhouette_score": 0.32692027957343772, 
        "labels": [
            0, 
            4, 
            3, 
            2, 
            1, 
            4, 
            0, 
            0
        ]
    }, 
    "6": {
        "silhouette_score": 0.25945420795618801, 
        "labels": [
            0, 
            3, 
            2, 
            4, 
            1, 
            3, 
            0, 
            5
        ]
    }, 
    "7": {
        "silhouette_score": 0.1878465744953568, 
        "labels": [
            2, 
            4, 
            3, 
            0, 
            1, 
            4, 
            6, 
            5
        ]
    }
}