{
    "2": {
        "silhouette_score": 0.29007098478826387, 
        "labels": [
            0, 
            0, 
            0, 
            1, 
            0, 
            0, 
            1, 
            1
        ]
    }, 
    "3": {
        "silhouette_score": 0.090025202839777413, 
        "labels": [
            1, 
            2, 
            0, 
            1, 
            1, 
            2, 
            1, 
            1
        ]
    }, 
    "4": {
        "silhouette_score": 0.1547737946048458, 
        "labels": [
            3, 
            0, 
            2, 
            1, 
            3, 
            0, 
            1, 
            1
        ]
    }, 
    "5": {
        "silhouette_score": 0.0547848749385264, 
        "labels": [
            4, 
            0, 
            3, 
            1, 
            0, 
            0, 
            2, 
            1
        ]
    }, 
    "6": {
        "silhouette_score": 0.087289217719979079, 
        "labels": [
            5, 
            2, 
            0, 
            1, 
            2, 
            4, 
            3, 
            1
        ]
    }, 
    "7": {
        "silhouette_score": 0.069484492215997298, 
        "labels": [
            2, 
            1, 
            5, 
            3, 
            6, 
            4, 
            0, 
            3
        ]
    }
}