{
    "2": {
        "silhouette_score": 0.24279815517927333, 
        "labels": [
            1, 
            0, 
            0, 
            1, 
            1, 
            1, 
            0, 
            0, 
            1, 
            0, 
            0, 
            0, 
            0, 
            0, 
            1, 
            0, 
            0, 
            0, 
            0, 
            0, 
            1, 
            1
        ]
    }, 
    "3": {
        "silhouette_score": 0.17357348752847176, 
        "labels": [
            1, 
            0, 
            2, 
            1, 
            1, 
            1, 
            2, 
            0, 
            1, 
            0, 
            0, 
            1, 
            2, 
            2, 
            1, 
            2, 
            2, 
            2, 
            2, 
            2, 
            1, 
            1
        ]
    }, 
    "4": {
        "silhouette_score": 0.17111295620003097, 
        "labels": [
            3, 
            1, 
            0, 
            0, 
            2, 
            2, 
            2, 
            2, 
            2, 
            1, 
            1, 
            2, 
            2, 
            2, 
            2, 
            0, 
            2, 
            2, 
            2, 
            2, 
            2, 
            2
        ]
    }, 
    "5": {
        "silhouette_score": 0.18845573477262792, 
        "labels": [
            2, 
            3, 
            4, 
            0, 
            0, 
            0, 
            1, 
            1, 
            0, 
            3, 
            4, 
            1, 
            1, 
            1, 
            1, 
            1, 
            1, 
            1, 
            1, 
            1, 
            0, 
            0
        ]
    }, 
    "6": {
        "silhouette_score": 0.11281550327822208, 
        "labels": [
            4, 
            5, 
            0, 
            1, 
            1, 
            2, 
            0, 
            0, 
            1, 
            5, 
            3, 
            2, 
            0, 
            0, 
            1, 
            0, 
            0, 
            2, 
            0, 
            0, 
            1, 
            1
        ]
    }, 
    "7": {
        "silhouette_score": 0.16589961490995445, 
        "labels": [
            4, 
            5, 
            1, 
            3, 
            3, 
            3, 
            1, 
            1, 
            3, 
            5, 
            2, 
            1, 
            0, 
            1, 
            6, 
            1, 
            1, 
            1, 
            1, 
            1, 
            3, 
            3
        ]
    }, 
    "8": {
        "silhouette_score": 0.12582839393900508, 
        "labels": [
            2, 
            7, 
            4, 
            1, 
            1, 
            1, 
            3, 
            0, 
            1, 
            7, 
            5, 
            6, 
            3, 
            3, 
            6, 
            3, 
            3, 
            6, 
            0, 
            3, 
            1, 
            1
        ]
    }, 
    "9": {
        "silhouette_score": 0.10439560066806343, 
        "labels": [
            2, 
            4, 
            7, 
            3, 
            3, 
            3, 
            0, 
            0, 
            3, 
            4, 
            1, 
            0, 
            6, 
            0, 
            8, 
            0, 
            0, 
            0, 
            0, 
            5, 
            3, 
            3
        ]
    }, 
    "10": {
        "silhouette_score": 0.064771371057599128, 
        "labels": [
            3, 
            0, 
            9, 
            7, 
            7, 
            7, 
            5, 
            2, 
            7, 
            0, 
            6, 
            5, 
            4, 
            5, 
            5, 
            8, 
            2, 
            5, 
            2, 
            2, 
            1, 
            7
        ]
    }, 
    "11": {
        "silhouette_score": 0.11626229260269066, 
        "labels": [
            3, 
            4, 
            5, 
            6, 
            6, 
            6, 
            0, 
            9, 
            6, 
            4, 
            2, 
            0, 
            8, 
            0, 
            10, 
            5, 
            0, 
            7, 
            9, 
            0, 
            6, 
            1
        ]
    }, 
    "12": {
        "silhouette_score": 0.097410521737996678, 
        "labels": [
            4, 
            3, 
            8, 
            10, 
            0, 
            0, 
            5, 
            11, 
            0, 
            3, 
            7, 
            9, 
            6, 
            5, 
            9, 
            1, 
            5, 
            9, 
            5, 
            2, 
            0, 
            0
        ]
    }, 
    "13": {
        "silhouette_score": 0.051911124957450094, 
        "labels": [
            2, 
            0, 
            9, 
            5, 
            5, 
            5, 
            1, 
            7, 
            5, 
            12, 
            6, 
            1, 
            8, 
            1, 
            11, 
            4, 
            1, 
            1, 
            7, 
            10, 
            3, 
            5
        ]
    }, 
    "14": {
        "silhouette_score": 0.074168903903892844, 
        "labels": [
            0, 
            1, 
            8, 
            11, 
            2, 
            2, 
            3, 
            12, 
            2, 
            10, 
            4, 
            3, 
            7, 
            3, 
            6, 
            9, 
            3, 
            13, 
            3, 
            5, 
            2, 
            2
        ]
    }, 
    "15": {
        "silhouette_score": 0.10454573843593264, 
        "labels": [
            3, 
            0, 
            10, 
            12, 
            11, 
            11, 
            8, 
            2, 
            11, 
            0, 
            6, 
            8, 
            9, 
            8, 
            7, 
            4, 
            8, 
            13, 
            2, 
            5, 
            1, 
            14
        ]
    }, 
    "16": {
        "silhouette_score": 0.02384674627827009, 
        "labels": [
            3, 
            2, 
            0, 
            11, 
            10, 
            10, 
            7, 
            12, 
            10, 
            9, 
            6, 
            5, 
            8, 
            7, 
            1, 
            15, 
            7, 
            13, 
            7, 
            14, 
            4, 
            10
        ]
    }, 
    "17": {
        "silhouette_score": 0.068914825674157937, 
        "labels": [
            3, 
            5, 
            8, 
            15, 
            2, 
            2, 
            4, 
            1, 
            2, 
            11, 
            6, 
            9, 
            7, 
            4, 
            10, 
            0, 
            4, 
            13, 
            16, 
            12, 
            2, 
            14
        ]
    }, 
    "18": {
        "silhouette_score": 0.075602641553566219, 
        "labels": [
            0, 
            14, 
            9, 
            12, 
            7, 
            2, 
            5, 
            10, 
            7, 
            3, 
            4, 
            16, 
            8, 
            5, 
            6, 
            11, 
            5, 
            13, 
            10, 
            1, 
            15, 
            17
        ]
    }, 
    "19": {
        "silhouette_score": 0.039580066644605706,