{
    "2": {
        "silhouette_score": 0.1235832941058152, 
        "labels": [
            0, 
            1, 
            0, 
            1, 
            1, 
            0, 
            1, 
            1, 
            1, 
            0, 
            1, 
            0, 
            1, 
            1, 
            0, 
            1, 
            0
        ]
    }, 
    "3": {
        "silhouette_score": 0.12658393278879554, 
        "labels": [
            0, 
            1, 
            0, 
            2, 
            1, 
            2, 
            0, 
            0, 
            2, 
            2, 
            2, 
            2, 
            2, 
            2, 
            2, 
            1, 
            0
        ]
    }, 
    "4": {
        "silhouette_score": 0.12947166583288575, 
        "labels": [
            3, 
            2, 
            1, 
            3, 
            2, 
            0, 
            1, 
            1, 
            3, 
            0, 
            1, 
            0, 
            3, 
            3, 
            0, 
            3, 
            3
        ]
    }, 
    "5": {
        "silhouette_score": 0.14629824725364771, 
        "labels": [
            2, 
            1, 
            2, 
            1, 
            1, 
            0, 
            2, 
            2, 
            4, 
            0, 
            2, 
            0, 
            1, 
            1, 
            3, 
            1, 
            2
        ]
    }, 
    "6": {
        "silhouette_score": 0.12093217050394414, 
        "labels": [
            1, 
            2, 
            1, 
            0, 
            2, 
            3, 
            5, 
            5, 
            4, 
            3, 
            5, 
            0, 
            0, 
            0, 
            3, 
            2, 
            5
        ]
    }, 
    "7": {
        "silhouette_score": 0.095679801337413231, 
        "labels": [
            6, 
            0, 
            5, 
            5, 
            0, 
            4, 
            1, 
            1, 
            3, 
            2, 
            1, 
            5, 
            5, 
            5, 
            4, 
            0, 
            5
        ]
    }, 
    "8": {
        "silhouette_score": 0.082282365591655596, 
        "labels": [
            0, 
            7, 
            3, 
            1, 
            7, 
            6, 
            3, 
            3, 
            4, 
            2, 
            3, 
            5, 
            1, 
            1, 
            6, 
            1, 
            1
        ]
    }, 
    "9": {
        "silhouette_score": 0.091479744185074943, 
        "labels": [
            6, 
            3, 
            4, 
            8, 
            3, 
            1, 
            7, 
            7, 
            2, 
            1, 
            7, 
            4, 
            0, 
            0, 
            5, 
            0, 
            4
        ]
    }, 
    "10": {
        "silhouette_score": 0.049267293860550711, 
        "labels": [
            8, 
            2, 
            1, 
            5, 
            2, 
            9, 
            1, 
            1, 
            3, 
            6, 
            1, 
            0, 
            5, 
            5, 
            4, 
            7, 
            5
        ]
    }, 
    "11": {
        "silhouette_score": 0.013404676733466889, 
        "labels": [
            6, 
            5, 
            3, 
            2, 
            9, 
            8, 
            3, 
            3, 
            4, 
            0, 
            3, 
            10, 
            2, 
            1, 
            7, 
            2, 
            2
        ]
    }, 
    "12": {
        "silhouette_score": 0.053685778077156077, 
        "labels": [
            10, 
            11, 
            7, 
            1, 
            8, 
            5, 
            9, 
            9, 
            6, 
            3, 
            2, 
            7, 
            4, 
            4, 
            0, 
            4, 
            7
        ]
    }, 
    "13": {
        "silhouette_score": 0.040293284132152191, 
        "labels": [
            11, 
            3, 
            7, 
            1, 
            9, 
            8, 
            6, 
            6, 
            5, 
            0, 
            4, 
            10, 
            1, 
            12, 
            2, 
            1, 
            1
        ]
    }, 
    "14": {
        "silhouette_score": 0.036868783930829631, 
        "labels": [
            8, 
            11, 
            12, 
            0, 
            6, 
            2, 
            1, 
            1, 
            3, 
            7, 
            1, 
            10, 
            9, 
            13, 
            5, 
            4, 
            9
        ]
    }, 
    "15": {
        "silhouette_score": 0.061106733118249885, 
        "labels": [
            5, 
            12, 
            10, 
            1, 
            7, 
            2, 
            0, 
            0, 
            3, 
            9, 
            6, 
            11, 
            4, 
            14, 
            8, 
            13, 
            4
        ]
    }, 
    "16": {
        "silhouette_score": 0.026338415651130428, 
        "labels": [
            8, 
            7, 
            15, 
            14, 
            9, 
            6, 
            5, 
            5, 
            4, 
            2, 
            11, 
            13, 
            1, 
            12, 
            0, 
            10, 
            3
        ]
    }
}