{
    "2": {
        "silhouette_score": 0.29095685288506684, 
        "labels": [
            1, 
            0, 
            0, 
            1, 
            1, 
            1, 
            1, 
            0, 
            1, 
            0, 
            0, 
            1, 
            1, 
            1, 
            1, 
            0, 
            1, 
            1, 
            0, 
            1, 
            1, 
            1
        ]
    }, 
    "3": {
        "silhouette_score": 0.26401723201002825, 
        "labels": [
            2, 
            1, 
            1, 
            2, 
            2, 
            2, 
            0, 
            0, 
            2, 
            1, 
            1, 
            0, 
            0, 
            0, 
            0, 
            1, 
            0, 
            0, 
            0, 
            0, 
            2, 
            2
        ]
    }, 
    "4": {
        "silhouette_score": 0.23979721124734912, 
        "labels": [
            1, 
            2, 
            0, 
            1, 
            1, 
            1, 
            2, 
            2, 
            1, 
            0, 
            3, 
            2, 
            1, 
            2, 
            1, 
            0, 
            2, 
            2, 
            2, 
            2, 
            1, 
            1
        ]
    }, 
    "5": {
        "silhouette_score": 0.19216535780803456, 
        "labels": [
            0, 
            1, 
            2, 
            0, 
            0, 
            0, 
            3, 
            1, 
            0, 
            2, 
            4, 
            3, 
            0, 
            3, 
            0, 
            2, 
            3, 
            3, 
            1, 
            3, 
            0, 
            0
        ]
    }, 
    "6": {
        "silhouette_score": 0.24362340818148406, 
        "labels": [
            4, 
            1, 
            3, 
            0, 
            0, 
            0, 
            2, 
            1, 
            0, 
            3, 
            1, 
            2, 
            5, 
            2, 
            2, 
            3, 
            2, 
            2, 
            1, 
            2, 
            0, 
            0
        ]
    }, 
    "7": {
        "silhouette_score": 0.19999807541915801, 
        "labels": [
            5, 
            3, 
            4, 
            1, 
            2, 
            2, 
            6, 
            6, 
            2, 
            4, 
            3, 
            6, 
            0, 
            6, 
            2, 
            1, 
            6, 
            1, 
            6, 
            6, 
            2, 
            2
        ]
    }, 
    "8": {
        "silhouette_score": 0.21690383773033658, 
        "labels": [
            0, 
            3, 
            5, 
            0, 
            0, 
            0, 
            1, 
            7, 
            0, 
            5, 
            2, 
            1, 
            4, 
            1, 
            6, 
            5, 
            1, 
            1, 
            7, 
            1, 
            0, 
            0
        ]
    }, 
    "9": {
        "silhouette_score": 0.20960545974054409, 
        "labels": [
            7, 
            3, 
            3, 
            8, 
            5, 
            0, 
            1, 
            1, 
            5, 
            3, 
            2, 
            1, 
            6, 
            1, 
            4, 
            3, 
            1, 
            1, 
            1, 
            1, 
            0, 
            5
        ]
    }, 
    "10": {
        "silhouette_score": 0.20030123283829199, 
        "labels": [
            7, 
            9, 
            2, 
            8, 
            8, 
            1, 
            3, 
            0, 
            8, 
            2, 
            4, 
            3, 
            6, 
            3, 
            5, 
            2, 
            3, 
            3, 
            0, 
            3, 
            1, 
            8
        ]
    }, 
    "11": {
        "silhouette_score": 0.093283259740866861, 
        "labels": [
            6, 
            5, 
            4, 
            8, 
            8, 
            8, 
            7, 
            10, 
            8, 
            4, 
            3, 
            7, 
            0, 
            7, 
            9, 
            4, 
            1, 
            7, 
            10, 
            1, 
            8, 
            2
        ]
    }, 
    "12": {
        "silhouette_score": 0.12950446477053362, 
        "labels": [
            8, 
            6, 
            3, 
            7, 
            0, 
            9, 
            1, 
            1, 
            0, 
            11, 
            2, 
            1, 
            5, 
            1, 
            4, 
            10, 
            1, 
            1, 
            1, 
            1, 
            9, 
            0
        ]
    }, 
    "13": {
        "silhouette_score": 0.095220140800789985, 
        "labels": [
            4, 
            9, 
            11, 
            5, 
            5, 
            5, 
            7, 
            12, 
            5, 
            3, 
            2, 
            7, 
            6, 
            7, 
            8, 
            10, 
            1, 
            7, 
            12, 
            1, 
            0, 
            5
        ]
    }, 
    "14": {
        "silhouette_score": 0.10043589394658699, 
        "labels": [
            6, 
            7, 
            1, 
            9, 
            12, 
            0, 
            4, 
            13, 
            12, 
            11, 
            3, 
            2, 
            5, 
            4, 
            8, 
            10, 
            4, 
            4, 
            13, 
            4, 
            0, 
            12
        ]
    }, 
    "15": {
        "silhouette_score": 0.085663277180222208, 
        "labels": [
            7, 
            10, 
            5, 
            12, 
            1, 
            1, 
            9, 
            0, 
            1, 
            11, 
            3, 
            9, 
            4, 
            9, 
            8, 
            6, 
            2, 
            9, 
            0, 
            2, 
            14, 
            13
        ]
    }, 
    "16": {
        "silhouette_score": 0.094420539054270641, 
        "labels": [
            8, 
            10, 
            15, 
            9, 
            11, 
            0, 
            12, 
            7, 
            11, 
            3, 
            2, 
            4, 
            5, 
            12, 
            6, 
            14, 
            1, 
            12, 
            13, 
            1, 
            0, 
            11
        ]
    }, 
    "17": {
        "silhouette_score": 0.089115161976679777, 
        "labels": [
            6, 
            9, 
            5, 
            11, 
            13, 
            0, 
            10, 
            14, 
            13, 
            15, 
            4, 
            10, 
            3, 
            10, 
            8, 
            12, 
            16, 
            2, 
            1, 
            16, 
            0, 
            7
        ]
    }, 
    "18": {
        "silhouette_score": 0.073023503568492201, 
        "labels": [
            7, 
            4, 
            6, 
            10, 
            3, 
            17, 
            1, 
            9, 
            3, 
            12, 
            2, 
            1, 
            8, 
            1, 
            0, 
            11, 
            13, 
            16, 
            14, 
            13, 
            5, 
            15
        ]
    }, 
    "19": {
        "silhouette_score": 0.040728875289192785,