{
    "2": {
        "silhouette_score": 0.20279141531455602, 
        "labels": [
            0, 
            1, 
            0, 
            0, 
            0, 
            1, 
            0, 
            0
        ]
    }, 
    "3": {
        "silhouette_score": 0.17819648575093805, 
        "labels": [
            2, 
            1, 
            0, 
            2, 
            2, 
            1, 
            2, 
            2
        ]
    }, 
    "4": {
        "silhouette_score": 0.18479264643930904, 
        "labels": [
            0, 
            1, 
            2, 
            0, 
            3, 
            1, 
            0, 
            0
        ]
    }, 
    "5": {
        "silhouette_score": 0.17846724951873988, 
        "labels": [
            1, 
            2, 
            0, 
            4, 
            3, 
            2, 
            1, 
            4
        ]
    }, 
    "6": {
        "silhouette_score": 0.1047088973756969, 
        "labels": [
            2, 
            5, 
            3, 
            4, 
            1, 
            0, 
            2, 
            4
        ]
    }, 
    "7": {
        "silhouette_score": 0.046292618188012009, 
        "labels": [
            2, 
            5, 
            3, 
            4, 
            0, 
            1, 
            2, 
            6
        ]
    }
}