{
    "2": {
        "silhouette_score": 0.27132311839610057, 
        "labels": [
            0, 
            1, 
            1, 
            1, 
            0, 
            0, 
            1, 
            1, 
            1, 
            1, 
            1, 
            1, 
            1, 
            0, 
            1, 
            0, 
            0, 
            0, 
            1, 
            1, 
            1, 
            1
        ]
    }, 
    "3": {
        "silhouette_score": 0.27390904502250796, 
        "labels": [
            2, 
            0, 
            0, 
            0, 
            0, 
            2, 
            0, 
            0, 
            0, 
            0, 
            0, 
            0, 
            1, 
            2, 
            0, 
            2, 
            2, 
            2, 
            0, 
            0, 
            0, 
            0
        ]
    }, 
    "4": {
        "silhouette_score": 0.19024762744813992, 
        "labels": [
            3, 
            0, 
            0, 
            0, 
            0, 
            1, 
            0, 
            2, 
            0, 
            0, 
            2, 
            0, 
            2, 
            1, 
            0, 
            1, 
            1, 
            1, 
            0, 
            0, 
            2, 
            0
        ]
    }, 
    "5": {
        "silhouette_score": 0.15937987086142555, 
        "labels": [
            4, 
            0, 
            0, 
            1, 
            1, 
            1, 
            0, 
            0, 
            0, 
            0, 
            0, 
            0, 
            3, 
            2, 
            1, 
            1, 
            2, 
            2, 
            1, 
            0, 
            0, 
            1
        ]
    }, 
    "6": {
        "silhouette_score": 0.12190778456970174, 
        "labels": [
            4, 
            0, 
            0, 
            1, 
            1, 
            1, 
            5, 
            0, 
            5, 
            0, 
            0, 
            5, 
            2, 
            3, 
            1, 
            1, 
            3, 
            3, 
            5, 
            5, 
            0, 
            5
        ]
    }, 
    "7": {
        "silhouette_score": 0.16428964583972999, 
        "labels": [
            4, 
            6, 
            0, 
            0, 
            0, 
            3, 
            6, 
            5, 
            6, 
            0, 
            5, 
            6, 
            2, 
            1, 
            0, 
            3, 
            1, 
            1, 
            6, 
            6, 
            0, 
            6
        ]
    }, 
    "8": {
        "silhouette_score": 0.1584589054514107, 
        "labels": [
            4, 
            1, 
            3, 
            3, 
            3, 
            6, 
            1, 
            7, 
            1, 
            3, 
            7, 
            1, 
            0, 
            5, 
            3, 
            6, 
            2, 
            2, 
            3, 
            3, 
            7, 
            1
        ]
    }, 
    "9": {
        "silhouette_score": 0.1867636178500777, 
        "labels": [
            3, 
            1, 
            7, 
            4, 
            4, 
            0, 
            1, 
            8, 
            1, 
            7, 
            8, 
            1, 
            2, 
            6, 
            7, 
            0, 
            5, 
            5, 
            4, 
            4, 
            7, 
            4
        ]
    }, 
    "10": {
        "silhouette_score": 0.1772587138156683, 
        "labels": [
            4, 
            0, 
            0, 
            2, 
            2, 
            6, 
            8, 
            7, 
            8, 
            0, 
            7, 
            8, 
            3, 
            5, 
            2, 
            6, 
            1, 
            1, 
            9, 
            9, 
            0, 
            8
        ]
    }, 
    "11": {
        "silhouette_score": 0.17911843286736212, 
        "labels": [
            3, 
            2, 
            0, 
            8, 
            8, 
            5, 
            2, 
            9, 
            10, 
            0, 
            9, 
            10, 
            4, 
            7, 
            0, 
            5, 
            1, 
            1, 
            6, 
            6, 
            0, 
            10
        ]
    }, 
    "12": {
        "silhouette_score": 0.17410635811090058, 
        "labels": [
            3, 
            4, 
            0, 
            7, 
            7, 
            6, 
            4, 
            5, 
            8, 
            0, 
            5, 
            4, 
            2, 
            9, 
            11, 
            6, 
            1, 
            1, 
            10, 
            10, 
            0, 
            8
        ]
    }, 
    "13": {
        "silhouette_score": 0.1549193246185131, 
        "labels": [
            2, 
            6, 
            3, 
            10, 
            10, 
            7, 
            6, 
            9, 
            0, 
            3, 
            9, 
            6, 
            1, 
            5, 
            11, 
            12, 
            4, 
            4, 
            8, 
            8, 
            3, 
            0
        ]
    }, 
    "14": {
        "silhouette_score": 0.14775615780220597, 
        "labels": [
            4, 
            5, 
            1, 
            13, 
            13, 
            8, 
            5, 
            9, 
            7, 
            1, 
            9, 
            5, 
            3, 
            2, 
            10, 
            11, 
            0, 
            0, 
            6, 
            6, 
            12, 
            7
        ]
    }, 
    "15": {
        "silhouette_score": 0.14716252534630078, 
        "labels": [
            5, 
            8, 
            13, 
            9, 
            9, 
            12, 
            8, 
            7, 
            14, 
            13, 
            7, 
            1, 
            0, 
            4, 
            10, 
            6, 
            2, 
            2, 
            11, 
            11, 
            3, 
            1
        ]
    }, 
    "16": {
        "silhouette_score": 0.11581108437530524, 
        "labels": [
            4, 
            7, 
            6, 
            1, 
            1, 
            3, 
            7, 
            2, 
            14, 
            6, 
            2, 
            10, 
            5, 
            8, 
            9, 
            11, 
            13, 
            0, 
            12, 
            12, 
            15, 
            10
        ]
    }, 
    "17": {
        "silhouette_score": 0.090113277559819238, 
        "labels": [
            4, 
            0, 
            6, 
            10, 
            10, 
            8, 
            15, 
            7, 
            9, 
            6, 
            7, 
            15, 
            2, 
            5, 
            13, 
            12, 
            1, 
            16, 
            3, 
            3, 
            14, 
            11
        ]
    }, 
    "18": {
        "silhouette_score": 0.075437732355937662, 
        "labels": [
            3, 
            8, 
            0, 
            5, 
            5, 
            4, 
            13, 
            9, 
            7, 
            0, 
            9, 
            13, 
            2, 
            6, 
            12, 
            10, 
            1, 
            14, 
            17, 
            11, 
            15, 
            16
        ]
    }, 
    "19": {
        "silhouette_score": 0.066726663146578089,