{
    "2": {
        "silhouette_score": 0.48483417699586262, 
        "labels": [
            0, 
            0, 
            0, 
            1, 
            0, 
            0
        ]
    }, 
    "3": {
        "silhouette_score": 0.30052226729522324, 
        "labels": [
            0, 
            2, 
            2, 
            1, 
            2, 
            0
        ]
    }, 
    "4": {
        "silhouette_score": 0.25337933316358391, 
        "labels": [
            2, 
            1, 
            1, 
            0, 
            3, 
            2
        ]
    }, 
    "5": {
        "silhouette_score": 0.13304235744443813, 
        "labels": [
            0, 
            2, 
            4, 
            1, 
            3, 
            0
        ]
    }
}