{
    "2": {
        "silhouette_score": 0.17637613595605489, 
        "labels": [
            0, 
            1, 
            0, 
            1, 
            1, 
            1, 
            0, 
            1
        ]
    }, 
    "3": {
        "silhouette_score": 0.14053484520513437, 
        "labels": [
            1, 
            0, 
            1, 
            0, 
            0, 
            2, 
            1, 
            0
        ]
    }, 
    "4": {
        "silhouette_score": 0.13357368671004521, 
        "labels": [
            3, 
            0, 
            1, 
            0, 
            0, 
            2, 
            3, 
            0
        ]
    }, 
    "5": {
        "silhouette_score": 0.12626485452357286, 
        "labels": [
            1, 
            2, 
            4, 
            3, 
            2, 
            0, 
            1, 
            3
        ]
    }, 
    "6": {
        "silhouette_score": 0.12562500472176169, 
        "labels": [
            1, 
            5, 
            4, 
            0, 
            3, 
            2, 
            1, 
            0
        ]
    }, 
    "7": {
        "silhouette_score": 0.065970053074494522, 
        "labels": [
            6, 
            5, 
            1, 
            3, 
            0, 
            4, 
            2, 
            3
        ]
    }
}