{
    "2": {
        "silhouette_score": 0.2240703359468145, 
        "labels": [
            0, 
            1, 
            1, 
            1, 
            0, 
            1, 
            1, 
            0
        ]
    }, 
    "3": {
        "silhouette_score": 0.20459460238155341, 
        "labels": [
            1, 
            0, 
            2, 
            0, 
            1, 
            0, 
            0, 
            1
        ]
    }, 
    "4": {
        "silhouette_score": 0.13527925701743004, 
        "labels": [
            1, 
            2, 
            0, 
            3, 
            1, 
            2, 
            2, 
            1
        ]
    }, 
    "5": {
        "silhouette_score": 0.015583718465146673, 
        "labels": [
            4, 
            0, 
            2, 
            1, 
            0, 
            0, 
            0, 
            3
        ]
    }, 
    "6": {
        "silhouette_score": 0.050231388505147072, 
        "labels": [
            2, 
            0, 
            3, 
            5, 
            2, 
            0, 
            1, 
            4
        ]
    }, 
    "7": {
        "silhouette_score": 0.033775479376970778, 
        "labels": [
            4, 
            1, 
            3, 
            2, 
            5, 
            1, 
            6, 
            0
        ]
    }
}