{
    "2": {
        "silhouette_score": 0.3540222466397569, 
        "labels": [
            0, 
            0, 
            0, 
            0, 
            0, 
            1, 
            0, 
            0, 
            0
        ]
    }, 
    "3": {
        "silhouette_score": 0.15488329955189595, 
        "labels": [
            1, 
            0, 
            1, 
            1, 
            1, 
            2, 
            1, 
            0, 
            0
        ]
    }, 
    "4": {
        "silhouette_score": 0.18481076774822541, 
        "labels": [
            1, 
            0, 
            1, 
            1, 
            1, 
            2, 
            3, 
            0, 
            3
        ]
    }, 
    "5": {
        "silhouette_score": 0.16371087506005527, 
        "labels": [
            1, 
            0, 
            1, 
            3, 
            1, 
            2, 
            4, 
            0, 
            4
        ]
    }, 
    "6": {
        "silhouette_score": 0.14152554730653957, 
        "labels": [
            1, 
            2, 
            1, 
            4, 
            1, 
            0, 
            3, 
            2, 
            5
        ]
    }, 
    "7": {
        "silhouette_score": 0.1214289808608834, 
        "labels": [
            1, 
            0, 
            1, 
            5, 
            1, 
            2, 
            3, 
            4, 
            6
        ]
    }, 
    "8": {
        "silhouette_score": 0.012518895084320192, 
        "labels": [
            5, 
            6, 
            5, 
            0, 
            1, 
            2, 
            3, 
            7, 
            4
        ]
    }
}