{
    "2": {
        "silhouette_score": 0.14814548992064297, 
        "labels": [
            0, 
            1, 
            0, 
            0, 
            0, 
            1, 
            0, 
            0
        ]
    }, 
    "3": {
        "silhouette_score": 0.14008283708604322, 
        "labels": [
            1, 
            2, 
            0, 
            1, 
            0, 
            2, 
            1, 
            1
        ]
    }, 
    "4": {
        "silhouette_score": 0.1322748313848755, 
        "labels": [
            2, 
            1, 
            0, 
            2, 
            3, 
            1, 
            2, 
            2
        ]
    }, 
    "5": {
        "silhouette_score": 0.14353371167117657, 
        "labels": [
            4, 
            3, 
            1, 
            2, 
            0, 
            3, 
            4, 
            2
        ]
    }, 
    "6": {
        "silhouette_score": 0.1127822578805216, 
        "labels": [
            0, 
            5, 
            4, 
            2, 
            3, 
            1, 
            0, 
            2
        ]
    }, 
    "7": {
        "silhouette_score": 0.061976314016377765, 
        "labels": [
            6, 
            1, 
            3, 
            2, 
            5, 
            4, 
            0, 
            2
        ]
    }
}