{
    "2": {
        "silhouette_score": 0.28087995205596744, 
        "labels": [
            0, 
            1, 
            0, 
            0, 
            1, 
            1, 
            1, 
            0, 
            0, 
            0, 
            0, 
            0, 
            0, 
            0, 
            1, 
            0, 
            0
        ]
    }, 
    "3": {
        "silhouette_score": 0.19402855852522269, 
        "labels": [
            1, 
            0, 
            1, 
            1, 
            0, 
            0, 
            0, 
            1, 
            1, 
            1, 
            1, 
            1, 
            1, 
            1, 
            2, 
            1, 
            1
        ]
    }, 
    "4": {
        "silhouette_score": 0.24467081258486451, 
        "labels": [
            1, 
            1, 
            2, 
            0, 
            1, 
            1, 
            1, 
            0, 
            2, 
            0, 
            0, 
            0, 
            1, 
            0, 
            3, 
            0, 
            0
        ]
    }, 
    "5": {
        "silhouette_score": 0.20129848639502684, 
        "labels": [
            0, 
            3, 
            1, 
            4, 
            3, 
            3, 
            3, 
            4, 
            1, 
            4, 
            0, 
            0, 
            3, 
            0, 
            2, 
            0, 
            0
        ]
    }, 
    "6": {
        "silhouette_score": 0.23279356134284623, 
        "labels": [
            1, 
            1, 
            4, 
            0, 
            2, 
            2, 
            2, 
            1, 
            3, 
            1, 
            1, 
            1, 
            1, 
            1, 
            5, 
            1, 
            1
        ]
    }, 
    "7": {
        "silhouette_score": 0.090266609665087247, 
        "labels": [
            4, 
            0, 
            3, 
            6, 
            5, 
            5, 
            5, 
            0, 
            2, 
            0, 
            0, 
            0, 
            0, 
            4, 
            1, 
            0, 
            0
        ]
    }, 
    "8": {
        "silhouette_score": 0.19355837985822805, 
        "labels": [
            4, 
            4, 
            2, 
            6, 
            0, 
            0, 
            0, 
            1, 
            5, 
            1, 
            7, 
            4, 
            4, 
            4, 
            3, 
            4, 
            4
        ]
    }, 
    "9": {
        "silhouette_score": 0.054402900180889696, 
        "labels": [
            7, 
            0, 
            4, 
            5, 
            3, 
            1, 
            3, 
            8, 
            2, 
            0, 
            0, 
            7, 
            0, 
            7, 
            6, 
            0, 
            0
        ]
    }, 
    "10": {
        "silhouette_score": 0.14058469691652253, 
        "labels": [
            4, 
            9, 
            1, 
            6, 
            7, 
            3, 
            7, 
            0, 
            5, 
            0, 
            8, 
            4, 
            9, 
            4, 
            2, 
            4, 
            4
        ]
    }, 
    "11": {
        "silhouette_score": 0.10031669989268589, 
        "labels": [
            8, 
            10, 
            2, 
            5, 
            1, 
            7, 
            1, 
            9, 
            3, 
            0, 
            6, 
            0, 
            10, 
            8, 
            4, 
            0, 
            0
        ]
    }, 
    "12": {
        "silhouette_score": 0.10297082932147265, 
        "labels": [
            3, 
            11, 
            2, 
            7, 
            1, 
            9, 
            1, 
            10, 
            4, 
            0, 
            8, 
            6, 
            11, 
            3, 
            5, 
            6, 
            6
        ]
    }, 
    "13": {
        "silhouette_score": 0.077266275309211541, 
        "labels": [
            6, 
            10, 
            4, 
            5, 
            7, 
            1, 
            11, 
            9, 
            3, 
            0, 
            8, 
            6, 
            10, 
            6, 
            2, 
            0, 
            12
        ]
    }, 
    "14": {
        "silhouette_score": 0.089829595137179294, 
        "labels": [
            7, 
            10, 
            3, 
            4, 
            2, 
            8, 
            11, 
            12, 
            6, 
            13, 
            9, 
            0, 
            10, 
            0, 
            1, 
            5, 
            5
        ]
    }, 
    "15": {
        "silhouette_score": 0.059048328115057246, 
        "labels": [
            12, 
            8, 
            2, 
            6, 
            1, 
            11, 
            13, 
            10, 
            5, 
            0, 
            9, 
            7, 
            8, 
            7, 
            4, 
            14, 
            3
        ]
    }, 
    "16": {
        "silhouette_score": 0.033295212935314178, 
        "labels": [
            13, 
            1, 
            2, 
            6, 
            7, 
            10, 
            12, 
            0, 
            4, 
            9, 
            8, 
            15, 
            1, 
            5, 
            3, 
            11, 
            14
        ]
    }
}