{
    "2": {
        "silhouette_score": 0.73453755807772769, 
        "labels": [
            0, 
            0, 
            1, 
            1, 
            0, 
            0
        ]
    }, 
    "3": {
        "silhouette_score": 0.51040925121854952, 
        "labels": [
            0, 
            0, 
            2, 
            1, 
            0, 
            0
        ]
    }, 
    "4": {
        "silhouette_score": 0.38808081179213433, 
        "labels": [
            0, 
            3, 
            2, 
            1, 
            3, 
            0
        ]
    }, 
    "5": {
        "silhouette_score": 0.1843799972139657, 
        "labels": [
            0, 
            3, 
            2, 
            1, 
            3, 
            4
        ]
    }
}