{
    "2": {
        "silhouette_score": 0.26900332838786023, 
        "labels": [
            0, 
            1, 
            0, 
            0, 
            1, 
            0, 
            0, 
            0, 
            0, 
            0, 
            0, 
            1, 
            1, 
            0, 
            0, 
            1, 
            0
        ]
    }, 
    "3": {
        "silhouette_score": 0.2754287891678629, 
        "labels": [
            0, 
            1, 
            0, 
            0, 
            1, 
            0, 
            0, 
            0, 
            0, 
            0, 
            0, 
            2, 
            2, 
            0, 
            0, 
            1, 
            0
        ]
    }, 
    "4": {
        "silhouette_score": 0.17454530208654742, 
        "labels": [
            2, 
            1, 
            2, 
            2, 
            1, 
            2, 
            0, 
            0, 
            0, 
            0, 
            0, 
            3, 
            3, 
            0, 
            2, 
            1, 
            2
        ]
    }, 
    "5": {
        "silhouette_score": 0.17823310188429539, 
        "labels": [
            1, 
            0, 
            1, 
            1, 
            0, 
            1, 
            3, 
            3, 
            4, 
            4, 
            4, 
            2, 
            2, 
            3, 
            1, 
            0, 
            1
        ]
    }, 
    "6": {
        "silhouette_score": 0.15413356788989341, 
        "labels": [
            3, 
            2, 
            4, 
            3, 
            2, 
            5, 
            1, 
            1, 
            1, 
            3, 
            3, 
            0, 
            0, 
            1, 
            5, 
            2, 
            5
        ]
    }, 
    "7": {
        "silhouette_score": 0.14924721194611412, 
        "labels": [
            0, 
            1, 
            2, 
            0, 
            1, 
            0, 
            3, 
            3, 
            4, 
            0, 
            4, 
            5, 
            5, 
            3, 
            6, 
            1, 
            0
        ]
    }, 
    "8": {
        "silhouette_score": 0.15269356779996374, 
        "labels": [
            6, 
            4, 
            7, 
            2, 
            4, 
            6, 
            3, 
            3, 
            5, 
            2, 
            5, 
            0, 
            0, 
            3, 
            1, 
            4, 
            6
        ]
    }, 
    "9": {
        "silhouette_score": 0.12509131936784368, 
        "labels": [
            2, 
            5, 
            8, 
            3, 
            1, 
            2, 
            6, 
            6, 
            0, 
            3, 
            0, 
            4, 
            4, 
            6, 
            2, 
            7, 
            2
        ]
    }, 
    "10": {
        "silhouette_score": 0.11558332466755381, 
        "labels": [
            6, 
            8, 
            5, 
            9, 
            1, 
            6, 
            3, 
            3, 
            0, 
            2, 
            2, 
            4, 
            4, 
            3, 
            7, 
            8, 
            6
        ]
    }, 
    "11": {
        "silhouette_score": 0.11088571087867004, 
        "labels": [
            4, 
            3, 
            7, 
            0, 
            6, 
            4, 
            5, 
            5, 
            9, 
            0, 
            9, 
            1, 
            1, 
            2, 
            10, 
            8, 
            4
        ]
    }, 
    "12": {
        "silhouette_score": 0.10291910530497415, 
        "labels": [
            3, 
            2, 
            0, 
            11, 
            10, 
            3, 
            5, 
            5, 
            9, 
            11, 
            6, 
            4, 
            4, 
            1, 
            7, 
            8, 
            3
        ]
    }, 
    "13": {
        "silhouette_score": 0.09328915523979131, 
        "labels": [
            5, 
            2, 
            0, 
            8, 
            9, 
            12, 
            7, 
            7, 
            6, 
            8, 
            10, 
            3, 
            3, 
            1, 
            4, 
            11, 
            12
        ]
    }, 
    "14": {
        "silhouette_score": 0.088323374932506193, 
        "labels": [
            13, 
            1, 
            9, 
            8, 
            11, 
            0, 
            2, 
            2, 
            6, 
            5, 
            4, 
            3, 
            3, 
            12, 
            7, 
            10, 
            0
        ]
    }, 
    "15": {
        "silhouette_score": 0.044775505989033661, 
        "labels": [
            13, 
            8, 
            5, 
            12, 
            6, 
            7, 
            0, 
            0, 
            9, 
            1, 
            10, 
            14, 
            3, 
            11, 
            4, 
            2, 
            7
        ]
    }, 
    "16": {
        "silhouette_score": 0.033930194237636081, 
        "labels": [
            0, 
            1, 
            5, 
            10, 
            12, 
            7, 
            4, 
            4, 
            6, 
            13, 
            3, 
            14, 
            2, 
            11, 
            9, 
            8, 
            15
        ]
    }
}