{
    "2": {
        "silhouette_score": 0.47192345620860177, 
        "labels": [
            1, 
            1, 
            1, 
            1, 
            1, 
            1, 
            1, 
            1, 
            1, 
            0, 
            1, 
            1, 
            1, 
            1, 
            0, 
            1, 
            1
        ]
    }, 
    "3": {
        "silhouette_score": 0.16426857356814445, 
        "labels": [
            2, 
            0, 
            2, 
            0, 
            0, 
            2, 
            2, 
            0, 
            0, 
            1, 
            0, 
            2, 
            0, 
            0, 
            1, 
            0, 
            0
        ]
    }, 
    "4": {
        "silhouette_score": 0.19802055900218998, 
        "labels": [
            3, 
            2, 
            3, 
            2, 
            3, 
            3, 
            3, 
            0, 
            0, 
            1, 
            0, 
            3, 
            2, 
            0, 
            1, 
            2, 
            3
        ]
    }, 
    "5": {
        "silhouette_score": 0.14854413605349989, 
        "labels": [
            4, 
            2, 
            1, 
            2, 
            4, 
            1, 
            1, 
            4, 
            0, 
            3, 
            2, 
            1, 
            2, 
            0, 
            1, 
            2, 
            4
        ]
    }, 
    "6": {
        "silhouette_score": 0.20246542291375089, 
        "labels": [
            3, 
            0, 
            2, 
            0, 
            3, 
            3, 
            3, 
            3, 
            5, 
            4, 
            0, 
            3, 
            0, 
            5, 
            1, 
            0, 
            3
        ]
    }, 
    "7": {
        "silhouette_score": 0.15356100643189505, 
        "labels": [
            4, 
            2, 
            0, 
            1, 
            4, 
            0, 
            0, 
            4, 
            6, 
            5, 
            2, 
            0, 
            2, 
            6, 
            3, 
            2, 
            4
        ]
    }, 
    "8": {
        "silhouette_score": 0.10555107284972577, 
        "labels": [
            7, 
            0, 
            5, 
            4, 
            7, 
            0, 
            0, 
            7, 
            3, 
            6, 
            4, 
            0, 
            4, 
            1, 
            2, 
            4, 
            1
        ]
    }, 
    "9": {
        "silhouette_score": 0.0970579201835573, 
        "labels": [
            0, 
            8, 
            6, 
            2, 
            0, 
            4, 
            4, 
            0, 
            7, 
            5, 
            3, 
            4, 
            2, 
            2, 
            1, 
            8, 
            4
        ]
    }, 
    "10": {
        "silhouette_score": 0.11083105636233095, 
        "labels": [
            0, 
            6, 
            7, 
            2, 
            0, 
            3, 
            3, 
            0, 
            5, 
            1, 
            8, 
            3, 
            9, 
            5, 
            4, 
            9, 
            3
        ]
    }, 
    "11": {
        "silhouette_score": 0.074087177733590859, 
        "labels": [
            7, 
            8, 
            6, 
            10, 
            7, 
            0, 
            5, 
            7, 
            9, 
            4, 
            8, 
            5, 
            3, 
            1, 
            2, 
            8, 
            5
        ]
    }, 
    "12": {
        "silhouette_score": 0.072834540031928879, 
        "labels": [
            6, 
            3, 
            4, 
            7, 
            6, 
            6, 
            8, 
            6, 
            5, 
            0, 
            9, 
            8, 
            11, 
            10, 
            2, 
            3, 
            1
        ]
    }, 
    "13": {
        "silhouette_score": 0.044800644391586694, 
        "labels": [
            6, 
            2, 
            5, 
            9, 
            6, 
            6, 
            8, 
            6, 
            11, 
            0, 
            7, 
            8, 
            10, 
            4, 
            3, 
            12, 
            1
        ]
    }, 
    "14": {
        "silhouette_score": 0.073843005615414459, 
        "labels": [
            8, 
            11, 
            9, 
            4, 
            8, 
            12, 
            3, 
            8, 
            5, 
            0, 
            6, 
            3, 
            10, 
            13, 
            2, 
            7, 
            1
        ]
    }, 
    "15": {
        "silhouette_score": 0.059031802852473406, 
        "labels": [
            6, 
            0, 
            8, 
            9, 
            6, 
            7, 
            2, 
            14, 
            5, 
            3, 
            4, 
            2, 
            11, 
            12, 
            1, 
            13, 
            10
        ]
    }, 
    "16": {
        "silhouette_score": 0.030324036315302477, 
        "labels": [
            9, 
            13, 
            8, 
            3, 
            9, 
            7, 
            15, 
            14, 
            5, 
            2, 
            11, 
            0, 
            12, 
            10, 
            6, 
            4, 
            1
        ]
    }
}