{
    "2": {
        "silhouette_score": 0.26044131394291192, 
        "labels": [
            0, 
            1, 
            0, 
            0, 
            1, 
            1, 
            1, 
            0, 
            0, 
            0, 
            0, 
            0, 
            0, 
            0, 
            1, 
            0, 
            0
        ]
    }, 
    "3": {
        "silhouette_score": 0.21061516894087334, 
        "labels": [
            2, 
            2, 
            2, 
            0, 
            1, 
            1, 
            1, 
            2, 
            2, 
            0, 
            2, 
            2, 
            2, 
            2, 
            1, 
            2, 
            2
        ]
    }, 
    "4": {
        "silhouette_score": 0.22260767031275128, 
        "labels": [
            0, 
            1, 
            3, 
            0, 
            1, 
            1, 
            1, 
            0, 
            3, 
            0, 
            0, 
            0, 
            0, 
            0, 
            2, 
            0, 
            0
        ]
    }, 
    "5": {
        "silhouette_score": 0.23197178434131499, 
        "labels": [
            2, 
            2, 
            1, 
            0, 
            4, 
            4, 
            4, 
            0, 
            1, 
            0, 
            2, 
            2, 
            2, 
            2, 
            3, 
            2, 
            2
        ]
    }, 
    "6": {
        "silhouette_score": 0.18792721380395488, 
        "labels": [
            2, 
            2, 
            1, 
            5, 
            0, 
            0, 
            0, 
            4, 
            3, 
            4, 
            2, 
            2, 
            2, 
            2, 
            0, 
            2, 
            2
        ]
    }, 
    "7": {
        "silhouette_score": 0.1264389567471996, 
        "labels": [
            1, 
            2, 
            0, 
            4, 
            1, 
            1, 
            1, 
            2, 
            3, 
            2, 
            6, 
            2, 
            2, 
            2, 
            5, 
            2, 
            2
        ]
    }, 
    "8": {
        "silhouette_score": 0.099297376612219365, 
        "labels": [
            0, 
            5, 
            3, 
            2, 
            1, 
            1, 
            1, 
            0, 
            7, 
            6, 
            0, 
            0, 
            5, 
            0, 
            4, 
            0, 
            0
        ]
    }, 
    "9": {
        "silhouette_score": 0.12790960661975292, 
        "labels": [
            5, 
            4, 
            6, 
            7, 
            1, 
            1, 
            1, 
            8, 
            0, 
            8, 
            2, 
            5, 
            4, 
            5, 
            3, 
            5, 
            5
        ]
    }, 
    "10": {
        "silhouette_score": 0.12468964985217816, 
        "labels": [
            5, 
            0, 
            1, 
            6, 
            4, 
            4, 
            4, 
            3, 
            7, 
            9, 
            8, 
            5, 
            0, 
            5, 
            2, 
            5, 
            5
        ]
    }, 
    "11": {
        "silhouette_score": 0.091677391005518527, 
        "labels": [
            0, 
            3, 
            5, 
            6, 
            8, 
            8, 
            8, 
            7, 
            4, 
            9, 
            10, 
            1, 
            3, 
            1, 
            2, 
            7, 
            7
        ]
    }, 
    "12": {
        "silhouette_score": 0.068330868351546448, 
        "labels": [
            11, 
            10, 
            2, 
            6, 
            7, 
            1, 
            7, 
            4, 
            5, 
            8, 
            9, 
            11, 
            10, 
            11, 
            3, 
            4, 
            0
        ]
    }, 
    "13": {
        "silhouette_score": 0.072717751664553548, 
        "labels": [
            12, 
            0, 
            1, 
            7, 
            2, 
            9, 
            9, 
            4, 
            8, 
            10, 
            11, 
            3, 
            0, 
            3, 
            5, 
            6, 
            6
        ]
    }, 
    "14": {
        "silhouette_score": 0.071430045811722631, 
        "labels": [
            9, 
            2, 
            1, 
            7, 
            6, 
            12, 
            6, 
            11, 
            5, 
            0, 
            8, 
            10, 
            2, 
            13, 
            3, 
            4, 
            4
        ]
    }, 
    "15": {
        "silhouette_score": 0.05012148094897944, 
        "labels": [
            14, 
            3, 
            2, 
            5, 
            11, 
            7, 
            8, 
            12, 
            4, 
            10, 
            9, 
            13, 
            3, 
            1, 
            0, 
            6, 
            6
        ]
    }, 
    "16": {
        "silhouette_score": 0.024444157012093994, 
        "labels": [
            9, 
            12, 
            2, 
            6, 
            1, 
            7, 
            13, 
            10, 
            3, 
            4, 
            8, 
            11, 
            12, 
            14, 
            5, 
            0, 
            15
        ]
    }
}