{
    "2": {
        "silhouette_score": 0.30766072106210962, 
        "labels": [
            0, 
            0, 
            0, 
            0, 
            0, 
            1, 
            0, 
            0, 
            0
        ]
    }, 
    "3": {
        "silhouette_score": 0.28361193074231422, 
        "labels": [
            1, 
            1, 
            1, 
            1, 
            1, 
            2, 
            1, 
            1, 
            0
        ]
    }, 
    "4": {
        "silhouette_score": 0.11965888031607548, 
        "labels": [
            2, 
            0, 
            2, 
            2, 
            2, 
            1, 
            0, 
            0, 
            3
        ]
    }, 
    "5": {
        "silhouette_score": 0.078595104377336134, 
        "labels": [
            4, 
            1, 
            4, 
            0, 
            4, 
            2, 
            1, 
            1, 
            3
        ]
    }, 
    "6": {
        "silhouette_score": 0.063735736535308521, 
        "labels": [
            1, 
            4, 
            3, 
            1, 
            1, 
            0, 
            5, 
            4, 
            2
        ]
    }, 
    "7": {
        "silhouette_score": 0.075012474793687625, 
        "labels": [
            2, 
            0, 
            4, 
            6, 
            2, 
            3, 
            5, 
            0, 
            1
        ]
    }, 
    "8": {
        "silhouette_score": 0.018902445477973921, 
        "labels": [
            3, 
            7, 
            5, 
            4, 
            0, 
            2, 
            6, 
            0, 
            1
        ]
    }
}