{
    "2": {
        "silhouette_score": 0.26096198777535962, 
        "labels": [
            1, 
            0, 
            1, 
            1, 
            0, 
            0, 
            0, 
            0, 
            0, 
            1, 
            1, 
            1, 
            1, 
            1, 
            1, 
            1, 
            0
        ]
    }, 
    "3": {
        "silhouette_score": 0.33463543478801194, 
        "labels": [
            2, 
            1, 
            2, 
            2, 
            1, 
            2, 
            1, 
            1, 
            1, 
            2, 
            2, 
            0, 
            0, 
            0, 
            2, 
            0, 
            1
        ]
    }, 
    "4": {
        "silhouette_score": 0.32479504099060064, 
        "labels": [
            3, 
            2, 
            3, 
            3, 
            2, 
            1, 
            1, 
            2, 
            1, 
            3, 
            3, 
            0, 
            0, 
            0, 
            3, 
            0, 
            1
        ]
    }, 
    "5": {
        "silhouette_score": 0.26817636949440121, 
        "labels": [
            0, 
            3, 
            4, 
            0, 
            3, 
            1, 
            1, 
            3, 
            1, 
            0, 
            4, 
            2, 
            2, 
            2, 
            4, 
            2, 
            1
        ]
    }, 
    "6": {
        "silhouette_score": 0.25414064290944005, 
        "labels": [
            1, 
            0, 
            1, 
            1, 
            0, 
            3, 
            5, 
            5, 
            3, 
            1, 
            1, 
            2, 
            2, 
            2, 
            4, 
            2, 
            3
        ]
    }, 
    "7": {
        "silhouette_score": 0.24380893491762243, 
        "labels": [
            3, 
            4, 
            2, 
            3, 
            4, 
            0, 
            0, 
            4, 
            0, 
            3, 
            2, 
            1, 
            5, 
            1, 
            6, 
            5, 
            0
        ]
    }, 
    "8": {
        "silhouette_score": 0.23420020927940202, 
        "labels": [
            5, 
            6, 
            2, 
            5, 
            6, 
            0, 
            3, 
            3, 
            0, 
            5, 
            2, 
            1, 
            4, 
            1, 
            7, 
            4, 
            0
        ]
    }, 
    "9": {
        "silhouette_score": 0.22548625384866805, 
        "labels": [
            7, 
            1, 
            0, 
            8, 
            1, 
            3, 
            6, 
            6, 
            3, 
            7, 
            0, 
            2, 
            4, 
            2, 
            5, 
            4, 
            3
        ]
    }, 
    "10": {
        "silhouette_score": 0.18217212107227124, 
        "labels": [
            5, 
            2, 
            4, 
            3, 
            2, 
            1, 
            6, 
            8, 
            6, 
            5, 
            4, 
            9, 
            0, 
            9, 
            7, 
            0, 
            6
        ]
    }, 
    "11": {
        "silhouette_score": 0.1939928807727454, 
        "labels": [
            5, 
            2, 
            7, 
            3, 
            2, 
            1, 
            6, 
            6, 
            9, 
            5, 
            10, 
            0, 
            4, 
            0, 
            8, 
            4, 
            9
        ]
    }, 
    "12": {
        "silhouette_score": 0.16796983776787686, 
        "labels": [
            0, 
            3, 
            7, 
            10, 
            3, 
            8, 
            11, 
            5, 
            1, 
            0, 
            9, 
            6, 
            2, 
            6, 
            4, 
            2, 
            1
        ]
    }, 
    "13": {
        "silhouette_score": 0.13470416279378675, 
        "labels": [
            7, 
            9, 
            0, 
            10, 
            1, 
            8, 
            12, 
            4, 
            2, 
            7, 
            11, 
            5, 
            3, 
            5, 
            6, 
            3, 
            2
        ]
    }, 
    "14": {
        "silhouette_score": 0.10918539920681435, 
        "labels": [
            13, 
            3, 
            7, 
            8, 
            11, 
            10, 
            12, 
            5, 
            0, 
            1, 
            9, 
            2, 
            4, 
            2, 
            6, 
            4, 
            0
        ]
    }, 
    "15": {
        "silhouette_score": 0.070455865756961777, 
        "labels": [
            1, 
            4, 
            8, 
            10, 
            12, 
            0, 
            2, 
            11, 
            7, 
            14, 
            6, 
            13, 
            3, 
            5, 
            9, 
            3, 
            7
        ]
    }, 
    "16": {
        "silhouette_score": 0.049294532763383747, 
        "labels": [
            6, 
            4, 
            9, 
            5, 
            12, 
            8, 
            14, 
            7, 
            15, 
            11, 
            2, 
            0, 
            3, 
            13, 
            10, 
            3, 
            1
        ]
    }
}