{
    "2": {
        "silhouette_score": 0.28103013460885662, 
        "labels": [
            0, 
            0, 
            0, 
            1, 
            0, 
            0
        ]
    }, 
    "3": {
        "silhouette_score": 0.10891127312563754, 
        "labels": [
            2, 
            0, 
            0, 
            1, 
            0, 
            0
        ]
    }, 
    "4": {
        "silhouette_score": 0.089812082012258806, 
        "labels": [
            0, 
            1, 
            3, 
            2, 
            1, 
            1
        ]
    }, 
    "5": {
        "silhouette_score": 0.040248772691542124, 
        "labels": [
            2, 
            4, 
            3, 
            1, 
            0, 
            4
        ]
    }
}