{
    "2": {
        "silhouette_score": 0.20993100087999417, 
        "labels": [
            1, 
            1, 
            0, 
            1, 
            1, 
            1, 
            1, 
            0, 
            0, 
            1, 
            1, 
            1, 
            1, 
            1, 
            1, 
            1, 
            1
        ]
    }, 
    "3": {
        "silhouette_score": 0.066134935345060028, 
        "labels": [
            0, 
            2, 
            0, 
            2, 
            2, 
            0, 
            2, 
            2, 
            1, 
            0, 
            2, 
            0, 
            2, 
            0, 
            0, 
            2, 
            0
        ]
    }, 
    "4": {
        "silhouette_score": 0.18152412025103307, 
        "labels": [
            1, 
            1, 
            0, 
            1, 
            3, 
            1, 
            1, 
            1, 
            2, 
            1, 
            1, 
            1, 
            1, 
            1, 
            3, 
            1, 
            1
        ]
    }, 
    "5": {
        "silhouette_score": 0.13908376961122484, 
        "labels": [
            1, 
            0, 
            4, 
            1, 
            0, 
            2, 
            0, 
            1, 
            3, 
            1, 
            1, 
            1, 
            1, 
            1, 
            2, 
            1, 
            1
        ]
    }, 
    "6": {
        "silhouette_score": 0.051288488843805012, 
        "labels": [
            5, 
            0, 
            3, 
            0, 
            1, 
            1, 
            0, 
            0, 
            2, 
            5, 
            0, 
            5, 
            0, 
            0, 
            4, 
            0, 
            5
        ]
    }, 
    "7": {
        "silhouette_score": 0.081175422175767467, 
        "labels": [
            3, 
            0, 
            1, 
            6, 
            0, 
            5, 
            3, 
            3, 
            4, 
            3, 
            3, 
            3, 
            3, 
            3, 
            2, 
            3, 
            3
        ]
    }, 
    "8": {
        "silhouette_score": -0.018392407842053732, 
        "labels": [
            7, 
            3, 
            4, 
            7, 
            0, 
            3, 
            3, 
            2, 
            6, 
            7, 
            1, 
            7, 
            3, 
            7, 
            5, 
            3, 
            7
        ]
    }, 
    "9": {
        "silhouette_score": 0.024430301851493537, 
        "labels": [
            2, 
            0, 
            5, 
            0, 
            7, 
            6, 
            3, 
            2, 
            1, 
            2, 
            8, 
            2, 
            0, 
            2, 
            4, 
            0, 
            2
        ]
    }, 
    "10": {
        "silhouette_score": 0.036736408435484529, 
        "labels": [
            1, 
            0, 
            7, 
            8, 
            0, 
            4, 
            9, 
            7, 
            3, 
            5, 
            7, 
            5, 
            2, 
            2, 
            6, 
            2, 
            5
        ]
    }, 
    "11": {
        "silhouette_score": 0.021226003571918194, 
        "labels": [
            5, 
            2, 
            8, 
            9, 
            2, 
            7, 
            6, 
            5, 
            4, 
            0, 
            10, 
            5, 
            5, 
            1, 
            3, 
            1, 
            5
        ]
    }, 
    "12": {
        "silhouette_score": 0.0047715449929678667, 
        "labels": [
            0, 
            11, 
            8, 
            6, 
            1, 
            10, 
            7, 
            2, 
            3, 
            9, 
            4, 
            4, 
            4, 
            4, 
            5, 
            4, 
            4
        ]
    }, 
    "13": {
        "silhouette_score": 0.019301197754787815, 
        "labels": [
            12, 
            7, 
            5, 
            6, 
            10, 
            9, 
            8, 
            11, 
            4, 
            3, 
            0, 
            3, 
            1, 
            12, 
            2, 
            1, 
            12
        ]
    }, 
    "14": {
        "silhouette_score": 0.0065963600945622624, 
        "labels": [
            13, 
            8, 
            4, 
            6, 
            11, 
            0, 
            7, 
            12, 
            3, 
            5, 
            10, 
            9, 
            9, 
            1, 
            2, 
            1, 
            9
        ]
    }, 
    "15": {
        "silhouette_score": 0.010630900939607515, 
        "labels": [
            13, 
            14, 
            5, 
            6, 
            1, 
            8, 
            11, 
            0, 
            3, 
            7, 
            9, 
            10, 
            2, 
            10, 
            4, 
            12, 
            10
        ]
    }, 
    "16": {
        "silhouette_score": 0.0087991298471208935, 
        "labels": [
            3, 
            15, 
            7, 
            8, 
            1, 
            10, 
            9, 
            0, 
            2, 
            11, 
            13, 
            6, 
            4, 
            14, 
            5, 
            12, 
            6
        ]
    }
}