{
    "2": {
        "silhouette_score": 0.22195158388504768, 
        "labels": [
            1, 
            0, 
            1, 
            1, 
            0, 
            1, 
            0, 
            0, 
            1, 
            1, 
            1, 
            1, 
            1, 
            1, 
            1, 
            0, 
            1
        ]
    }, 
    "3": {
        "silhouette_score": 0.21743860222240946, 
        "labels": [
            0, 
            1, 
            0, 
            0, 
            1, 
            0, 
            2, 
            2, 
            0, 
            0, 
            2, 
            0, 
            0, 
            0, 
            0, 
            2, 
            0
        ]
    }, 
    "4": {
        "silhouette_score": 0.18713347162016414, 
        "labels": [
            2, 
            3, 
            0, 
            0, 
            3, 
            2, 
            1, 
            1, 
            2, 
            2, 
            1, 
            0, 
            0, 
            0, 
            2, 
            0, 
            0
        ]
    }, 
    "5": {
        "silhouette_score": 0.16899835223195117, 
        "labels": [
            2, 
            3, 
            0, 
            2, 
            3, 
            1, 
            0, 
            0, 
            4, 
            1, 
            2, 
            2, 
            2, 
            2, 
            4, 
            2, 
            2
        ]
    }, 
    "6": {
        "silhouette_score": 0.15466595799201424, 
        "labels": [
            2, 
            3, 
            0, 
            2, 
            3, 
            1, 
            5, 
            5, 
            4, 
            1, 
            2, 
            3, 
            0, 
            2, 
            4, 
            2, 
            0
        ]
    }, 
    "7": {
        "silhouette_score": 0.1418311293533526, 
        "labels": [
            2, 
            6, 
            1, 
            2, 
            0, 
            3, 
            1, 
            1, 
            2, 
            3, 
            4, 
            0, 
            1, 
            2, 
            2, 
            5, 
            1
        ]
    }, 
    "8": {
        "silhouette_score": 0.11327870067638802, 
        "labels": [
            0, 
            7, 
            2, 
            0, 
            4, 
            5, 
            3, 
            3, 
            1, 
            1, 
            3, 
            2, 
            2, 
            0, 
            1, 
            6, 
            2
        ]
    }, 
    "9": {
        "silhouette_score": 0.095703451049058114, 
        "labels": [
            1, 
            3, 
            5, 
            1, 
            6, 
            8, 
            0, 
            2, 
            7, 
            4, 
            2, 
            1, 
            5, 
            1, 
            7, 
            2, 
            5
        ]
    }, 
    "10": {
        "silhouette_score": 0.15680712159536819, 
        "labels": [
            2, 
            5, 
            0, 
            2, 
            4, 
            1, 
            6, 
            6, 
            3, 
            9, 
            8, 
            4, 
            0, 
            2, 
            3, 
            7, 
            0
        ]
    }, 
    "11": {
        "silhouette_score": 0.15350123085628586, 
        "labels": [
            3, 
            7, 
            1, 
            3, 
            5, 
            2, 
            6, 
            6, 
            4, 
            10, 
            0, 
            9, 
            1, 
            3, 
            4, 
            8, 
            1
        ]
    }, 
    "12": {
        "silhouette_score": 0.073808234808536224, 
        "labels": [
            5, 
            4, 
            2, 
            5, 
            11, 
            3, 
            10, 
            6, 
            0, 
            7, 
            8, 
            2, 
            2, 
            5, 
            9, 
            1, 
            2
        ]
    }, 
    "13": {
        "silhouette_score": 0.052673315566161595, 
        "labels": [
            10, 
            3, 
            4, 
            4, 
            2, 
            5, 
            12, 
            1, 
            11, 
            6, 
            7, 
            8, 
            4, 
            10, 
            0, 
            9, 
            4
        ]
    }, 
    "14": {
        "silhouette_score": 0.079070677021655322, 
        "labels": [
            1, 
            7, 
            0, 
            12, 
            4, 
            2, 
            5, 
            5, 
            9, 
            8, 
            6, 
            11, 
            0, 
            13, 
            10, 
            3, 
            0
        ]
    }, 
    "15": {
        "silhouette_score": 0.043210231302507653, 
        "labels": [
            6, 
            4, 
            1, 
            14, 
            5, 
            2, 
            12, 
            3, 
            0, 
            7, 
            8, 
            11, 
            1, 
            13, 
            10, 
            9, 
            1
        ]
    }, 
    "16": {
        "silhouette_score": 0.036550432345784797, 
        "labels": [
            3, 
            5, 
            15, 
            11, 
            6, 
            0, 
            8, 
            12, 
            10, 
            9, 
            1, 
            13, 
            4, 
            14, 
            7, 
            2, 
            4
        ]
    }
}