{
    "2": {
        "silhouette_score": 0.33742270872861935, 
        "labels": [
            0, 
            0, 
            0, 
            1, 
            1, 
            0, 
            0, 
            1, 
            1
        ]
    }, 
    "3": {
        "silhouette_score": 0.21952031755299031, 
        "labels": [
            0, 
            2, 
            0, 
            0, 
            1, 
            0, 
            2, 
            1, 
            1
        ]
    }, 
    "4": {
        "silhouette_score": 0.2384636913712718, 
        "labels": [
            3, 
            1, 
            3, 
            2, 
            2, 
            3, 
            1, 
            2, 
            0
        ]
    }, 
    "5": {
        "silhouette_score": 0.19979038475005723, 
        "labels": [
            2, 
            1, 
            4, 
            0, 
            0, 
            2, 
            1, 
            0, 
            3
        ]
    }, 
    "6": {
        "silhouette_score": 0.15940899563795122, 
        "labels": [
            3, 
            2, 
            3, 
            1, 
            1, 
            0, 
            5, 
            1, 
            4
        ]
    }, 
    "7": {
        "silhouette_score": 0.10059707977117086, 
        "labels": [
            4, 
            3, 
            5, 
            2, 
            6, 
            1, 
            3, 
            6, 
            0
        ]
    }, 
    "8": {
        "silhouette_score": 0.049910143990707923, 
        "labels": [
            4, 
            6, 
            2, 
            7, 
            0, 
            5, 
            1, 
            0, 
            3
        ]
    }
}