{
    "2": {
        "silhouette_score": 0.44269168402699405, 
        "labels": [
            0, 
            0, 
            1, 
            0, 
            0, 
            0, 
            0, 
            0
        ]
    }, 
    "3": {
        "silhouette_score": 0.29679328233515384, 
        "labels": [
            2, 
            0, 
            1, 
            0, 
            0, 
            0, 
            2, 
            2
        ]
    }, 
    "4": {
        "silhouette_score": 0.35846074633557767, 
        "labels": [
            3, 
            1, 
            2, 
            0, 
            1, 
            1, 
            3, 
            3
        ]
    }, 
    "5": {
        "silhouette_score": 0.32622369101246185, 
        "labels": [
            1, 
            4, 
            2, 
            3, 
            0, 
            4, 
            1, 
            1
        ]
    }, 
    "6": {
        "silhouette_score": 0.20819087654215171, 
        "labels": [
            0, 
            1, 
            2, 
            3, 
            5, 
            1, 
            0, 
            4
        ]
    }, 
    "7": {
        "silhouette_score": 0.17387433092429183, 
        "labels": [
            0, 
            1, 
            2, 
            3, 
            5, 
            1, 
            6, 
            4
        ]
    }
}