{
    "2": {
        "silhouette_score": 0.28870950228646725, 
        "labels": [
            1, 
            1, 
            1, 
            0, 
            1, 
            1
        ]
    }, 
    "3": {
        "silhouette_score": 0.10586424437657675, 
        "labels": [
            2, 
            0, 
            0, 
            1, 
            0, 
            0
        ]
    }, 
    "4": {
        "silhouette_score": 0.083378129655953218, 
        "labels": [
            3, 
            2, 
            0, 
            1, 
            2, 
            2
        ]
    }, 
    "5": {
        "silhouette_score": 0.038109490458778587, 
        "labels": [
            4, 
            3, 
            0, 
            2, 
            1, 
            3
        ]
    }
}