{
    "2": {
        "silhouette_score": 0.17635304280560049, 
        "labels": [
            0, 
            1, 
            0, 
            1, 
            1, 
            1, 
            0, 
            1
        ]
    }, 
    "3": {
        "silhouette_score": 0.14054812747405848, 
        "labels": [
            0, 
            2, 
            0, 
            2, 
            2, 
            1, 
            0, 
            2
        ]
    }, 
    "4": {
        "silhouette_score": 0.13356876224092765, 
        "labels": [
            1, 
            2, 
            3, 
            2, 
            2, 
            0, 
            1, 
            2
        ]
    }, 
    "5": {
        "silhouette_score": 0.10075834238181566, 
        "labels": [
            2, 
            3, 
            1, 
            3, 
            0, 
            4, 
            2, 
            3
        ]
    }, 
    "6": {
        "silhouette_score": 0.12563046989647947, 
        "labels": [
            1, 
            0, 
            2, 
            3, 
            4, 
            5, 
            1, 
            3
        ]
    }, 
    "7": {
        "silhouette_score": 0.065984332002857624, 
        "labels": [
            6, 
            5, 
            2, 
            3, 
            4, 
            1, 
            0, 
            3
        ]
    }
}