{
    "2": {
        "silhouette_score": 0.15349056175336825, 
        "labels": [
            0, 
            1, 
            0, 
            1, 
            1, 
            1, 
            1, 
            1, 
            1
        ]
    }, 
    "3": {
        "silhouette_score": 0.050876771399657843, 
        "labels": [
            2, 
            1, 
            2, 
            1, 
            0, 
            1, 
            0, 
            0, 
            0
        ]
    }, 
    "4": {
        "silhouette_score": 0.05187308858103698, 
        "labels": [
            1, 
            2, 
            3, 
            2, 
            0, 
            2, 
            2, 
            0, 
            1
        ]
    }, 
    "5": {
        "silhouette_score": 0.033528892610314692, 
        "labels": [
            4, 
            0, 
            1, 
            2, 
            2, 
            0, 
            0, 
            2, 
            3
        ]
    }, 
    "6": {
        "silhouette_score": 0.035993358996266094, 
        "labels": [
            0, 
            1, 
            2, 
            1, 
            4, 
            5, 
            5, 
            4, 
            3
        ]
    }, 
    "7": {
        "silhouette_score": 0.0210268692141591, 
        "labels": [
            4, 
            6, 
            0, 
            5, 
            1, 
            2, 
            2, 
            1, 
            3
        ]
    }, 
    "8": {
        "silhouette_score": 0.017081902729537447, 
        "labels": [
            4, 
            3, 
            2, 
            0, 
            1, 
            6, 
            5, 
            1, 
            7
        ]
    }
}