{
    "2": {
        "silhouette_score": 0.3509591846255779, 
        "labels": [
            0, 
            0, 
            0, 
            0, 
            0, 
            0, 
            0, 
            0, 
            0, 
            0, 
            0, 
            0, 
            0, 
            0, 
            0, 
            0, 
            1, 
            1, 
            0, 
            0, 
            0, 
            0
        ]
    }, 
    "3": {
        "silhouette_score": 0.12712839529302544, 
        "labels": [
            0, 
            2, 
            0, 
            0, 
            0, 
            2, 
            2, 
            2, 
            2, 
            0, 
            2, 
            2, 
            2, 
            0, 
            0, 
            2, 
            1, 
            1, 
            2, 
            2, 
            0, 
            2
        ]
    }, 
    "4": {
        "silhouette_score": 0.14472870440318916, 
        "labels": [
            0, 
            1, 
            0, 
            0, 
            0, 
            3, 
            1, 
            3, 
            3, 
            0, 
            1, 
            3, 
            3, 
            0, 
            0, 
            3, 
            2, 
            2, 
            1, 
            1, 
            0, 
            3
        ]
    }, 
    "5": {
        "silhouette_score": 0.1353473724616632, 
        "labels": [
            1, 
            2, 
            1, 
            1, 
            2, 
            0, 
            2, 
            3, 
            0, 
            1, 
            3, 
            0, 
            1, 
            1, 
            1, 
            0, 
            4, 
            4, 
            2, 
            2, 
            1, 
            0
        ]
    }, 
    "6": {
        "silhouette_score": 0.15141902739269583, 
        "labels": [
            1, 
            4, 
            1, 
            1, 
            1, 
            3, 
            4, 
            0, 
            3, 
            1, 
            0, 
            3, 
            3, 
            1, 
            1, 
            5, 
            2, 
            2, 
            4, 
            4, 
            1, 
            3
        ]
    }, 
    "7": {
        "silhouette_score": 0.11743662330412247, 
        "labels": [
            1, 
            5, 
            1, 
            3, 
            3, 
            6, 
            0, 
            0, 
            4, 
            1, 
            0, 
            4, 
            4, 
            1, 
            3, 
            5, 
            2, 
            2, 
            5, 
            5, 
            3, 
            4
        ]
    }, 
    "8": {
        "silhouette_score": 0.13079245790489785, 
        "labels": [
            1, 
            2, 
            1, 
            4, 
            4, 
            7, 
            2, 
            5, 
            0, 
            1, 
            5, 
            0, 
            1, 
            1, 
            4, 
            6, 
            3, 
            3, 
            2, 
            2, 
            4, 
            0
        ]
    }, 
    "9": {
        "silhouette_score": 0.13279229803160073, 
        "labels": [
            3, 
            1, 
            3, 
            5, 
            5, 
            8, 
            1, 
            6, 
            4, 
            3, 
            6, 
            4, 
            0, 
            3, 
            5, 
            7, 
            2, 
            2, 
            1, 
            1, 
            5, 
            4
        ]
    }, 
    "10": {
        "silhouette_score": 0.1292699867455559, 
        "labels": [
            0, 
            2, 
            0, 
            4, 
            4, 
            6, 
            3, 
            3, 
            7, 
            0, 
            3, 
            7, 
            8, 
            9, 
            4, 
            5, 
            1, 
            1, 
            2, 
            2, 
            4, 
            7
        ]
    }, 
    "11": {
        "silhouette_score": 0.11642075401637597, 
        "labels": [
            0, 
            9, 
            0, 
            4, 
            4, 
            5, 
            3, 
            6, 
            2, 
            0, 
            6, 
            2, 
            7, 
            10, 
            4, 
            8, 
            1, 
            1, 
            9, 
            9, 
            4, 
            2
        ]
    }, 
    "12": {
        "silhouette_score": 0.097810715662668912, 
        "labels": [
            9, 
            4, 
            9, 
            9, 
            2, 
            8, 
            4, 
            5, 
            3, 
            9, 
            5, 
            0, 
            7, 
            10, 
            2, 
            11, 
            6, 
            6, 
            4, 
            1, 
            2, 
            0
        ]
    }, 
    "13": {
        "silhouette_score": 0.091747488666901064, 
        "labels": [
            12, 
            0, 
            2, 
            2, 
            10, 
            7, 
            5, 
            4, 
            1, 
            2, 
            4, 
            11, 
            9, 
            8, 
            10, 
            6, 
            3, 
            3, 
            0, 
            0, 
            10, 
            11
        ]
    }, 
    "14": {
        "silhouette_score": 0.082808503143974199, 
        "labels": [
            11, 
            7, 
            2, 
            3, 
            3, 
            10, 
            4, 
            13, 
            0, 
            2, 
            13, 
            9, 
            8, 
            5, 
            12, 
            6, 
            1, 
            1, 
            7, 
            7, 
            12, 
            9
        ]
    }, 
    "15": {
        "silhouette_score": 0.042058202009751522, 
        "labels": [
            13, 
            2, 
            0, 
            0, 
            0, 
            5, 
            2, 
            4, 
            7, 
            0, 
            8, 
            6, 
            3, 
            11, 
            12, 
            10, 
            1, 
            14, 
            9, 
            9, 
            12, 
            6
        ]
    }, 
    "16": {
        "silhouette_score": 0.068273548823944263, 
        "labels": [
            1, 
            14, 
            6, 
            2, 
            2, 
            8, 
            9, 
            13, 
            15, 
            6, 
            5, 
            4, 
            12, 
            0, 
            7, 
            11, 
            3, 
            3, 
            14, 
            10, 
            7, 
            4
        ]
    }, 
    "17": {
        "silhouette_score": 0.030616091489560227, 
        "labels": [
            1, 
            3, 
            5, 
            5, 
            5, 
            0, 
            15, 
            7, 
            4, 
            16, 
            10, 
            11, 
            9, 
            8, 
            12, 
            6, 
            2, 
            14, 
            3, 
            13, 
            12, 
            11
        ]
    }, 
    "18": {
        "silhouette_score": 0.026350114234710408, 
        "labels": [
            2, 
            1, 
            16, 
            16, 
            7, 
            13, 
            8, 
            4, 
            0, 
            9, 
            14, 
            6, 
            5, 
            11, 
            12, 
            10, 
            15, 
            3, 
            1, 
            17, 
            12, 
            6
        ]
    }, 
    "19": {
        "silhouette_score": 0.018375159646146146,