{
    "2": {
        "silhouette_score": 0.67770382195308443, 
        "labels": [
            0, 
            0, 
            0, 
            1, 
            0, 
            0
        ]
    }, 
    "3": {
        "silhouette_score": 0.21963781794914508, 
        "labels": [
            2, 
            0, 
            0, 
            1, 
            0, 
            0
        ]
    }, 
    "4": {
        "silhouette_score": 0.28902121673192932, 
        "labels": [
            3, 
            0, 
            2, 
            1, 
            2, 
            2
        ]
    }, 
    "5": {
        "silhouette_score": 0.078400375737882319, 
        "labels": [
            3, 
            2, 
            4, 
            1, 
            0, 
            0
        ]
    }
}