{
    "2": {
        "silhouette_score": 0.31644240067259377, 
        "labels": [
            0, 
            1, 
            0, 
            0, 
            1, 
            1, 
            0, 
            0
        ]
    }, 
    "3": {
        "silhouette_score": 0.37694668591180602, 
        "labels": [
            1, 
            0, 
            2, 
            1, 
            0, 
            0, 
            1, 
            1
        ]
    }, 
    "4": {
        "silhouette_score": 0.31492937234598239, 
        "labels": [
            1, 
            0, 
            2, 
            3, 
            0, 
            0, 
            1, 
            1
        ]
    }, 
    "5": {
        "silhouette_score": 0.31372963874467158, 
        "labels": [
            0, 
            1, 
            2, 
            3, 
            4, 
            1, 
            0, 
            0
        ]
    }, 
    "6": {
        "silhouette_score": 0.24952323152708331, 
        "labels": [
            3, 
            1, 
            2, 
            5, 
            4, 
            1, 
            3, 
            0
        ]
    }, 
    "7": {
        "silhouette_score": 0.17972612927338086, 
        "labels": [
            6, 
            1, 
            2, 
            5, 
            4, 
            1, 
            3, 
            0
        ]
    }
}