{
    "2": {
        "silhouette_score": 0.059733802667666126, 
        "labels": [
            1, 
            1, 
            1, 
            0, 
            1, 
            1, 
            1, 
            1
        ]
    }, 
    "3": {
        "silhouette_score": 0.097072651669818877, 
        "labels": [
            0, 
            1, 
            1, 
            1, 
            0, 
            1, 
            1, 
            2
        ]
    }, 
    "4": {
        "silhouette_score": 0.11541434850880131, 
        "labels": [
            1, 
            3, 
            2, 
            0, 
            3, 
            3, 
            0, 
            1
        ]
    }, 
    "5": {
        "silhouette_score": 0.024275199235971157, 
        "labels": [
            2, 
            1, 
            4, 
            3, 
            1, 
            1, 
            0, 
            2
        ]
    }, 
    "6": {
        "silhouette_score": 0.011408931291554285, 
        "labels": [
            4, 
            5, 
            1, 
            2, 
            0, 
            0, 
            5, 
            3
        ]
    }, 
    "7": {
        "silhouette_score": -0.0021791543060364787, 
        "labels": [
            2, 
            6, 
            0, 
            3, 
            5, 
            4, 
            1, 
            2
        ]
    }
}