{
    "2": {
        "silhouette_score": 0.50305116072105682, 
        "labels": [
            0, 
            0, 
            1, 
            1, 
            1, 
            0, 
            0, 
            1, 
            1
        ]
    }, 
    "3": {
        "silhouette_score": 0.39636136450818321, 
        "labels": [
            0, 
            2, 
            1, 
            1, 
            1, 
            0, 
            0, 
            1, 
            1
        ]
    }, 
    "4": {
        "silhouette_score": 0.20167487405658593, 
        "labels": [
            1, 
            2, 
            3, 
            3, 
            0, 
            1, 
            2, 
            0, 
            0
        ]
    }, 
    "5": {
        "silhouette_score": 0.060890282688747695, 
        "labels": [
            2, 
            1, 
            0, 
            0, 
            0, 
            3, 
            1, 
            4, 
            0
        ]
    }, 
    "6": {
        "silhouette_score": 0.074675908812699629, 
        "labels": [
            3, 
            4, 
            0, 
            0, 
            5, 
            2, 
            1, 
            0, 
            0
        ]
    }, 
    "7": {
        "silhouette_score": 0.06768816447456473, 
        "labels": [
            4, 
            3, 
            1, 
            1, 
            5, 
            0, 
            2, 
            6, 
            1
        ]
    }, 
    "8": {
        "silhouette_score": 0.057766924740936226, 
        "labels": [
            5, 
            4, 
            3, 
            3, 
            0, 
            1, 
            2, 
            6, 
            7
        ]
    }
}