{
    "2": {
        "silhouette_score": 0.11195204857383992, 
        "labels": [
            1, 
            0, 
            1, 
            0, 
            0, 
            0, 
            1, 
            0, 
            1
        ]
    }, 
    "3": {
        "silhouette_score": 0.11010828869705828, 
        "labels": [
            0, 
            1, 
            0, 
            2, 
            2, 
            1, 
            2, 
            2, 
            2
        ]
    }, 
    "4": {
        "silhouette_score": 0.10123142167242728, 
        "labels": [
            1, 
            0, 
            1, 
            2, 
            2, 
            0, 
            3, 
            2, 
            3
        ]
    }, 
    "5": {
        "silhouette_score": 0.072297527586965449, 
        "labels": [
            2, 
            4, 
            2, 
            3, 
            3, 
            0, 
            1, 
            3, 
            1
        ]
    }, 
    "6": {
        "silhouette_score": 0.058998988604793058, 
        "labels": [
            1, 
            0, 
            1, 
            4, 
            4, 
            5, 
            2, 
            4, 
            3
        ]
    }, 
    "7": {
        "silhouette_score": 0.037981642549167104, 
        "labels": [
            4, 
            0, 
            5, 
            1, 
            1, 
            2, 
            3, 
            1, 
            6
        ]
    }, 
    "8": {
        "silhouette_score": 0.021512693322537399, 
        "labels": [
            5, 
            3, 
            6, 
            2, 
            4, 
            0, 
            1, 
            4, 
            7
        ]
    }
}