{
    "2": {
        "silhouette_score": 0.37828965647969953, 
        "labels": [
            1, 
            1, 
            1, 
            0, 
            1, 
            1, 
            0, 
            0
        ]
    }, 
    "3": {
        "silhouette_score": 0.28911799283565809, 
        "labels": [
            2, 
            2, 
            0, 
            1, 
            2, 
            0, 
            1, 
            1
        ]
    }, 
    "4": {
        "silhouette_score": 0.20910718965906644, 
        "labels": [
            3, 
            3, 
            2, 
            1, 
            0, 
            2, 
            1, 
            1
        ]
    }, 
    "5": {
        "silhouette_score": 0.15210140296233046, 
        "labels": [
            3, 
            4, 
            0, 
            1, 
            2, 
            0, 
            1, 
            1
        ]
    }, 
    "6": {
        "silhouette_score": 0.076844188109451081, 
        "labels": [
            1, 
            0, 
            4, 
            3, 
            5, 
            4, 
            2, 
            2
        ]
    }, 
    "7": {
        "silhouette_score": 0.053477705102430113, 
        "labels": [
            1, 
            6, 
            2, 
            3, 
            4, 
            2, 
            5, 
            0
        ]
    }
}