{
    "2": {
        "silhouette_score": 0.41962962542112542, 
        "labels": [
            0, 
            1, 
            0, 
            1, 
            0, 
            0
        ]
    }, 
    "3": {
        "silhouette_score": 0.2614559434897808, 
        "labels": [
            0, 
            1, 
            2, 
            1, 
            2, 
            2
        ]
    }, 
    "4": {
        "silhouette_score": 0.16288998902998633, 
        "labels": [
            3, 
            2, 
            1, 
            0, 
            1, 
            1
        ]
    }, 
    "5": {
        "silhouette_score": 0.087302761626822309, 
        "labels": [
            0, 
            3, 
            2, 
            1, 
            4, 
            2
        ]
    }
}