{
    "2": {
        "silhouette_score": 0.24434584569863141, 
        "labels": [
            0, 
            1, 
            1, 
            1, 
            1, 
            0, 
            1, 
            1, 
            0, 
            0, 
            1, 
            1, 
            1, 
            1, 
            0, 
            1, 
            1
        ]
    }, 
    "3": {
        "silhouette_score": 0.15662246685265083, 
        "labels": [
            0, 
            2, 
            2, 
            0, 
            0, 
            1, 
            2, 
            2, 
            0, 
            1, 
            2, 
            0, 
            0, 
            0, 
            0, 
            2, 
            0
        ]
    }, 
    "4": {
        "silhouette_score": 0.14129173904001577, 
        "labels": [
            1, 
            0, 
            2, 
            1, 
            0, 
            3, 
            2, 
            2, 
            1, 
            3, 
            2, 
            1, 
            1, 
            1, 
            3, 
            2, 
            2
        ]
    }, 
    "5": {
        "silhouette_score": 0.11957642088976221, 
        "labels": [
            1, 
            4, 
            2, 
            2, 
            3, 
            1, 
            2, 
            2, 
            1, 
            1, 
            0, 
            2, 
            2, 
            2, 
            1, 
            2, 
            2
        ]
    }, 
    "6": {
        "silhouette_score": 0.11303661097564688, 
        "labels": [
            5, 
            1, 
            0, 
            3, 
            1, 
            2, 
            4, 
            4, 
            5, 
            2, 
            4, 
            3, 
            3, 
            3, 
            5, 
            4, 
            3
        ]
    }, 
    "7": {
        "silhouette_score": 0.14881590163366351, 
        "labels": [
            1, 
            0, 
            4, 
            4, 
            6, 
            2, 
            3, 
            3, 
            1, 
            2, 
            3, 
            4, 
            4, 
            1, 
            1, 
            5, 
            4
        ]
    }, 
    "8": {
        "silhouette_score": 0.10260682568462827, 
        "labels": [
            0, 
            2, 
            4, 
            0, 
            5, 
            6, 
            1, 
            1, 
            0, 
            3, 
            7, 
            4, 
            4, 
            0, 
            0, 
            1, 
            4
        ]
    }, 
    "9": {
        "silhouette_score": 0.11298909922867398, 
        "labels": [
            1, 
            6, 
            0, 
            1, 
            3, 
            8, 
            4, 
            4, 
            2, 
            5, 
            1, 
            1, 
            0, 
            1, 
            2, 
            7, 
            0
        ]
    }, 
    "10": {
        "silhouette_score": 0.0870765867279263, 
        "labels": [
            4, 
            6, 
            3, 
            3, 
            7, 
            8, 
            1, 
            1, 
            5, 
            2, 
            9, 
            0, 
            3, 
            4, 
            5, 
            3, 
            3
        ]
    }, 
    "11": {
        "silhouette_score": -0.0066445455482467266, 
        "labels": [
            2, 
            6, 
            5, 
            0, 
            3, 
            4, 
            9, 
            1, 
            2, 
            8, 
            10, 
            7, 
            7, 
            2, 
            2, 
            1, 
            7
        ]
    }, 
    "12": {
        "silhouette_score": 0.072795028428467773, 
        "labels": [
            2, 
            6, 
            0, 
            2, 
            3, 
            1, 
            4, 
            11, 
            8, 
            7, 
            5, 
            0, 
            0, 
            2, 
            10, 
            9, 
            0
        ]
    }, 
    "13": {
        "silhouette_score": 0.047662367399309812, 
        "labels": [
            12, 
            3, 
            1, 
            5, 
            11, 
            10, 
            6, 
            6, 
            8, 
            9, 
            4, 
            5, 
            5, 
            0, 
            2, 
            7, 
            5
        ]
    }, 
    "14": {
        "silhouette_score": 0.044466693175378109, 
        "labels": [
            12, 
            5, 
            3, 
            7, 
            4, 
            6, 
            8, 
            2, 
            11, 
            10, 
            1, 
            13, 
            3, 
            7, 
            0, 
            9, 
            3
        ]
    }, 
    "15": {
        "silhouette_score": 0.04147628251534418, 
        "labels": [
            13, 
            9, 
            1, 
            14, 
            2, 
            5, 
            3, 
            12, 
            10, 
            8, 
            4, 
            11, 
            1, 
            7, 
            0, 
            6, 
            1
        ]
    }, 
    "16": {
        "silhouette_score": 0.039017112852206388, 
        "labels": [
            14, 
            10, 
            15, 
            13, 
            3, 
            1, 
            11, 
            5, 
            8, 
            9, 
            4, 
            12, 
            0, 
            7, 
            2, 
            6, 
            0
        ]
    }
}