{
    "2": {
        "silhouette_score": 0.45444815637578923, 
        "labels": [
            1, 
            1, 
            0, 
            0, 
            0, 
            1, 
            0, 
            0
        ]
    }, 
    "3": {
        "silhouette_score": 0.22000227189136159, 
        "labels": [
            0, 
            0, 
            2, 
            1, 
            1, 
            0, 
            1, 
            1
        ]
    }, 
    "4": {
        "silhouette_score": 0.16346666996928078, 
        "labels": [
            1, 
            1, 
            2, 
            3, 
            0, 
            1, 
            3, 
            3
        ]
    }, 
    "5": {
        "silhouette_score": 0.14770338440315459, 
        "labels": [
            0, 
            2, 
            3, 
            1, 
            4, 
            0, 
            1, 
            1
        ]
    }, 
    "6": {
        "silhouette_score": 0.18452282683152352, 
        "labels": [
            2, 
            0, 
            3, 
            1, 
            4, 
            2, 
            1, 
            5
        ]
    }, 
    "7": {
        "silhouette_score": 0.096262032307118384, 
        "labels": [
            1, 
            5, 
            2, 
            0, 
            3, 
            1, 
            6, 
            4
        ]
    }
}