{
    "2": {
        "silhouette_score": 0.38005325009792507, 
        "labels": [
            0, 
            1, 
            0, 
            1, 
            0, 
            0
        ]
    }, 
    "3": {
        "silhouette_score": 0.2728456676197476, 
        "labels": [
            1, 
            0, 
            1, 
            2, 
            1, 
            1
        ]
    }, 
    "4": {
        "silhouette_score": 0.10793219801997293, 
        "labels": [
            0, 
            2, 
            3, 
            1, 
            3, 
            3
        ]
    }, 
    "5": {
        "silhouette_score": 0.16270243293663023, 
        "labels": [
            0, 
            2, 
            3, 
            1, 
            4, 
            3
        ]
    }
}