{
    "2": {
        "silhouette_score": 0.427720981082651, 
        "labels": [
            1, 
            1, 
            1, 
            0, 
            1, 
            1
        ]
    }, 
    "3": {
        "silhouette_score": 0.21063485096435886, 
        "labels": [
            1, 
            0, 
            1, 
            2, 
            0, 
            1
        ]
    }, 
    "4": {
        "silhouette_score": 0.28402057478155074, 
        "labels": [
            0, 
            2, 
            3, 
            1, 
            2, 
            0
        ]
    }, 
    "5": {
        "silhouette_score": 0.15457383139183947, 
        "labels": [
            2, 
            1, 
            3, 
            0, 
            4, 
            2
        ]
    }
}